
[2026-06-24 12:14:50] Starting benchmark suite
[2026-06-24 12:14:50] Backends: Brian2GeNN (GPU)
[2026-06-24 12:14:50] t_run values: [0.1, 1.0, 10.0, 100.0]s
[2026-06-24 12:14:50] n_run values: [1, 4, 8, 16, 32]
[2026-06-24 12:14:50] rounds: 1
[2026-06-24 12:14:50] round start: 1
[2026-06-24 12:14:50] run label: nature_2026_05_noio
[2026-06-24 12:14:50] spike probing/output: disabled
[2026-06-24 12:14:50] Log file: data/results/nature_2026_05_noio_brian2genn.log
[2026-06-24 12:14:50] Experiment: Sugar GRNs (200 Hz)
[2026-06-24 12:14:50] Stimulated neurons: 21 at 200.0 Hz
[2026-06-24 12:14:50] Benchmark rounds: 1
[2026-06-24 12:14:50] Run label: nature_2026_05_noio

[2026-06-24 12:14:50] >>> Starting backend 1/1: Brian2GeNN (GPU)

================================================================================
[2026-06-24 12:14:52] BENCHMARK SUITE: Brian2GeNN (GPU)
================================================================================
[2026-06-24 12:14:52] Device: GPU (Brian2GeNN)
[2026-06-24 12:14:52] t_run values: [0.1, 1.0, 10.0, 100.0] seconds
[2026-06-24 12:14:52] n_run values: [1, 4, 8, 16, 32]
[2026-06-24 12:14:52] Run label: nature_2026_05_noio
[2026-06-24 12:14:52] Round: 1
[2026-06-24 12:14:52] Total benchmarks: 20
================================================================================

================================================================================
[2026-06-24 12:14:52] [1/20] BENCHMARK: t_run=0.1s, n_run=1
================================================================================
[2026-06-24 12:14:52] Device: GPU (Brian2GeNN)
[2026-06-24 12:14:52] Experiment: brian2genn_t0.1s_n1
[2026-06-24 12:14:52] Spike probing/output: disabled
[2026-06-24 12:14:52] Run label: nature_2026_05_noio
[2026-06-24 12:14:52] Round: 1
[2026-06-24 12:14:52] Running 1 independent Brian2GeNN trial(s); Brian2GeNN rebuilds for each trial.

[2026-06-24 12:14:52]   Trial 1/1: build/run start
[2026-06-24 12:14:52] ID mapping:         0.047s
[2026-06-24 12:14:52] Creating network...
[2026-06-24 12:14:53]   Data loading:     0.377s
[2026-06-24 12:14:53]   Neuron creation:  0.016s
[2026-06-24 12:14:53]   Synapse creation: 0.458s
[2026-06-24 12:14:53]   Poisson inputs:   0.002s
[2026-06-24 12:14:53]   Total network:    0.889s
[2026-06-24 12:14:53] Building and running Brian2GeNN/GeNN CUDA executable...
[2026-06-24 12:15:23]   Build/codegen wall: 30.777s
[2026-06-24 12:15:23]   First run time:     0.081s
[2026-06-24 12:15:23]   First extraction:   0.000s
[2026-06-24 12:15:23]   Trial 1/1: sim 0.081s, build 30.777s, spikes 0
[2026-06-24 12:15:23]   Total simulation: 0.081s
[2026-06-24 12:15:23]   Spike extraction: 0.000s
[2026-06-24 12:15:23]   Avg per trial:    0.081s
[2026-06-24 12:15:23] Collecting results...
[2026-06-24 12:15:23]   Spike probing/output disabled; no parquet written
[2026-06-24 12:15:23]   Collection:       0.000s
[2026-06-24 12:15:23]   Save to file:     0.000s

------------------------------------------------------------
[2026-06-24 12:15:23] TIMING SUMMARY
------------------------------------------------------------
[2026-06-24 12:15:23]   Network creation:        0.889s
[2026-06-24 12:15:23]   Device build:           30.777s
[2026-06-24 12:15:23]   Simulation:              0.081s
[2026-06-24 12:15:23]   Spike extraction:        0.000s
[2026-06-24 12:15:23]   Result processing:       0.000s
[2026-06-24 12:15:23]   -----------------------------------------
[2026-06-24 12:15:23]   TOTAL ELAPSED:          31.795s

[2026-06-24 12:15:23]   Simulated time:            0.1s (1 x 0.1s)
[2026-06-24 12:15:23]   Realtime ratio (sim only):  1.230x
[2026-06-24 12:15:23]   Realtime ratio (total):     0.003x

[2026-06-24 12:15:23]   Active neurons:              0
[2026-06-24 12:15:23]   Total spikes:                0
------------------------------------------------------------

================================================================================
[2026-06-24 12:15:23] [2/20] BENCHMARK: t_run=1.0s, n_run=1
================================================================================
[2026-06-24 12:15:23] Device: GPU (Brian2GeNN)
[2026-06-24 12:15:23] Experiment: brian2genn_t1.0s_n1
[2026-06-24 12:15:23] Spike probing/output: disabled
[2026-06-24 12:15:23] Run label: nature_2026_05_noio
[2026-06-24 12:15:23] Round: 1
[2026-06-24 12:15:23] Running 1 independent Brian2GeNN trial(s); Brian2GeNN rebuilds for each trial.

[2026-06-24 12:15:23]   Trial 1/1: build/run start
[2026-06-24 12:15:23] ID mapping:         0.042s
[2026-06-24 12:15:23] Creating network...
[2026-06-24 12:15:24]   Data loading:     0.334s
[2026-06-24 12:15:24]   Neuron creation:  0.005s
[2026-06-24 12:15:24]   Synapse creation: 0.329s
[2026-06-24 12:15:24]   Poisson inputs:   0.001s
[2026-06-24 12:15:24]   Total network:    0.702s
[2026-06-24 12:15:24] Building and running Brian2GeNN/GeNN CUDA executable...
[2026-06-24 12:15:54]   Build/codegen wall: 29.938s
[2026-06-24 12:15:54]   First run time:     1.194s
[2026-06-24 12:15:54]   First extraction:   0.000s
[2026-06-24 12:15:54]   Trial 1/1: sim 1.194s, build 29.938s, spikes 0
[2026-06-24 12:15:54]   Total simulation: 1.194s
[2026-06-24 12:15:54]   Spike extraction: 0.000s
[2026-06-24 12:15:54]   Avg per trial:    1.194s
[2026-06-24 12:15:54] Collecting results...
[2026-06-24 12:15:54]   Spike probing/output disabled; no parquet written
[2026-06-24 12:15:54]   Collection:       0.000s
[2026-06-24 12:15:54]   Save to file:     0.000s

------------------------------------------------------------
[2026-06-24 12:15:54] TIMING SUMMARY
------------------------------------------------------------
[2026-06-24 12:15:54]   Network creation:        0.702s
[2026-06-24 12:15:54]   Device build:           29.938s
[2026-06-24 12:15:54]   Simulation:              1.194s
[2026-06-24 12:15:54]   Spike extraction:        0.000s
[2026-06-24 12:15:54]   Result processing:       0.000s
[2026-06-24 12:15:54]   -----------------------------------------
[2026-06-24 12:15:54]   TOTAL ELAPSED:          31.876s

[2026-06-24 12:15:54]   Simulated time:            1.0s (1 x 1.0s)
[2026-06-24 12:15:54]   Realtime ratio (sim only):  0.838x
[2026-06-24 12:15:54]   Realtime ratio (total):     0.031x

[2026-06-24 12:15:54]   Active neurons:              0
[2026-06-24 12:15:54]   Total spikes:                0
------------------------------------------------------------

================================================================================
[2026-06-24 12:15:54] [3/20] BENCHMARK: t_run=10.0s, n_run=1
================================================================================
[2026-06-24 12:15:54] Device: GPU (Brian2GeNN)
[2026-06-24 12:15:54] Experiment: brian2genn_t10.0s_n1
[2026-06-24 12:15:54] Spike probing/output: disabled
[2026-06-24 12:15:54] Run label: nature_2026_05_noio
[2026-06-24 12:15:54] Round: 1
[2026-06-24 12:15:54] Running 1 independent Brian2GeNN trial(s); Brian2GeNN rebuilds for each trial.

[2026-06-24 12:15:54]   Trial 1/1: build/run start
[2026-06-24 12:15:54] ID mapping:         0.036s
[2026-06-24 12:15:54] Creating network...
[2026-06-24 12:15:55]   Data loading:     0.310s
[2026-06-24 12:15:55]   Neuron creation:  0.004s
[2026-06-24 12:15:55]   Synapse creation: 0.328s
[2026-06-24 12:15:55]   Poisson inputs:   0.001s
[2026-06-24 12:15:55]   Total network:    0.678s
[2026-06-24 12:15:55] Building and running Brian2GeNN/GeNN CUDA executable...
[2026-06-24 12:16:36]   Build/codegen wall: 30.593s
[2026-06-24 12:16:36]   First run time:     12.323s
[2026-06-24 12:16:36]   First extraction:   0.000s
[2026-06-24 12:16:36]   Trial 1/1: sim 12.323s, build 30.593s, spikes 0
[2026-06-24 12:16:36]   Total simulation: 12.323s
[2026-06-24 12:16:36]   Spike extraction: 0.000s
[2026-06-24 12:16:36]   Avg per trial:    12.323s
[2026-06-24 12:16:36] Collecting results...
[2026-06-24 12:16:36]   Spike probing/output disabled; no parquet written
[2026-06-24 12:16:36]   Collection:       0.000s
[2026-06-24 12:16:36]   Save to file:     0.000s

------------------------------------------------------------
[2026-06-24 12:16:36] TIMING SUMMARY
------------------------------------------------------------
[2026-06-24 12:16:36]   Network creation:        0.678s
[2026-06-24 12:16:36]   Device build:           30.593s
[2026-06-24 12:16:36]   Simulation:             12.323s
[2026-06-24 12:16:36]   Spike extraction:        0.000s
[2026-06-24 12:16:36]   Result processing:       0.000s
[2026-06-24 12:16:36]   -----------------------------------------
[2026-06-24 12:16:36]   TOTAL ELAPSED:          43.630s

[2026-06-24 12:16:36]   Simulated time:           10.0s (1 x 10.0s)
[2026-06-24 12:16:36]   Realtime ratio (sim only):  0.811x
[2026-06-24 12:16:36]   Realtime ratio (total):     0.229x

[2026-06-24 12:16:36]   Active neurons:              0
[2026-06-24 12:16:36]   Total spikes:                0
------------------------------------------------------------

================================================================================
[2026-06-24 12:16:36] [4/20] BENCHMARK: t_run=100.0s, n_run=1
================================================================================
[2026-06-24 12:16:36] Device: GPU (Brian2GeNN)
[2026-06-24 12:16:36] Experiment: brian2genn_t100.0s_n1
[2026-06-24 12:16:36] Spike probing/output: disabled
[2026-06-24 12:16:36] Run label: nature_2026_05_noio
[2026-06-24 12:16:36] Round: 1
[2026-06-24 12:16:36] Running 1 independent Brian2GeNN trial(s); Brian2GeNN rebuilds for each trial.

[2026-06-24 12:16:36]   Trial 1/1: build/run start
[2026-06-24 12:16:36] ID mapping:         0.035s
[2026-06-24 12:16:36] Creating network...
[2026-06-24 12:16:37]   Data loading:     0.300s
[2026-06-24 12:16:37]   Neuron creation:  0.004s
[2026-06-24 12:16:37]   Synapse creation: 0.339s
[2026-06-24 12:16:37]   Poisson inputs:   0.001s
[2026-06-24 12:16:37]   Total network:    0.680s
[2026-06-24 12:16:37] Building and running Brian2GeNN/GeNN CUDA executable...
[2026-06-24 12:19:09]   Build/codegen wall: 33.724s
[2026-06-24 12:19:09]   First run time:     123.436s
[2026-06-24 12:19:09]   First extraction:   0.000s
[2026-06-24 12:19:09]   Trial 1/1: sim 123.436s, build 33.724s, spikes 0
[2026-06-24 12:19:09]   Total simulation: 123.436s
[2026-06-24 12:19:09]   Spike extraction: 0.000s
[2026-06-24 12:19:09]   Avg per trial:    123.436s
[2026-06-24 12:19:09] Collecting results...
[2026-06-24 12:19:09]   Spike probing/output disabled; no parquet written
[2026-06-24 12:19:09]   Collection:       0.000s
[2026-06-24 12:19:09]   Save to file:     0.000s

------------------------------------------------------------
[2026-06-24 12:19:09] TIMING SUMMARY
------------------------------------------------------------
[2026-06-24 12:19:09]   Network creation:        0.680s
[2026-06-24 12:19:09]   Device build:           33.724s
[2026-06-24 12:19:09]   Simulation:            123.436s
[2026-06-24 12:19:09]   Spike extraction:        0.000s
[2026-06-24 12:19:09]   Result processing:       0.000s
[2026-06-24 12:19:09]   -----------------------------------------
[2026-06-24 12:19:09]   TOTAL ELAPSED:         157.875s

[2026-06-24 12:19:09]   Simulated time:          100.0s (1 x 100.0s)
[2026-06-24 12:19:09]   Realtime ratio (sim only):  0.810x
[2026-06-24 12:19:09]   Realtime ratio (total):     0.633x

[2026-06-24 12:19:09]   Active neurons:              0
[2026-06-24 12:19:09]   Total spikes:                0
------------------------------------------------------------

================================================================================
[2026-06-24 12:19:09] [5/20] BENCHMARK: t_run=0.1s, n_run=4
================================================================================
[2026-06-24 12:19:09] Device: GPU (Brian2GeNN)
[2026-06-24 12:19:09] Experiment: brian2genn_t0.1s_n4
[2026-06-24 12:19:09] Spike probing/output: disabled
[2026-06-24 12:19:09] Run label: nature_2026_05_noio
[2026-06-24 12:19:09] Round: 1
[2026-06-24 12:19:09] Running 4 independent Brian2GeNN trial(s); Brian2GeNN rebuilds for each trial.

[2026-06-24 12:19:09]   Trial 1/4: build/run start
[2026-06-24 12:19:09] ID mapping:         0.035s
[2026-06-24 12:19:09] Creating network...
[2026-06-24 12:19:09]   Data loading:     0.309s
[2026-06-24 12:19:09]   Neuron creation:  0.005s
[2026-06-24 12:19:09]   Synapse creation: 0.334s
[2026-06-24 12:19:09]   Poisson inputs:   0.001s
[2026-06-24 12:19:09]   Total network:    0.685s
[2026-06-24 12:19:09] Building and running Brian2GeNN/GeNN CUDA executable...
[2026-06-24 12:19:38]   Build/codegen wall: 29.255s
[2026-06-24 12:19:38]   First run time:     0.081s
[2026-06-24 12:19:38]   First extraction:   0.000s
[2026-06-24 12:19:38]   Trial 1/4: sim 0.081s, build 29.255s, spikes 0

[2026-06-24 12:19:38]   Trial 2/4: build/run start
[2026-06-24 12:19:38] ID mapping:         0.039s
[2026-06-24 12:19:38] Creating network...
[2026-06-24 12:19:38]   Data loading:     0.318s
[2026-06-24 12:19:38]   Neuron creation:  0.005s
[2026-06-24 12:19:38]   Synapse creation: 0.336s
[2026-06-24 12:19:38]   Poisson inputs:   0.001s
[2026-06-24 12:19:38]   Total network:    0.695s
[2026-06-24 12:19:38] Building and running Brian2GeNN/GeNN CUDA executable...
[2026-06-24 12:20:07]   Build/codegen wall: 29.188s
[2026-06-24 12:20:07]   First run time:     0.082s
[2026-06-24 12:20:07]   First extraction:   0.000s
[2026-06-24 12:20:07]   Trial 2/4: sim 0.082s, build 29.188s, spikes 0

[2026-06-24 12:20:07]   Trial 3/4: build/run start
[2026-06-24 12:20:07] ID mapping:         0.039s
[2026-06-24 12:20:07] Creating network...
[2026-06-24 12:20:07]   Data loading:     0.307s
[2026-06-24 12:20:07]   Neuron creation:  0.004s
[2026-06-24 12:20:07]   Synapse creation: 0.327s
[2026-06-24 12:20:07]   Poisson inputs:   0.001s
[2026-06-24 12:20:07]   Total network:    0.675s
[2026-06-24 12:20:07] Building and running Brian2GeNN/GeNN CUDA executable...
[2026-06-24 12:20:36]   Build/codegen wall: 29.582s
[2026-06-24 12:20:36]   First run time:     0.081s
[2026-06-24 12:20:36]   First extraction:   0.000s
[2026-06-24 12:20:36]   Trial 3/4: sim 0.081s, build 29.582s, spikes 0

[2026-06-24 12:20:36]   Trial 4/4: build/run start
[2026-06-24 12:20:36] ID mapping:         0.038s
[2026-06-24 12:20:36] Creating network...
[2026-06-24 12:20:37]   Data loading:     0.324s
[2026-06-24 12:20:37]   Neuron creation:  0.005s
[2026-06-24 12:20:37]   Synapse creation: 0.349s
[2026-06-24 12:20:37]   Poisson inputs:   0.001s
[2026-06-24 12:20:37]   Total network:    0.715s
[2026-06-24 12:20:37] Building and running Brian2GeNN/GeNN CUDA executable...
[2026-06-24 12:21:06]   Build/codegen wall: 30.255s
[2026-06-24 12:21:06]   First run time:     0.082s
[2026-06-24 12:21:06]   First extraction:   0.000s
[2026-06-24 12:21:06]   Trial 4/4: sim 0.082s, build 30.255s, spikes 0
[2026-06-24 12:21:06]   Total simulation: 0.326s
[2026-06-24 12:21:06]   Spike extraction: 0.000s
[2026-06-24 12:21:06]   Avg per trial:    0.082s
[2026-06-24 12:21:06] Collecting results...
[2026-06-24 12:21:06]   Spike probing/output disabled; no parquet written
[2026-06-24 12:21:06]   Collection:       0.000s
[2026-06-24 12:21:06]   Save to file:     0.000s

------------------------------------------------------------
[2026-06-24 12:21:06] TIMING SUMMARY
------------------------------------------------------------
[2026-06-24 12:21:06]   Network creation:        2.770s
[2026-06-24 12:21:06]   Device build:          118.281s
[2026-06-24 12:21:06]   Simulation:              0.326s
[2026-06-24 12:21:06]   Spike extraction:        0.000s
[2026-06-24 12:21:06]   Result processing:       0.000s
[2026-06-24 12:21:06]   -----------------------------------------
[2026-06-24 12:21:06]   TOTAL ELAPSED:         121.527s

[2026-06-24 12:21:06]   Simulated time:            0.4s (4 x 0.1s)
[2026-06-24 12:21:06]   Realtime ratio (sim only):  1.227x
[2026-06-24 12:21:06]   Realtime ratio (total):     0.003x

[2026-06-24 12:21:06]   Active neurons:              0
[2026-06-24 12:21:06]   Total spikes:                0
------------------------------------------------------------

================================================================================
[2026-06-24 12:21:06] [6/20] BENCHMARK: t_run=1.0s, n_run=4
================================================================================
[2026-06-24 12:21:06] Device: GPU (Brian2GeNN)
[2026-06-24 12:21:06] Experiment: brian2genn_t1.0s_n4
[2026-06-24 12:21:06] Spike probing/output: disabled
[2026-06-24 12:21:06] Run label: nature_2026_05_noio
[2026-06-24 12:21:06] Round: 1
[2026-06-24 12:21:06] Running 4 independent Brian2GeNN trial(s); Brian2GeNN rebuilds for each trial.

[2026-06-24 12:21:06]   Trial 1/4: build/run start
[2026-06-24 12:21:06] ID mapping:         0.033s
[2026-06-24 12:21:06] Creating network...
[2026-06-24 12:21:07]   Data loading:     0.301s
[2026-06-24 12:21:07]   Neuron creation:  0.004s
[2026-06-24 12:21:07]   Synapse creation: 0.332s
[2026-06-24 12:21:07]   Poisson inputs:   0.001s
[2026-06-24 12:21:07]   Total network:    0.673s
[2026-06-24 12:21:07] Building and running Brian2GeNN/GeNN CUDA executable...
[2026-06-24 12:21:37]   Build/codegen wall: 30.041s
[2026-06-24 12:21:37]   First run time:     1.197s
[2026-06-24 12:21:37]   First extraction:   0.000s
[2026-06-24 12:21:37]   Trial 1/4: sim 1.197s, build 30.041s, spikes 0

[2026-06-24 12:21:37]   Trial 2/4: build/run start
[2026-06-24 12:21:37] ID mapping:         0.037s
[2026-06-24 12:21:37] Creating network...
[2026-06-24 12:21:38]   Data loading:     0.307s
[2026-06-24 12:21:38]   Neuron creation:  0.005s
[2026-06-24 12:21:38]   Synapse creation: 0.350s
[2026-06-24 12:21:38]   Poisson inputs:   0.002s
[2026-06-24 12:21:38]   Total network:    0.698s
[2026-06-24 12:21:38] Building and running Brian2GeNN/GeNN CUDA executable...
[2026-06-24 12:22:16]   Build/codegen wall: 38.374s
[2026-06-24 12:22:16]   First run time:     1.201s
[2026-06-24 12:22:16]   First extraction:   0.000s
[2026-06-24 12:22:16]   Trial 2/4: sim 1.201s, build 38.374s, spikes 0

[2026-06-24 12:22:16]   Trial 3/4: build/run start
[2026-06-24 12:22:16] ID mapping:         0.187s
[2026-06-24 12:22:16] Creating network...
[2026-06-24 12:22:21]   Data loading:     1.796s
[2026-06-24 12:22:21]   Neuron creation:  0.020s
[2026-06-24 12:22:21]   Synapse creation: 2.368s
[2026-06-24 12:22:21]   Poisson inputs:   0.003s
[2026-06-24 12:22:21]   Total network:    4.262s
[2026-06-24 12:22:21] Building and running Brian2GeNN/GeNN CUDA executable...
[2026-06-24 12:23:55]   Build/codegen wall: 96.752s
[2026-06-24 12:23:55]   First run time:     1.203s
[2026-06-24 12:23:55]   First extraction:   0.000s
[2026-06-24 12:23:55]   Trial 3/4: sim 1.203s, build 96.752s, spikes 0

[2026-06-24 12:23:55]   Trial 4/4: build/run start
[2026-06-24 12:23:55] ID mapping:         0.044s
[2026-06-24 12:23:55] Creating network...
[2026-06-24 12:23:57]   Data loading:     0.388s
[2026-06-24 12:23:57]   Neuron creation:  0.006s
[2026-06-24 12:23:57]   Synapse creation: 0.917s
[2026-06-24 12:23:57]   Poisson inputs:   0.001s
[2026-06-24 12:23:57]   Total network:    1.347s
[2026-06-24 12:23:57] Building and running Brian2GeNN/GeNN CUDA executable...
[2026-06-24 12:26:06]   Build/codegen wall: 133.067s
[2026-06-24 12:26:06]   First run time:     1.194s
[2026-06-24 12:26:06]   First extraction:   0.000s
[2026-06-24 12:26:06]   Trial 4/4: sim 1.194s, build 133.067s, spikes 0
[2026-06-24 12:26:06]   Total simulation: 4.795s
[2026-06-24 12:26:06]   Spike extraction: 0.000s
[2026-06-24 12:26:06]   Avg per trial:    1.199s
[2026-06-24 12:26:06] Collecting results...
[2026-06-24 12:26:06]   Spike probing/output disabled; no parquet written
[2026-06-24 12:26:06]   Collection:       0.000s
[2026-06-24 12:26:06]   Save to file:     0.000s

------------------------------------------------------------
[2026-06-24 12:26:06] TIMING SUMMARY
------------------------------------------------------------
[2026-06-24 12:26:06]   Network creation:        6.981s
[2026-06-24 12:26:06]   Device build:          298.234s
[2026-06-24 12:26:06]   Simulation:              4.795s
[2026-06-24 12:26:06]   Spike extraction:        0.000s
[2026-06-24 12:26:06]   Result processing:       0.000s
[2026-06-24 12:26:06]   -----------------------------------------
[2026-06-24 12:26:06]   TOTAL ELAPSED:         310.311s

[2026-06-24 12:26:06]   Simulated time:            4.0s (4 x 1.0s)
[2026-06-24 12:26:06]   Realtime ratio (sim only):  0.834x
[2026-06-24 12:26:06]   Realtime ratio (total):     0.013x

[2026-06-24 12:26:06]   Active neurons:              0
[2026-06-24 12:26:06]   Total spikes:                0
------------------------------------------------------------

================================================================================
[2026-06-24 12:26:06] [7/20] BENCHMARK: t_run=10.0s, n_run=4
================================================================================
[2026-06-24 12:26:06] Device: GPU (Brian2GeNN)
[2026-06-24 12:26:06] Experiment: brian2genn_t10.0s_n4
[2026-06-24 12:26:06] Spike probing/output: disabled
[2026-06-24 12:26:06] Run label: nature_2026_05_noio
[2026-06-24 12:26:06] Round: 1
[2026-06-24 12:26:06] Running 4 independent Brian2GeNN trial(s); Brian2GeNN rebuilds for each trial.

[2026-06-24 12:26:06]   Trial 1/4: build/run start
[2026-06-24 12:26:06] ID mapping:         0.039s
[2026-06-24 12:26:06] Creating network...
[2026-06-24 12:26:07]   Data loading:     0.427s
[2026-06-24 12:26:07]   Neuron creation:  0.006s
[2026-06-24 12:26:07]   Synapse creation: 0.402s
[2026-06-24 12:26:07]   Poisson inputs:   0.001s
[2026-06-24 12:26:07]   Total network:    0.875s
[2026-06-24 12:26:07] Building and running Brian2GeNN/GeNN CUDA executable...
[2026-06-24 12:27:16]   Build/codegen wall: 59.606s
[2026-06-24 12:27:16]   First run time:     12.379s
[2026-06-24 12:27:16]   First extraction:   0.000s
[2026-06-24 12:27:16]   Trial 1/4: sim 12.379s, build 59.606s, spikes 0

[2026-06-24 12:27:16]   Trial 2/4: build/run start
[2026-06-24 12:27:16] ID mapping:         0.038s
[2026-06-24 12:27:16] Creating network...
[2026-06-24 12:27:17]   Data loading:     0.341s
[2026-06-24 12:27:17]   Neuron creation:  0.005s
[2026-06-24 12:27:17]   Synapse creation: 0.350s
[2026-06-24 12:27:17]   Poisson inputs:   0.001s
[2026-06-24 12:27:17]   Total network:    0.730s
[2026-06-24 12:27:17] Building and running Brian2GeNN/GeNN CUDA executable...
[2026-06-24 12:28:01]   Build/codegen wall: 32.799s
[2026-06-24 12:28:01]   First run time:     12.366s
[2026-06-24 12:28:01]   First extraction:   0.000s
[2026-06-24 12:28:01]   Trial 2/4: sim 12.366s, build 32.799s, spikes 0

[2026-06-24 12:28:01]   Trial 3/4: build/run start
[2026-06-24 12:28:01] ID mapping:         0.040s
[2026-06-24 12:28:01] Creating network...
[2026-06-24 12:28:01]   Data loading:     0.384s
[2026-06-24 12:28:01]   Neuron creation:  0.006s
[2026-06-24 12:28:01]   Synapse creation: 0.347s
[2026-06-24 12:28:01]   Poisson inputs:   0.001s
[2026-06-24 12:28:01]   Total network:    0.773s
[2026-06-24 12:28:01] Building and running Brian2GeNN/GeNN CUDA executable...
[2026-06-24 12:28:53]   Build/codegen wall: 41.890s
[2026-06-24 12:28:53]   First run time:     12.405s
[2026-06-24 12:28:53]   First extraction:   0.000s
[2026-06-24 12:28:53]   Trial 3/4: sim 12.405s, build 41.890s, spikes 0

[2026-06-24 12:28:53]   Trial 4/4: build/run start
[2026-06-24 12:28:54] ID mapping:         0.063s
[2026-06-24 12:28:54] Creating network...
[2026-06-24 12:28:55]   Data loading:     0.871s
[2026-06-24 12:28:55]   Neuron creation:  0.006s
[2026-06-24 12:28:55]   Synapse creation: 0.506s
[2026-06-24 12:28:55]   Poisson inputs:   0.002s
[2026-06-24 12:28:55]   Total network:    1.427s
[2026-06-24 12:28:55] Building and running Brian2GeNN/GeNN CUDA executable...
[2026-06-24 12:29:40]   Build/codegen wall: 34.345s
[2026-06-24 12:29:40]   First run time:     12.343s
[2026-06-24 12:29:40]   First extraction:   0.000s
[2026-06-24 12:29:41]   Trial 4/4: sim 12.343s, build 34.345s, spikes 0
[2026-06-24 12:29:41]   Total simulation: 49.494s
[2026-06-24 12:29:41]   Spike extraction: 0.000s
[2026-06-24 12:29:41]   Avg per trial:    12.373s
[2026-06-24 12:29:41] Collecting results...
[2026-06-24 12:29:41]   Spike probing/output disabled; no parquet written
[2026-06-24 12:29:41]   Collection:       0.000s
[2026-06-24 12:29:41]   Save to file:     0.000s

------------------------------------------------------------
[2026-06-24 12:29:41] TIMING SUMMARY
------------------------------------------------------------
[2026-06-24 12:29:41]   Network creation:        3.805s
[2026-06-24 12:29:41]   Device build:          168.640s
[2026-06-24 12:29:41]   Simulation:             49.494s
[2026-06-24 12:29:41]   Spike extraction:        0.000s
[2026-06-24 12:29:41]   Result processing:       0.000s
[2026-06-24 12:29:41]   -----------------------------------------
[2026-06-24 12:29:41]   TOTAL ELAPSED:         222.120s

[2026-06-24 12:29:41]   Simulated time:           40.0s (4 x 10.0s)
[2026-06-24 12:29:41]   Realtime ratio (sim only):  0.808x
[2026-06-24 12:29:41]   Realtime ratio (total):     0.180x

[2026-06-24 12:29:41]   Active neurons:              0
[2026-06-24 12:29:41]   Total spikes:                0
------------------------------------------------------------

================================================================================
[2026-06-24 12:29:41] [8/20] BENCHMARK: t_run=100.0s, n_run=4
================================================================================
[2026-06-24 12:29:41] Device: GPU (Brian2GeNN)
[2026-06-24 12:29:41] Experiment: brian2genn_t100.0s_n4
[2026-06-24 12:29:41] Spike probing/output: disabled
[2026-06-24 12:29:41] Run label: nature_2026_05_noio
[2026-06-24 12:29:41] Round: 1
[2026-06-24 12:29:41] Running 4 independent Brian2GeNN trial(s); Brian2GeNN rebuilds for each trial.

[2026-06-24 12:29:41]   Trial 1/4: build/run start
[2026-06-24 12:29:41] ID mapping:         0.069s
[2026-06-24 12:29:41] Creating network...
[2026-06-24 12:29:43]   Data loading:     0.812s
[2026-06-24 12:29:43]   Neuron creation:  0.006s
[2026-06-24 12:29:43]   Synapse creation: 1.399s
[2026-06-24 12:29:43]   Poisson inputs:   0.002s
[2026-06-24 12:29:43]   Total network:    2.282s
[2026-06-24 12:29:43] Building and running Brian2GeNN/GeNN CUDA executable...
[2026-06-24 12:32:30]   Build/codegen wall: 49.620s
[2026-06-24 12:32:30]   First run time:     123.960s
[2026-06-24 12:32:30]   First extraction:   0.000s
[2026-06-24 12:32:30]   Trial 1/4: sim 123.960s, build 49.620s, spikes 0

[2026-06-24 12:32:30]   Trial 2/4: build/run start
[2026-06-24 12:32:30] ID mapping:         0.038s
[2026-06-24 12:32:30] Creating network...
[2026-06-24 12:32:30]   Data loading:     0.340s
[2026-06-24 12:32:30]   Neuron creation:  0.005s
[2026-06-24 12:32:30]   Synapse creation: 0.356s
[2026-06-24 12:32:30]   Poisson inputs:   0.001s
[2026-06-24 12:32:30]   Total network:    0.735s
[2026-06-24 12:32:30] Building and running Brian2GeNN/GeNN CUDA executable...
[2026-06-24 12:35:04]   Build/codegen wall: 34.626s
[2026-06-24 12:35:04]   First run time:     124.440s
[2026-06-24 12:35:04]   First extraction:   0.000s
[2026-06-24 12:35:04]   Trial 2/4: sim 124.440s, build 34.626s, spikes 0

[2026-06-24 12:35:04]   Trial 3/4: build/run start
[2026-06-24 12:35:04] ID mapping:         0.038s
[2026-06-24 12:35:04] Creating network...
[2026-06-24 12:35:04]   Data loading:     0.322s
[2026-06-24 12:35:04]   Neuron creation:  0.004s
[2026-06-24 12:35:04]   Synapse creation: 0.341s
[2026-06-24 12:35:04]   Poisson inputs:   0.001s
[2026-06-24 12:35:04]   Total network:    0.703s
[2026-06-24 12:35:04] Building and running Brian2GeNN/GeNN CUDA executable...
[2026-06-24 12:37:37]   Build/codegen wall: 34.258s
[2026-06-24 12:37:37]   First run time:     123.805s
[2026-06-24 12:37:37]   First extraction:   0.000s
[2026-06-24 12:37:37]   Trial 3/4: sim 123.805s, build 34.258s, spikes 0

[2026-06-24 12:37:37]   Trial 4/4: build/run start
[2026-06-24 12:37:37] ID mapping:         0.035s
[2026-06-24 12:37:37] Creating network...
[2026-06-24 12:37:37]   Data loading:     0.314s
[2026-06-24 12:37:37]   Neuron creation:  0.004s
[2026-06-24 12:37:37]   Synapse creation: 0.328s
[2026-06-24 12:37:37]   Poisson inputs:   0.001s
[2026-06-24 12:37:37]   Total network:    0.681s
[2026-06-24 12:37:37] Building and running Brian2GeNN/GeNN CUDA executable...
[2026-06-24 12:40:10]   Build/codegen wall: 34.398s
[2026-06-24 12:40:10]   First run time:     124.062s
[2026-06-24 12:40:10]   First extraction:   0.000s
[2026-06-24 12:40:10]   Trial 4/4: sim 124.062s, build 34.398s, spikes 0
[2026-06-24 12:40:10]   Total simulation: 496.267s
[2026-06-24 12:40:10]   Spike extraction: 0.000s
[2026-06-24 12:40:10]   Avg per trial:    124.067s
[2026-06-24 12:40:10] Collecting results...
[2026-06-24 12:40:10]   Spike probing/output disabled; no parquet written
[2026-06-24 12:40:10]   Collection:       0.000s
[2026-06-24 12:40:10]   Save to file:     0.000s

------------------------------------------------------------
[2026-06-24 12:40:10] TIMING SUMMARY
------------------------------------------------------------
[2026-06-24 12:40:10]   Network creation:        4.401s
[2026-06-24 12:40:10]   Device build:          152.902s
[2026-06-24 12:40:10]   Simulation:            496.267s
[2026-06-24 12:40:10]   Spike extraction:        0.000s
[2026-06-24 12:40:10]   Result processing:       0.000s
[2026-06-24 12:40:10]   -----------------------------------------
[2026-06-24 12:40:10]   TOTAL ELAPSED:         653.751s

[2026-06-24 12:40:10]   Simulated time:          400.0s (4 x 100.0s)
[2026-06-24 12:40:10]   Realtime ratio (sim only):  0.806x
[2026-06-24 12:40:10]   Realtime ratio (total):     0.612x

[2026-06-24 12:40:10]   Active neurons:              0
[2026-06-24 12:40:10]   Total spikes:                0
------------------------------------------------------------

================================================================================
[2026-06-24 12:40:10] [9/20] BENCHMARK: t_run=0.1s, n_run=8
================================================================================
[2026-06-24 12:40:10] Device: GPU (Brian2GeNN)
[2026-06-24 12:40:10] Experiment: brian2genn_t0.1s_n8
[2026-06-24 12:40:10] Spike probing/output: disabled
[2026-06-24 12:40:10] Run label: nature_2026_05_noio
[2026-06-24 12:40:10] Round: 1
[2026-06-24 12:40:10] Running 8 independent Brian2GeNN trial(s); Brian2GeNN rebuilds for each trial.

[2026-06-24 12:40:10]   Trial 1/8: build/run start
[2026-06-24 12:40:10] ID mapping:         0.033s
[2026-06-24 12:40:10] Creating network...
[2026-06-24 12:40:11]   Data loading:     0.317s
[2026-06-24 12:40:11]   Neuron creation:  0.005s
[2026-06-24 12:40:11]   Synapse creation: 0.338s
[2026-06-24 12:40:11]   Poisson inputs:   0.001s
[2026-06-24 12:40:11]   Total network:    0.694s
[2026-06-24 12:40:11] Building and running Brian2GeNN/GeNN CUDA executable...
[2026-06-24 12:40:41]   Build/codegen wall: 30.994s
[2026-06-24 12:40:41]   First run time:     0.082s
[2026-06-24 12:40:41]   First extraction:   0.000s

[2026-06-24 12:40:41]   Trial 2/8: build/run start
[2026-06-24 12:40:41] ID mapping:         0.035s
[2026-06-24 12:40:41] Creating network...
[2026-06-24 12:40:42]   Data loading:     0.360s
[2026-06-24 12:40:42]   Neuron creation:  0.006s
[2026-06-24 12:40:42]   Synapse creation: 0.395s
[2026-06-24 12:40:42]   Poisson inputs:   0.002s
[2026-06-24 12:40:42]   Total network:    0.799s
[2026-06-24 12:40:42] Building and running Brian2GeNN/GeNN CUDA executable...
[2026-06-24 12:41:10]   Build/codegen wall: 30.102s
[2026-06-24 12:41:10]   First run time:     0.081s
[2026-06-24 12:41:10]   First extraction:   0.000s

[2026-06-24 12:41:11]   Trial 3/8: build/run start
[2026-06-24 12:41:11] ID mapping:         0.042s
[2026-06-24 12:41:11] Creating network...
[2026-06-24 12:41:11]   Data loading:     0.371s
[2026-06-24 12:41:11]   Neuron creation:  0.004s
[2026-06-24 12:41:11]   Synapse creation: 0.356s
[2026-06-24 12:41:11]   Poisson inputs:   0.002s
[2026-06-24 12:41:11]   Total network:    0.768s
[2026-06-24 12:41:11] Building and running Brian2GeNN/GeNN CUDA executable...
[2026-06-24 12:41:40]   Build/codegen wall: 29.830s
[2026-06-24 12:41:40]   First run time:     0.082s
[2026-06-24 12:41:40]   First extraction:   0.000s

[2026-06-24 12:41:40]   Trial 4/8: build/run start
[2026-06-24 12:41:40] ID mapping:         0.035s
[2026-06-24 12:41:40] Creating network...
[2026-06-24 12:41:41]   Data loading:     0.337s
[2026-06-24 12:41:41]   Neuron creation:  0.005s
[2026-06-24 12:41:41]   Synapse creation: 0.358s
[2026-06-24 12:41:41]   Poisson inputs:   0.002s
[2026-06-24 12:41:41]   Total network:    0.736s
[2026-06-24 12:41:41] Building and running Brian2GeNN/GeNN CUDA executable...
[2026-06-24 12:42:10]   Build/codegen wall: 29.212s
[2026-06-24 12:42:10]   First run time:     0.082s
[2026-06-24 12:42:10]   First extraction:   0.000s

[2026-06-24 12:42:10]   Trial 5/8: build/run start
[2026-06-24 12:42:10] ID mapping:         0.039s
[2026-06-24 12:42:10] Creating network...
[2026-06-24 12:42:11]   Data loading:     0.342s
[2026-06-24 12:42:11]   Neuron creation:  0.005s
[2026-06-24 12:42:11]   Synapse creation: 0.367s
[2026-06-24 12:42:11]   Poisson inputs:   0.001s
[2026-06-24 12:42:11]   Total network:    0.752s
[2026-06-24 12:42:11] Building and running Brian2GeNN/GeNN CUDA executable...
[2026-06-24 12:42:39]   Build/codegen wall: 29.103s
[2026-06-24 12:42:39]   First run time:     0.082s
[2026-06-24 12:42:39]   First extraction:   0.000s
[2026-06-24 12:42:39]   Trial 5/8: sim 0.082s, build 29.103s, spikes 0

[2026-06-24 12:42:39]   Trial 6/8: build/run start
[2026-06-24 12:42:39] ID mapping:         0.037s
[2026-06-24 12:42:39] Creating network...
[2026-06-24 12:42:40]   Data loading:     0.324s
[2026-06-24 12:42:40]   Neuron creation:  0.005s
[2026-06-24 12:42:40]   Synapse creation: 0.354s
[2026-06-24 12:42:40]   Poisson inputs:   0.001s
[2026-06-24 12:42:40]   Total network:    0.718s
[2026-06-24 12:42:40] Building and running Brian2GeNN/GeNN CUDA executable...
[2026-06-24 12:43:08]   Build/codegen wall: 28.929s
[2026-06-24 12:43:08]   First run time:     0.082s
[2026-06-24 12:43:08]   First extraction:   0.000s

[2026-06-24 12:43:08]   Trial 7/8: build/run start
[2026-06-24 12:43:08] ID mapping:         0.036s
[2026-06-24 12:43:08] Creating network...
[2026-06-24 12:43:08]   Data loading:     0.300s
[2026-06-24 12:43:08]   Neuron creation:  0.005s
[2026-06-24 12:43:08]   Synapse creation: 0.331s
[2026-06-24 12:43:08]   Poisson inputs:   0.001s
[2026-06-24 12:43:08]   Total network:    0.671s
[2026-06-24 12:43:08] Building and running Brian2GeNN/GeNN CUDA executable...
[2026-06-24 12:43:37]   Build/codegen wall: 29.838s
[2026-06-24 12:43:37]   First run time:     0.081s
[2026-06-24 12:43:37]   First extraction:   0.000s

[2026-06-24 12:43:37]   Trial 8/8: build/run start
[2026-06-24 12:43:37] ID mapping:         0.033s
[2026-06-24 12:43:37] Creating network...
[2026-06-24 12:43:38]   Data loading:     0.296s
[2026-06-24 12:43:38]   Neuron creation:  0.004s
[2026-06-24 12:43:38]   Synapse creation: 0.339s
[2026-06-24 12:43:38]   Poisson inputs:   0.001s
[2026-06-24 12:43:38]   Total network:    0.674s
[2026-06-24 12:43:38] Building and running Brian2GeNN/GeNN CUDA executable...
[2026-06-24 12:44:06]   Build/codegen wall: 29.311s
[2026-06-24 12:44:06]   First run time:     0.082s
[2026-06-24 12:44:06]   First extraction:   0.000s
[2026-06-24 12:44:06]   Total simulation: 0.653s
[2026-06-24 12:44:06]   Spike extraction: 0.000s
[2026-06-24 12:44:06]   Avg per trial:    0.082s
[2026-06-24 12:44:06] Collecting results...
[2026-06-24 12:44:06]   Spike probing/output disabled; no parquet written
[2026-06-24 12:44:06]   Collection:       0.000s
[2026-06-24 12:44:06]   Save to file:     0.000s

------------------------------------------------------------
[2026-06-24 12:44:06] TIMING SUMMARY
------------------------------------------------------------
[2026-06-24 12:44:06]   Network creation:        5.814s
[2026-06-24 12:44:06]   Device build:          237.319s
[2026-06-24 12:44:06]   Simulation:              0.653s
[2026-06-24 12:44:06]   Spike extraction:        0.000s
[2026-06-24 12:44:06]   Result processing:       0.000s
[2026-06-24 12:44:06]   -----------------------------------------
[2026-06-24 12:44:06]   TOTAL ELAPSED:         244.077s

[2026-06-24 12:44:06]   Simulated time:            0.8s (8 x 0.1s)
[2026-06-24 12:44:06]   Realtime ratio (sim only):  1.225x
[2026-06-24 12:44:06]   Realtime ratio (total):     0.003x

[2026-06-24 12:44:06]   Active neurons:              0
[2026-06-24 12:44:06]   Total spikes:                0
------------------------------------------------------------

================================================================================
[2026-06-24 12:44:06] [10/20] BENCHMARK: t_run=1.0s, n_run=8
================================================================================
[2026-06-24 12:44:06] Device: GPU (Brian2GeNN)
[2026-06-24 12:44:06] Experiment: brian2genn_t1.0s_n8
[2026-06-24 12:44:06] Spike probing/output: disabled
[2026-06-24 12:44:06] Run label: nature_2026_05_noio
[2026-06-24 12:44:06] Round: 1
[2026-06-24 12:44:06] Running 8 independent Brian2GeNN trial(s); Brian2GeNN rebuilds for each trial.

[2026-06-24 12:44:06]   Trial 1/8: build/run start
[2026-06-24 12:44:06] ID mapping:         0.034s
[2026-06-24 12:44:06] Creating network...
[2026-06-24 12:44:07]   Data loading:     0.322s
[2026-06-24 12:44:07]   Neuron creation:  0.004s
[2026-06-24 12:44:07]   Synapse creation: 0.354s
[2026-06-24 12:44:07]   Poisson inputs:   0.001s
[2026-06-24 12:44:07]   Total network:    0.716s
[2026-06-24 12:44:07] Building and running Brian2GeNN/GeNN CUDA executable...
[2026-06-24 12:44:37]   Build/codegen wall: 29.502s
[2026-06-24 12:44:37]   First run time:     1.197s
[2026-06-24 12:44:37]   First extraction:   0.000s

[2026-06-24 12:44:37]   Trial 2/8: build/run start
[2026-06-24 12:44:37] ID mapping:         0.037s
[2026-06-24 12:44:37] Creating network...
[2026-06-24 12:44:37]   Data loading:     0.323s
[2026-06-24 12:44:37]   Neuron creation:  0.005s
[2026-06-24 12:44:37]   Synapse creation: 0.345s
[2026-06-24 12:44:37]   Poisson inputs:   0.001s
[2026-06-24 12:44:37]   Total network:    0.709s
[2026-06-24 12:44:37] Building and running Brian2GeNN/GeNN CUDA executable...
[2026-06-24 12:45:06]   Build/codegen wall: 28.768s
[2026-06-24 12:45:06]   First run time:     1.196s
[2026-06-24 12:45:06]   First extraction:   0.000s

[2026-06-24 12:45:06]   Trial 3/8: build/run start
[2026-06-24 12:45:06] ID mapping:         0.037s
[2026-06-24 12:45:06] Creating network...
[2026-06-24 12:45:07]   Data loading:     0.303s
[2026-06-24 12:45:07]   Neuron creation:  0.005s
[2026-06-24 12:45:07]   Synapse creation: 0.329s
[2026-06-24 12:45:07]   Poisson inputs:   0.001s
[2026-06-24 12:45:07]   Total network:    0.671s
[2026-06-24 12:45:07] Building and running Brian2GeNN/GeNN CUDA executable...
[2026-06-24 12:45:37]   Build/codegen wall: 29.731s
[2026-06-24 12:45:37]   First run time:     1.200s
[2026-06-24 12:45:37]   First extraction:   0.000s

[2026-06-24 12:45:37]   Trial 4/8: build/run start
[2026-06-24 12:45:37] ID mapping:         0.036s
[2026-06-24 12:45:37] Creating network...
[2026-06-24 12:45:38]   Data loading:     0.346s
[2026-06-24 12:45:38]   Neuron creation:  0.005s
[2026-06-24 12:45:38]   Synapse creation: 0.808s
[2026-06-24 12:45:38]   Poisson inputs:   0.002s
[2026-06-24 12:45:38]   Total network:    1.196s
[2026-06-24 12:45:38] Building and running Brian2GeNN/GeNN CUDA executable...
[2026-06-24 12:46:07]   Build/codegen wall: 29.624s
[2026-06-24 12:46:07]   First run time:     1.208s
[2026-06-24 12:46:07]   First extraction:   0.000s

[2026-06-24 12:46:08]   Trial 5/8: build/run start
[2026-06-24 12:46:08] ID mapping:         0.038s
[2026-06-24 12:46:08] Creating network...
[2026-06-24 12:46:08]   Data loading:     0.327s
[2026-06-24 12:46:08]   Neuron creation:  0.005s
[2026-06-24 12:46:08]   Synapse creation: 0.353s
[2026-06-24 12:46:08]   Poisson inputs:   0.001s
[2026-06-24 12:46:08]   Total network:    0.723s
[2026-06-24 12:46:08] Building and running Brian2GeNN/GeNN CUDA executable...
[2026-06-24 12:46:38]   Build/codegen wall: 29.612s
[2026-06-24 12:46:38]   First run time:     1.202s
[2026-06-24 12:46:38]   First extraction:   0.000s
[2026-06-24 12:46:38]   Trial 5/8: sim 1.202s, build 29.612s, spikes 0

[2026-06-24 12:46:38]   Trial 6/8: build/run start
[2026-06-24 12:46:38] ID mapping:         0.036s
[2026-06-24 12:46:38] Creating network...
[2026-06-24 12:46:39]   Data loading:     0.335s
[2026-06-24 12:46:39]   Neuron creation:  0.005s
[2026-06-24 12:46:39]   Synapse creation: 0.342s
[2026-06-24 12:46:39]   Poisson inputs:   0.001s
[2026-06-24 12:46:39]   Total network:    0.720s
[2026-06-24 12:46:39] Building and running Brian2GeNN/GeNN CUDA executable...
[2026-06-24 12:47:08]   Build/codegen wall: 29.454s
[2026-06-24 12:47:08]   First run time:     1.200s
[2026-06-24 12:47:08]   First extraction:   0.000s

[2026-06-24 12:47:08]   Trial 7/8: build/run start
[2026-06-24 12:47:08] ID mapping:         0.038s
[2026-06-24 12:47:08] Creating network...
[2026-06-24 12:47:09]   Data loading:     0.322s
[2026-06-24 12:47:09]   Neuron creation:  0.004s
[2026-06-24 12:47:09]   Synapse creation: 0.343s
[2026-06-24 12:47:09]   Poisson inputs:   0.001s
[2026-06-24 12:47:09]   Total network:    0.706s
[2026-06-24 12:47:09] Building and running Brian2GeNN/GeNN CUDA executable...
[2026-06-24 12:47:39]   Build/codegen wall: 29.619s
[2026-06-24 12:47:39]   First run time:     1.197s
[2026-06-24 12:47:39]   First extraction:   0.000s

[2026-06-24 12:47:39]   Trial 8/8: build/run start
[2026-06-24 12:47:39] ID mapping:         0.034s
[2026-06-24 12:47:39] Creating network...
[2026-06-24 12:47:39]   Data loading:     0.309s
[2026-06-24 12:47:39]   Neuron creation:  0.005s
[2026-06-24 12:47:39]   Synapse creation: 0.369s
[2026-06-24 12:47:39]   Poisson inputs:   0.001s
[2026-06-24 12:47:39]   Total network:    0.721s
[2026-06-24 12:47:39] Building and running Brian2GeNN/GeNN CUDA executable...
[2026-06-24 12:48:09]   Build/codegen wall: 29.764s
[2026-06-24 12:48:09]   First run time:     1.195s
[2026-06-24 12:48:09]   First extraction:   0.000s
[2026-06-24 12:48:09]   Total simulation: 9.595s
[2026-06-24 12:48:09]   Spike extraction: 0.000s
[2026-06-24 12:48:09]   Avg per trial:    1.199s
[2026-06-24 12:48:09] Collecting results...
[2026-06-24 12:48:09]   Spike probing/output disabled; no parquet written
[2026-06-24 12:48:09]   Collection:       0.000s
[2026-06-24 12:48:09]   Save to file:     0.000s

------------------------------------------------------------
[2026-06-24 12:48:09] TIMING SUMMARY
------------------------------------------------------------
[2026-06-24 12:48:09]   Network creation:        6.161s
[2026-06-24 12:48:09]   Device build:          236.076s
[2026-06-24 12:48:09]   Simulation:              9.595s
[2026-06-24 12:48:09]   Spike extraction:        0.000s
[2026-06-24 12:48:09]   Result processing:       0.000s
[2026-06-24 12:48:09]   -----------------------------------------
[2026-06-24 12:48:09]   TOTAL ELAPSED:         252.121s

[2026-06-24 12:48:09]   Simulated time:            8.0s (8 x 1.0s)
[2026-06-24 12:48:09]   Realtime ratio (sim only):  0.834x
[2026-06-24 12:48:09]   Realtime ratio (total):     0.032x

[2026-06-24 12:48:09]   Active neurons:              0
[2026-06-24 12:48:09]   Total spikes:                0
------------------------------------------------------------

================================================================================
[2026-06-24 12:48:09] [11/20] BENCHMARK: t_run=10.0s, n_run=8
================================================================================
[2026-06-24 12:48:09] Device: GPU (Brian2GeNN)
[2026-06-24 12:48:09] Experiment: brian2genn_t10.0s_n8
[2026-06-24 12:48:09] Spike probing/output: disabled
[2026-06-24 12:48:09] Run label: nature_2026_05_noio
[2026-06-24 12:48:09] Round: 1
[2026-06-24 12:48:09] Running 8 independent Brian2GeNN trial(s); Brian2GeNN rebuilds for each trial.

[2026-06-24 12:48:09]   Trial 1/8: build/run start
[2026-06-24 12:48:09] ID mapping:         0.035s
[2026-06-24 12:48:09] Creating network...
[2026-06-24 12:48:10]   Data loading:     0.326s
[2026-06-24 12:48:10]   Neuron creation:  0.005s
[2026-06-24 12:48:10]   Synapse creation: 0.391s
[2026-06-24 12:48:10]   Poisson inputs:   0.002s
[2026-06-24 12:48:10]   Total network:    0.759s
[2026-06-24 12:48:10] Building and running Brian2GeNN/GeNN CUDA executable...
[2026-06-24 12:48:51]   Build/codegen wall: 29.949s
[2026-06-24 12:48:51]   First run time:     12.357s
[2026-06-24 12:48:51]   First extraction:   0.000s

[2026-06-24 12:48:51]   Trial 2/8: build/run start
[2026-06-24 12:48:51] ID mapping:         0.033s
[2026-06-24 12:48:51] Creating network...
[2026-06-24 12:48:52]   Data loading:     0.309s
[2026-06-24 12:48:52]   Neuron creation:  0.004s
[2026-06-24 12:48:52]   Synapse creation: 0.332s
[2026-06-24 12:48:52]   Poisson inputs:   0.001s
[2026-06-24 12:48:52]   Total network:    0.679s
[2026-06-24 12:48:52] Building and running Brian2GeNN/GeNN CUDA executable...
[2026-06-24 12:49:31]   Build/codegen wall: 29.514s
[2026-06-24 12:49:31]   First run time:     12.378s
[2026-06-24 12:49:31]   First extraction:   0.000s

[2026-06-24 12:49:32]   Trial 3/8: build/run start
[2026-06-24 12:49:32] ID mapping:         0.036s
[2026-06-24 12:49:32] Creating network...
[2026-06-24 12:49:32]   Data loading:     0.330s
[2026-06-24 12:49:32]   Neuron creation:  0.005s
[2026-06-24 12:49:32]   Synapse creation: 0.345s
[2026-06-24 12:49:32]   Poisson inputs:   0.002s
[2026-06-24 12:49:32]   Total network:    0.715s
[2026-06-24 12:49:32] Building and running Brian2GeNN/GeNN CUDA executable...
[2026-06-24 12:50:12]   Build/codegen wall: 29.023s
[2026-06-24 12:50:12]   First run time:     12.361s
[2026-06-24 12:50:12]   First extraction:   0.000s

[2026-06-24 12:50:12]   Trial 4/8: build/run start
[2026-06-24 12:50:13] ID mapping:         0.033s
[2026-06-24 12:50:13] Creating network...
[2026-06-24 12:50:13]   Data loading:     0.300s
[2026-06-24 12:50:13]   Neuron creation:  0.004s
[2026-06-24 12:50:13]   Synapse creation: 0.325s
[2026-06-24 12:50:13]   Poisson inputs:   0.001s
[2026-06-24 12:50:13]   Total network:    0.663s
[2026-06-24 12:50:13] Building and running Brian2GeNN/GeNN CUDA executable...
[2026-06-24 12:50:56]   Build/codegen wall: 31.576s
[2026-06-24 12:50:56]   First run time:     12.331s
[2026-06-24 12:50:56]   First extraction:   0.000s

[2026-06-24 12:50:56]   Trial 5/8: build/run start
[2026-06-24 12:50:56] ID mapping:         0.035s
[2026-06-24 12:50:56] Creating network...
[2026-06-24 12:50:57]   Data loading:     0.299s
[2026-06-24 12:50:57]   Neuron creation:  0.004s
[2026-06-24 12:50:57]   Synapse creation: 0.337s
[2026-06-24 12:50:57]   Poisson inputs:   0.002s
[2026-06-24 12:50:57]   Total network:    0.675s
[2026-06-24 12:50:57] Building and running Brian2GeNN/GeNN CUDA executable...
[2026-06-24 12:51:36]   Build/codegen wall: 29.316s
[2026-06-24 12:51:36]   First run time:     12.336s
[2026-06-24 12:51:36]   First extraction:   0.000s
[2026-06-24 12:51:36]   Trial 5/8: sim 12.336s, build 29.316s, spikes 0

[2026-06-24 12:51:36]   Trial 6/8: build/run start
[2026-06-24 12:51:36] ID mapping:         0.035s
[2026-06-24 12:51:36] Creating network...
[2026-06-24 12:51:37]   Data loading:     0.306s
[2026-06-24 12:51:37]   Neuron creation:  0.004s
[2026-06-24 12:51:37]   Synapse creation: 0.336s
[2026-06-24 12:51:37]   Poisson inputs:   0.001s
[2026-06-24 12:51:37]   Total network:    0.679s
[2026-06-24 12:51:37] Building and running Brian2GeNN/GeNN CUDA executable...
[2026-06-24 12:52:17]   Build/codegen wall: 29.544s
[2026-06-24 12:52:17]   First run time:     12.379s
[2026-06-24 12:52:17]   First extraction:   0.000s

[2026-06-24 12:52:17]   Trial 7/8: build/run start
[2026-06-24 12:52:17] ID mapping:         0.033s
[2026-06-24 12:52:17] Creating network...
[2026-06-24 12:52:18]   Data loading:     0.300s
[2026-06-24 12:52:18]   Neuron creation:  0.004s
[2026-06-24 12:52:18]   Synapse creation: 0.321s
[2026-06-24 12:52:18]   Poisson inputs:   0.001s
[2026-06-24 12:52:18]   Total network:    0.658s
[2026-06-24 12:52:18] Building and running Brian2GeNN/GeNN CUDA executable...
[2026-06-24 12:52:59]   Build/codegen wall: 29.589s
[2026-06-24 12:52:59]   First run time:     12.359s
[2026-06-24 12:52:59]   First extraction:   0.000s

[2026-06-24 12:52:59]   Trial 8/8: build/run start
[2026-06-24 12:52:59] ID mapping:         0.033s
[2026-06-24 12:52:59] Creating network...
[2026-06-24 12:53:00]   Data loading:     0.315s
[2026-06-24 12:53:00]   Neuron creation:  0.004s
[2026-06-24 12:53:00]   Synapse creation: 0.330s
[2026-06-24 12:53:00]   Poisson inputs:   0.001s
[2026-06-24 12:53:00]   Total network:    0.685s
[2026-06-24 12:53:00] Building and running Brian2GeNN/GeNN CUDA executable...
[2026-06-24 12:53:39]   Build/codegen wall: 29.589s
[2026-06-24 12:53:39]   First run time:     12.366s
[2026-06-24 12:53:39]   First extraction:   0.000s
[2026-06-24 12:53:39]   Total simulation: 98.866s
[2026-06-24 12:53:39]   Spike extraction: 0.000s
[2026-06-24 12:53:39]   Avg per trial:    12.358s
[2026-06-24 12:53:39] Collecting results...
[2026-06-24 12:53:39]   Spike probing/output disabled; no parquet written
[2026-06-24 12:53:39]   Collection:       0.000s
[2026-06-24 12:53:39]   Save to file:     0.000s

------------------------------------------------------------
[2026-06-24 12:53:39] TIMING SUMMARY
------------------------------------------------------------
[2026-06-24 12:53:39]   Network creation:        5.514s
[2026-06-24 12:53:39]   Device build:          238.100s
[2026-06-24 12:53:39]   Simulation:             98.866s
[2026-06-24 12:53:39]   Spike extraction:        0.000s
[2026-06-24 12:53:39]   Result processing:       0.000s
[2026-06-24 12:53:39]   -----------------------------------------
[2026-06-24 12:53:39]   TOTAL ELAPSED:         342.754s

[2026-06-24 12:53:39]   Simulated time:           80.0s (8 x 10.0s)
[2026-06-24 12:53:39]   Realtime ratio (sim only):  0.809x
[2026-06-24 12:53:39]   Realtime ratio (total):     0.233x

[2026-06-24 12:53:39]   Active neurons:              0
[2026-06-24 12:53:39]   Total spikes:                0
------------------------------------------------------------

================================================================================
[2026-06-24 12:53:39] [12/20] BENCHMARK: t_run=100.0s, n_run=8
================================================================================
[2026-06-24 12:53:39] Device: GPU (Brian2GeNN)
[2026-06-24 12:53:39] Experiment: brian2genn_t100.0s_n8
[2026-06-24 12:53:39] Spike probing/output: disabled
[2026-06-24 12:53:39] Run label: nature_2026_05_noio
[2026-06-24 12:53:39] Round: 1
[2026-06-24 12:53:39] Running 8 independent Brian2GeNN trial(s); Brian2GeNN rebuilds for each trial.

[2026-06-24 12:53:39]   Trial 1/8: build/run start
[2026-06-24 12:53:39] ID mapping:         0.035s
[2026-06-24 12:53:39] Creating network...
[2026-06-24 12:53:40]   Data loading:     0.320s
[2026-06-24 12:53:40]   Neuron creation:  0.005s
[2026-06-24 12:53:40]   Synapse creation: 0.357s
[2026-06-24 12:53:40]   Poisson inputs:   0.001s
[2026-06-24 12:53:40]   Total network:    0.718s
[2026-06-24 12:53:40] Building and running Brian2GeNN/GeNN CUDA executable...
[2026-06-24 12:56:12]   Build/codegen wall: 33.792s
[2026-06-24 12:56:12]   First run time:     124.529s
[2026-06-24 12:56:12]   First extraction:   0.000s

[2026-06-24 12:56:12]   Trial 2/8: build/run start
[2026-06-24 12:56:12] ID mapping:         0.033s
[2026-06-24 12:56:12] Creating network...
[2026-06-24 12:56:13]   Data loading:     0.286s
[2026-06-24 12:56:13]   Neuron creation:  0.004s
[2026-06-24 12:56:13]   Synapse creation: 0.335s
[2026-06-24 12:56:13]   Poisson inputs:   0.001s
[2026-06-24 12:56:13]   Total network:    0.661s
[2026-06-24 12:56:13] Building and running Brian2GeNN/GeNN CUDA executable...
[2026-06-24 12:58:45]   Build/codegen wall: 33.651s
[2026-06-24 12:58:45]   First run time:     124.218s
[2026-06-24 12:58:45]   First extraction:   0.000s

[2026-06-24 12:58:45]   Trial 3/8: build/run start
[2026-06-24 12:58:45] ID mapping:         0.034s
[2026-06-24 12:58:45] Creating network...
[2026-06-24 12:58:45]   Data loading:     0.296s
[2026-06-24 12:58:45]   Neuron creation:  0.004s
[2026-06-24 12:58:45]   Synapse creation: 0.322s
[2026-06-24 12:58:45]   Poisson inputs:   0.001s
[2026-06-24 12:58:45]   Total network:    0.658s
[2026-06-24 12:58:45] Building and running Brian2GeNN/GeNN CUDA executable...
[2026-06-24 13:01:22]   Build/codegen wall: 38.836s
[2026-06-24 13:01:22]   First run time:     124.282s
[2026-06-24 13:01:22]   First extraction:   0.000s

[2026-06-24 13:01:22]   Trial 4/8: build/run start
[2026-06-24 13:01:22] ID mapping:         0.033s
[2026-06-24 13:01:22] Creating network...
[2026-06-24 13:01:23]   Data loading:     0.344s
[2026-06-24 13:01:23]   Neuron creation:  0.004s
[2026-06-24 13:01:23]   Synapse creation: 0.323s
[2026-06-24 13:01:23]   Poisson inputs:   0.001s
[2026-06-24 13:01:23]   Total network:    0.706s
[2026-06-24 13:01:23] Building and running Brian2GeNN/GeNN CUDA executable...
[2026-06-24 13:03:55]   Build/codegen wall: 34.275s
[2026-06-24 13:03:55]   First run time:     123.874s
[2026-06-24 13:03:55]   First extraction:   0.000s

[2026-06-24 13:03:55]   Trial 5/8: build/run start
[2026-06-24 13:03:55] ID mapping:         0.035s
[2026-06-24 13:03:55] Creating network...
[2026-06-24 13:03:56]   Data loading:     0.318s
[2026-06-24 13:03:56]   Neuron creation:  0.005s
[2026-06-24 13:03:56]   Synapse creation: 0.339s
[2026-06-24 13:03:56]   Poisson inputs:   0.001s
[2026-06-24 13:03:56]   Total network:    0.696s
[2026-06-24 13:03:56] Building and running Brian2GeNN/GeNN CUDA executable...
[2026-06-24 13:06:28]   Build/codegen wall: 34.309s
[2026-06-24 13:06:28]   First run time:     122.925s
[2026-06-24 13:06:28]   First extraction:   0.000s
[2026-06-24 13:06:28]   Trial 5/8: sim 122.925s, build 34.309s, spikes 0

[2026-06-24 13:06:28]   Trial 6/8: build/run start
[2026-06-24 13:06:28] ID mapping:         0.035s
[2026-06-24 13:06:28] Creating network...
[2026-06-24 13:06:29]   Data loading:     0.397s
[2026-06-24 13:06:29]   Neuron creation:  0.007s
[2026-06-24 13:06:29]   Synapse creation: 0.393s
[2026-06-24 13:06:29]   Poisson inputs:   0.001s
[2026-06-24 13:06:29]   Total network:    0.836s
[2026-06-24 13:06:29] Building and running Brian2GeNN/GeNN CUDA executable...
[2026-06-24 13:09:01]   Build/codegen wall: 34.919s
[2026-06-24 13:09:01]   First run time:     122.856s
[2026-06-24 13:09:01]   First extraction:   0.000s

[2026-06-24 13:09:01]   Trial 7/8: build/run start
[2026-06-24 13:09:01] ID mapping:         0.036s
[2026-06-24 13:09:01] Creating network...
[2026-06-24 13:09:02]   Data loading:     0.313s
[2026-06-24 13:09:02]   Neuron creation:  0.004s
[2026-06-24 13:09:02]   Synapse creation: 0.343s
[2026-06-24 13:09:02]   Poisson inputs:   0.001s
[2026-06-24 13:09:02]   Total network:    0.695s
[2026-06-24 13:09:02] Building and running Brian2GeNN/GeNN CUDA executable...
[2026-06-24 13:11:37]   Build/codegen wall: 37.632s
[2026-06-24 13:11:37]   First run time:     124.369s
[2026-06-24 13:11:37]   First extraction:   0.000s

[2026-06-24 13:11:37]   Trial 8/8: build/run start
[2026-06-24 13:11:37] ID mapping:         0.033s
[2026-06-24 13:11:37] Creating network...
[2026-06-24 13:11:38]   Data loading:     0.310s
[2026-06-24 13:11:38]   Neuron creation:  0.004s
[2026-06-24 13:11:38]   Synapse creation: 0.323s
[2026-06-24 13:11:38]   Poisson inputs:   0.001s
[2026-06-24 13:11:38]   Total network:    0.670s
[2026-06-24 13:11:38] Building and running Brian2GeNN/GeNN CUDA executable...
[2026-06-24 13:14:11]   Build/codegen wall: 35.120s
[2026-06-24 13:14:11]   First run time:     124.239s
[2026-06-24 13:14:11]   First extraction:   0.000s
[2026-06-24 13:14:11]   Total simulation: 991.292s
[2026-06-24 13:14:11]   Spike extraction: 0.000s
[2026-06-24 13:14:11]   Avg per trial:    123.912s
[2026-06-24 13:14:11] Collecting results...
[2026-06-24 13:14:11]   Spike probing/output disabled; no parquet written
[2026-06-24 13:14:11]   Collection:       0.000s
[2026-06-24 13:14:11]   Save to file:     0.000s

------------------------------------------------------------
[2026-06-24 13:14:11] TIMING SUMMARY
------------------------------------------------------------
[2026-06-24 13:14:11]   Network creation:        5.640s
[2026-06-24 13:14:11]   Device build:          282.533s
[2026-06-24 13:14:11]   Simulation:            991.292s
[2026-06-24 13:14:11]   Spike extraction:        0.000s
[2026-06-24 13:14:11]   Result processing:       0.000s
[2026-06-24 13:14:11]   -----------------------------------------
[2026-06-24 13:14:11]   TOTAL ELAPSED:        1279.737s

[2026-06-24 13:14:11]   Simulated time:          800.0s (8 x 100.0s)
[2026-06-24 13:14:11]   Realtime ratio (sim only):  0.807x
[2026-06-24 13:14:11]   Realtime ratio (total):     0.625x

[2026-06-24 13:14:11]   Active neurons:              0
[2026-06-24 13:14:11]   Total spikes:                0
------------------------------------------------------------

================================================================================
[2026-06-24 13:14:11] [13/20] BENCHMARK: t_run=0.1s, n_run=16
================================================================================
[2026-06-24 13:14:11] Device: GPU (Brian2GeNN)
[2026-06-24 13:14:11] Experiment: brian2genn_t0.1s_n16
[2026-06-24 13:14:11] Spike probing/output: disabled
[2026-06-24 13:14:11] Run label: nature_2026_05_noio
[2026-06-24 13:14:11] Round: 1
[2026-06-24 13:14:11] Running 16 independent Brian2GeNN trial(s); Brian2GeNN rebuilds for each trial.

[2026-06-24 13:14:11]   Trial 1/16: build/run start
[2026-06-24 13:14:11] ID mapping:         0.035s
[2026-06-24 13:14:11] Creating network...
[2026-06-24 13:14:12]   Data loading:     0.334s
[2026-06-24 13:14:12]   Neuron creation:  0.004s
[2026-06-24 13:14:12]   Synapse creation: 0.342s
[2026-06-24 13:14:12]   Poisson inputs:   0.002s
[2026-06-24 13:14:12]   Total network:    0.717s
[2026-06-24 13:14:12] Building and running Brian2GeNN/GeNN CUDA executable...
[2026-06-24 13:14:40]   Build/codegen wall: 29.414s
[2026-06-24 13:14:40]   First run time:     0.082s
[2026-06-24 13:14:40]   First extraction:   0.000s

[2026-06-24 13:14:40]   Trial 2/16: build/run start
[2026-06-24 13:14:40] ID mapping:         0.035s
[2026-06-24 13:14:40] Creating network...
[2026-06-24 13:14:41]   Data loading:     0.321s
[2026-06-24 13:14:41]   Neuron creation:  0.005s
[2026-06-24 13:14:41]   Synapse creation: 0.382s
[2026-06-24 13:14:41]   Poisson inputs:   0.002s
[2026-06-24 13:14:41]   Total network:    0.743s
[2026-06-24 13:14:41] Building and running Brian2GeNN/GeNN CUDA executable...
[2026-06-24 13:15:10]   Build/codegen wall: 30.131s
[2026-06-24 13:15:10]   First run time:     0.082s
[2026-06-24 13:15:10]   First extraction:   0.000s

[2026-06-24 13:15:10]   Trial 3/16: build/run start
[2026-06-24 13:15:10] ID mapping:         0.037s
[2026-06-24 13:15:10] Creating network...
[2026-06-24 13:15:11]   Data loading:     0.332s
[2026-06-24 13:15:11]   Neuron creation:  0.005s
[2026-06-24 13:15:11]   Synapse creation: 0.399s
[2026-06-24 13:15:11]   Poisson inputs:   0.002s
[2026-06-24 13:15:11]   Total network:    0.773s
[2026-06-24 13:15:11] Building and running Brian2GeNN/GeNN CUDA executable...
[2026-06-24 13:15:41]   Build/codegen wall: 30.960s
[2026-06-24 13:15:41]   First run time:     0.082s
[2026-06-24 13:15:41]   First extraction:   0.000s

[2026-06-24 13:15:41]   Trial 4/16: build/run start
[2026-06-24 13:15:41] ID mapping:         0.036s
[2026-06-24 13:15:41] Creating network...
[2026-06-24 13:15:42]   Data loading:     0.353s
[2026-06-24 13:15:42]   Neuron creation:  0.005s
[2026-06-24 13:15:42]   Synapse creation: 0.399s
[2026-06-24 13:15:42]   Poisson inputs:   0.002s
[2026-06-24 13:15:42]   Total network:    0.799s
[2026-06-24 13:15:42] Building and running Brian2GeNN/GeNN CUDA executable...
[2026-06-24 13:16:30]   Build/codegen wall: 51.098s
[2026-06-24 13:16:30]   First run time:     0.082s
[2026-06-24 13:16:30]   First extraction:   0.000s

[2026-06-24 13:16:30]   Trial 5/16: build/run start
[2026-06-24 13:16:30] ID mapping:         0.059s
[2026-06-24 13:16:30] Creating network...
[2026-06-24 13:16:32]   Data loading:     0.581s
[2026-06-24 13:16:32]   Neuron creation:  0.008s
[2026-06-24 13:16:32]   Synapse creation: 0.572s
[2026-06-24 13:16:32]   Poisson inputs:   0.002s
[2026-06-24 13:16:32]   Total network:    1.219s
[2026-06-24 13:16:32] Building and running Brian2GeNN/GeNN CUDA executable...
[2026-06-24 13:17:46]   Build/codegen wall: 77.277s
[2026-06-24 13:17:46]   First run time:     0.082s
[2026-06-24 13:17:46]   First extraction:   0.000s
[2026-06-24 13:17:47]   Trial 5/16: sim 0.082s, build 77.277s, spikes 0

[2026-06-24 13:17:47]   Trial 6/16: build/run start
[2026-06-24 13:17:47] ID mapping:         0.060s
[2026-06-24 13:17:47] Creating network...
[2026-06-24 13:17:48]   Data loading:     0.739s
[2026-06-24 13:17:48]   Neuron creation:  0.006s
[2026-06-24 13:17:48]   Synapse creation: 0.517s
[2026-06-24 13:17:48]   Poisson inputs:   0.002s
[2026-06-24 13:17:48]   Total network:    1.316s
[2026-06-24 13:17:48] Building and running Brian2GeNN/GeNN CUDA executable...
[2026-06-24 13:18:30]   Build/codegen wall: 44.990s
[2026-06-24 13:18:30]   First run time:     0.082s
[2026-06-24 13:18:30]   First extraction:   0.000s

[2026-06-24 13:18:56]   Trial 7/16: build/run start
[2026-06-24 13:18:56] ID mapping:         0.052s
[2026-06-24 13:18:56] Creating network...
[2026-06-24 13:18:57]   Data loading:     0.524s
[2026-06-24 13:18:57]   Neuron creation:  0.007s
[2026-06-24 13:18:57]   Synapse creation: 0.513s
[2026-06-24 13:18:57]   Poisson inputs:   0.002s
[2026-06-24 13:18:57]   Total network:    1.091s
[2026-06-24 13:18:57] Building and running Brian2GeNN/GeNN CUDA executable...
[2026-06-24 13:19:45]   Build/codegen wall: 48.554s
[2026-06-24 13:19:45]   First run time:     0.082s
[2026-06-24 13:19:45]   First extraction:   0.000s

[2026-06-24 13:19:45]   Trial 8/16: build/run start
[2026-06-24 13:19:45] ID mapping:         0.060s
[2026-06-24 13:19:45] Creating network...
[2026-06-24 13:19:46]   Data loading:     0.508s
[2026-06-24 13:19:46]   Neuron creation:  0.006s
[2026-06-24 13:19:46]   Synapse creation: 0.441s
[2026-06-24 13:19:46]   Poisson inputs:   0.002s
[2026-06-24 13:19:46]   Total network:    1.003s
[2026-06-24 13:19:46] Building and running Brian2GeNN/GeNN CUDA executable...
[2026-06-24 13:20:32]   Build/codegen wall: 48.459s
[2026-06-24 13:20:32]   First run time:     0.081s
[2026-06-24 13:20:32]   First extraction:   0.000s

[2026-06-24 13:20:32]   Trial 9/16: build/run start
[2026-06-24 13:20:32] ID mapping:         0.050s
[2026-06-24 13:20:32] Creating network...
[2026-06-24 13:20:33]   Data loading:     0.635s
[2026-06-24 13:20:33]   Neuron creation:  0.008s
[2026-06-24 13:20:33]   Synapse creation: 0.550s
[2026-06-24 13:20:33]   Poisson inputs:   0.002s
[2026-06-24 13:20:33]   Total network:    1.246s
[2026-06-24 13:20:33] Building and running Brian2GeNN/GeNN CUDA executable...
[2026-06-24 13:21:20]   Build/codegen wall: 48.462s
[2026-06-24 13:21:20]   First run time:     0.082s
[2026-06-24 13:21:20]   First extraction:   0.000s

[2026-06-24 13:21:21]   Trial 10/16: build/run start
[2026-06-24 13:21:21] ID mapping:         0.063s
[2026-06-24 13:21:21] Creating network...
[2026-06-24 13:21:22]   Data loading:     0.780s
[2026-06-24 13:21:22]   Neuron creation:  0.007s
[2026-06-24 13:21:22]   Synapse creation: 0.572s
[2026-06-24 13:21:22]   Poisson inputs:   0.002s
[2026-06-24 13:21:22]   Total network:    1.406s
[2026-06-24 13:21:22] Building and running Brian2GeNN/GeNN CUDA executable...
[2026-06-24 13:22:11]   Build/codegen wall: 51.816s
[2026-06-24 13:22:11]   First run time:     0.082s
[2026-06-24 13:22:11]   First extraction:   0.000s
[2026-06-24 13:22:11]   Trial 10/16: sim 0.082s, build 51.816s, spikes 0

[2026-06-24 13:22:11]   Trial 11/16: build/run start
[2026-06-24 13:22:12] ID mapping:         0.061s
[2026-06-24 13:22:12] Creating network...
[2026-06-24 13:22:13]   Data loading:     0.519s
[2026-06-24 13:22:13]   Neuron creation:  0.007s
[2026-06-24 13:22:13]   Synapse creation: 0.529s
[2026-06-24 13:22:13]   Poisson inputs:   0.002s
[2026-06-24 13:22:13]   Total network:    1.105s
[2026-06-24 13:22:13] Building and running Brian2GeNN/GeNN CUDA executable...
[2026-06-24 13:23:02]   Build/codegen wall: 52.161s
[2026-06-24 13:23:02]   First run time:     0.080s
[2026-06-24 13:23:02]   First extraction:   0.000s

[2026-06-24 13:23:02]   Trial 12/16: build/run start
[2026-06-24 13:23:02] ID mapping:         0.055s
[2026-06-24 13:23:02] Creating network...
[2026-06-24 13:23:04]   Data loading:     0.899s
[2026-06-24 13:23:04]   Neuron creation:  0.006s
[2026-06-24 13:23:04]   Synapse creation: 0.525s
[2026-06-24 13:23:04]   Poisson inputs:   0.002s
[2026-06-24 13:23:04]   Total network:    1.479s
[2026-06-24 13:23:04] Building and running Brian2GeNN/GeNN CUDA executable...
[2026-06-24 13:23:53]   Build/codegen wall: 50.445s
[2026-06-24 13:23:53]   First run time:     0.081s
[2026-06-24 13:23:53]   First extraction:   0.000s

[2026-06-24 13:23:53]   Trial 13/16: build/run start
[2026-06-24 13:23:53] ID mapping:         0.070s
[2026-06-24 13:23:53] Creating network...
[2026-06-24 13:23:55]   Data loading:     0.583s
[2026-06-24 13:23:55]   Neuron creation:  0.006s
[2026-06-24 13:23:55]   Synapse creation: 0.515s
[2026-06-24 13:23:55]   Poisson inputs:   0.002s
[2026-06-24 13:23:55]   Total network:    1.159s
[2026-06-24 13:23:55] Building and running Brian2GeNN/GeNN CUDA executable...
[2026-06-24 13:24:40]   Build/codegen wall: 47.607s
[2026-06-24 13:24:40]   First run time:     0.080s
[2026-06-24 13:24:40]   First extraction:   0.000s

[2026-06-24 13:24:40]   Trial 14/16: build/run start
[2026-06-24 13:24:40] ID mapping:         0.048s
[2026-06-24 13:24:40] Creating network...
[2026-06-24 13:24:41]   Data loading:     1.063s
[2026-06-24 13:24:41]   Neuron creation:  0.006s
[2026-06-24 13:24:41]   Synapse creation: 0.580s
[2026-06-24 13:24:41]   Poisson inputs:   0.002s
[2026-06-24 13:24:41]   Total network:    1.691s
[2026-06-24 13:24:41] Building and running Brian2GeNN/GeNN CUDA executable...
[2026-06-24 13:25:29]   Build/codegen wall: 48.497s
[2026-06-24 13:25:29]   First run time:     0.082s
[2026-06-24 13:25:29]   First extraction:   0.000s

[2026-06-24 13:25:29]   Trial 15/16: build/run start
[2026-06-24 13:25:29] ID mapping:         0.068s
[2026-06-24 13:25:29] Creating network...
[2026-06-24 13:25:30]   Data loading:     0.771s
[2026-06-24 13:25:30]   Neuron creation:  0.008s
[2026-06-24 13:25:30]   Synapse creation: 0.556s
[2026-06-24 13:25:30]   Poisson inputs:   0.003s
[2026-06-24 13:25:30]   Total network:    1.378s
[2026-06-24 13:25:30] Building and running Brian2GeNN/GeNN CUDA executable...
[2026-06-24 13:26:14]   Build/codegen wall: 46.126s
[2026-06-24 13:26:14]   First run time:     0.082s
[2026-06-24 13:26:14]   First extraction:   0.000s
[2026-06-24 13:26:14]   Trial 15/16: sim 0.082s, build 46.126s, spikes 0

[2026-06-24 13:26:14]   Trial 16/16: build/run start
[2026-06-24 13:26:14] ID mapping:         0.053s
[2026-06-24 13:26:14] Creating network...
[2026-06-24 13:26:15]   Data loading:     0.524s
[2026-06-24 13:26:15]   Neuron creation:  0.007s
[2026-06-24 13:26:15]   Synapse creation: 0.505s
[2026-06-24 13:26:15]   Poisson inputs:   0.002s
[2026-06-24 13:26:15]   Total network:    1.083s
[2026-06-24 13:26:15] Building and running Brian2GeNN/GeNN CUDA executable...
[2026-06-24 13:27:04]   Build/codegen wall: 49.675s
[2026-06-24 13:27:04]   First run time:     0.082s
[2026-06-24 13:27:04]   First extraction:   0.000s
[2026-06-24 13:27:04]   Total simulation: 1.308s
[2026-06-24 13:27:04]   Spike extraction: 0.000s
[2026-06-24 13:27:04]   Avg per trial:    0.082s
[2026-06-24 13:27:04] Collecting results...
[2026-06-24 13:27:04]   Spike probing/output disabled; no parquet written
[2026-06-24 13:27:04]   Collection:       0.000s
[2026-06-24 13:27:04]   Save to file:     0.000s

------------------------------------------------------------
[2026-06-24 13:27:04] TIMING SUMMARY
------------------------------------------------------------
[2026-06-24 13:27:04]   Network creation:       18.208s
[2026-06-24 13:27:04]   Device build:          755.672s
[2026-06-24 13:27:04]   Simulation:              1.308s
[2026-06-24 13:27:04]   Spike extraction:        0.000s
[2026-06-24 13:27:04]   Result processing:       0.000s
[2026-06-24 13:27:04]   -----------------------------------------
[2026-06-24 13:27:04]   TOTAL ELAPSED:         776.032s

[2026-06-24 13:27:04]   Simulated time:            1.6s (16 x 0.1s)
[2026-06-24 13:27:04]   Realtime ratio (sim only):  1.223x
[2026-06-24 13:27:04]   Realtime ratio (total):     0.002x

[2026-06-24 13:27:04]   Active neurons:              0
[2026-06-24 13:27:04]   Total spikes:                0
------------------------------------------------------------

================================================================================
[2026-06-24 13:27:04] [14/20] BENCHMARK: t_run=1.0s, n_run=16
================================================================================
[2026-06-24 13:27:04] Device: GPU (Brian2GeNN)
[2026-06-24 13:27:04] Experiment: brian2genn_t1.0s_n16
[2026-06-24 13:27:04] Spike probing/output: disabled
[2026-06-24 13:27:04] Run label: nature_2026_05_noio
[2026-06-24 13:27:04] Round: 1
[2026-06-24 13:27:04] Running 16 independent Brian2GeNN trial(s); Brian2GeNN rebuilds for each trial.

[2026-06-24 13:27:04]   Trial 1/16: build/run start
[2026-06-24 13:27:04] ID mapping:         0.068s
[2026-06-24 13:27:04] Creating network...
[2026-06-24 13:27:05]   Data loading:     0.579s
[2026-06-24 13:27:05]   Neuron creation:  0.008s
[2026-06-24 13:27:05]   Synapse creation: 0.517s
[2026-06-24 13:27:05]   Poisson inputs:   0.002s
[2026-06-24 13:27:05]   Total network:    1.157s
[2026-06-24 13:27:05] Building and running Brian2GeNN/GeNN CUDA executable...
[2026-06-24 13:27:58]   Build/codegen wall: 54.458s
[2026-06-24 13:27:58]   First run time:     1.207s
[2026-06-24 13:27:58]   First extraction:   0.000s

[2026-06-24 13:27:58]   Trial 2/16: build/run start
[2026-06-24 13:27:58] ID mapping:         0.080s
[2026-06-24 13:27:58] Creating network...
[2026-06-24 13:28:00]   Data loading:     0.628s
[2026-06-24 13:28:00]   Neuron creation:  0.007s
[2026-06-24 13:28:00]   Synapse creation: 0.563s
[2026-06-24 13:28:00]   Poisson inputs:   0.002s
[2026-06-24 13:28:00]   Total network:    1.253s
[2026-06-24 13:28:00] Building and running Brian2GeNN/GeNN CUDA executable...
[2026-06-24 13:28:52]   Build/codegen wall: 53.801s
[2026-06-24 13:28:52]   First run time:     1.215s
[2026-06-24 13:28:52]   First extraction:   0.000s

[2026-06-24 13:28:52]   Trial 3/16: build/run start
[2026-06-24 13:28:52] ID mapping:         0.067s
[2026-06-24 13:28:52] Creating network...
[2026-06-24 13:28:53]   Data loading:     0.748s
[2026-06-24 13:28:53]   Neuron creation:  0.007s
[2026-06-24 13:28:53]   Synapse creation: 0.518s
[2026-06-24 13:28:53]   Poisson inputs:   0.002s
[2026-06-24 13:28:53]   Total network:    1.317s
[2026-06-24 13:28:53] Building and running Brian2GeNN/GeNN CUDA executable...
[2026-06-24 13:29:43]   Build/codegen wall: 50.032s
[2026-06-24 13:29:43]   First run time:     1.216s
[2026-06-24 13:29:43]   First extraction:   0.000s

[2026-06-24 13:29:44]   Trial 4/16: build/run start
[2026-06-24 13:29:44] ID mapping:         0.054s
[2026-06-24 13:29:44] Creating network...
[2026-06-24 13:29:43]   Data loading:     0.480s
[2026-06-24 13:29:43]   Neuron creation:  0.006s
[2026-06-24 13:29:43]   Synapse creation: 0.458s
[2026-06-24 13:29:43]   Poisson inputs:   0.002s
[2026-06-24 13:29:43]   Total network:    0.988s
[2026-06-24 13:29:43] Building and running Brian2GeNN/GeNN CUDA executable...
[2026-06-24 13:30:37]   Build/codegen wall: 53.356s
[2026-06-24 13:30:37]   First run time:     1.211s
[2026-06-24 13:30:37]   First extraction:   0.000s

[2026-06-24 13:30:37]   Trial 5/16: build/run start
[2026-06-24 13:30:37] ID mapping:         0.061s
[2026-06-24 13:30:37] Creating network...
[2026-06-24 13:30:38]   Data loading:     0.580s
[2026-06-24 13:30:38]   Neuron creation:  0.007s
[2026-06-24 13:30:38]   Synapse creation: 0.539s
[2026-06-24 13:30:38]   Poisson inputs:   0.002s
[2026-06-24 13:30:38]   Total network:    1.184s
[2026-06-24 13:30:38] Building and running Brian2GeNN/GeNN CUDA executable...
[2026-06-24 13:31:27]   Build/codegen wall: 50.817s
[2026-06-24 13:31:27]   First run time:     1.209s
[2026-06-24 13:31:27]   First extraction:   0.000s
[2026-06-24 13:31:27]   Trial 5/16: sim 1.209s, build 50.817s, spikes 0

[2026-06-24 13:31:27]   Trial 6/16: build/run start
[2026-06-24 13:31:28] ID mapping:         0.055s
[2026-06-24 13:31:28] Creating network...
[2026-06-24 13:31:29]   Data loading:     0.740s
[2026-06-24 13:31:29]   Neuron creation:  0.006s
[2026-06-24 13:31:29]   Synapse creation: 0.579s
[2026-06-24 13:31:29]   Poisson inputs:   0.002s
[2026-06-24 13:31:29]   Total network:    1.372s
[2026-06-24 13:31:29] Building and running Brian2GeNN/GeNN CUDA executable...
[2026-06-24 13:32:22]   Build/codegen wall: 54.196s
[2026-06-24 13:32:22]   First run time:     1.204s
[2026-06-24 13:32:22]   First extraction:   0.000s

[2026-06-24 13:32:22]   Trial 7/16: build/run start
[2026-06-24 13:32:22] ID mapping:         0.160s
[2026-06-24 13:32:22] Creating network...
[2026-06-24 13:32:26]   Data loading:     1.794s
[2026-06-24 13:32:26]   Neuron creation:  0.019s
[2026-06-24 13:32:26]   Synapse creation: 2.159s
[2026-06-24 13:32:26]   Poisson inputs:   0.003s
[2026-06-24 13:32:26]   Total network:    4.086s
[2026-06-24 13:32:26] Building and running Brian2GeNN/GeNN CUDA executable...
[2026-06-24 13:34:22]   Build/codegen wall: 119.817s
[2026-06-24 13:34:22]   First run time:     1.214s
[2026-06-24 13:34:22]   First extraction:   0.000s

[2026-06-24 13:34:22]   Trial 8/16: build/run start
[2026-06-24 13:34:22] ID mapping:         0.145s
[2026-06-24 13:34:22] Creating network...
[2026-06-24 13:34:26]   Data loading:     1.438s
[2026-06-24 13:34:26]   Neuron creation:  0.009s
[2026-06-24 13:34:26]   Synapse creation: 1.849s
[2026-06-24 13:34:26]   Poisson inputs:   0.004s
[2026-06-24 13:34:26]   Total network:    3.404s
[2026-06-24 13:34:26] Building and running Brian2GeNN/GeNN CUDA executable...
[2026-06-24 13:36:15]   Build/codegen wall: 111.762s
[2026-06-24 13:36:15]   First run time:     1.216s
[2026-06-24 13:36:15]   First extraction:   0.000s

[2026-06-24 13:36:15]   Trial 9/16: build/run start
[2026-06-24 13:36:15] ID mapping:         0.088s
[2026-06-24 13:36:15] Creating network...
[2026-06-24 13:36:17]   Data loading:     0.831s
[2026-06-24 13:36:17]   Neuron creation:  0.009s
[2026-06-24 13:36:17]   Synapse creation: 1.285s
[2026-06-24 13:36:17]   Poisson inputs:   0.003s
[2026-06-24 13:36:17]   Total network:    2.192s
[2026-06-24 13:36:17] Building and running Brian2GeNN/GeNN CUDA executable...
[2026-06-24 13:37:43]   Build/codegen wall: 88.743s
[2026-06-24 13:37:43]   First run time:     1.216s
[2026-06-24 13:37:43]   First extraction:   0.000s

[2026-06-24 13:37:44]   Trial 10/16: build/run start
[2026-06-24 13:37:44] ID mapping:         0.134s
[2026-06-24 13:37:44] Creating network...
[2026-06-24 13:37:47]   Data loading:     2.058s
[2026-06-24 13:37:47]   Neuron creation:  0.013s
[2026-06-24 13:37:47]   Synapse creation: 1.030s
[2026-06-24 13:37:47]   Poisson inputs:   0.011s
[2026-06-24 13:37:47]   Total network:    3.223s
[2026-06-24 13:37:47] Building and running Brian2GeNN/GeNN CUDA executable...
[2026-06-24 13:39:52]   Build/codegen wall: 128.624s
[2026-06-24 13:39:52]   First run time:     1.152s
[2026-06-24 13:39:52]   First extraction:   0.000s
[2026-06-24 13:39:52]   Trial 10/16: sim 1.152s, build 128.624s, spikes 0

[2026-06-24 13:39:52]   Trial 11/16: build/run start
[2026-06-24 13:39:52] ID mapping:         0.092s
[2026-06-24 13:39:52] Creating network...
[2026-06-24 13:39:54]   Data loading:     0.845s
[2026-06-24 13:39:54]   Neuron creation:  0.019s
[2026-06-24 13:39:54]   Synapse creation: 0.842s
[2026-06-24 13:39:54]   Poisson inputs:   0.003s
[2026-06-24 13:39:54]   Total network:    1.784s
[2026-06-24 13:39:54] Building and running Brian2GeNN/GeNN CUDA executable...
[2026-06-24 13:41:30]   Build/codegen wall: 99.560s
[2026-06-24 13:41:30]   First run time:     1.211s
[2026-06-24 13:41:30]   First extraction:   0.000s

[2026-06-24 13:41:30]   Trial 12/16: build/run start
[2026-06-24 13:41:30] ID mapping:         0.036s
[2026-06-24 13:41:30] Creating network...
[2026-06-24 13:41:31]   Data loading:     0.380s
[2026-06-24 13:41:31]   Neuron creation:  0.006s
[2026-06-24 13:41:31]   Synapse creation: 0.402s
[2026-06-24 13:41:31]   Poisson inputs:   0.002s
[2026-06-24 13:41:31]   Total network:    0.825s
[2026-06-24 13:41:31] Building and running Brian2GeNN/GeNN CUDA executable...
[2026-06-24 13:42:03]   Build/codegen wall: 31.818s
[2026-06-24 13:42:03]   First run time:     1.205s
[2026-06-24 13:42:03]   First extraction:   0.000s

[2026-06-24 13:42:03]   Trial 13/16: build/run start
[2026-06-24 13:42:03] ID mapping:         0.037s
[2026-06-24 13:42:03] Creating network...
[2026-06-24 13:42:04]   Data loading:     0.354s
[2026-06-24 13:42:04]   Neuron creation:  0.005s
[2026-06-24 13:42:04]   Synapse creation: 0.364s
[2026-06-24 13:42:04]   Poisson inputs:   0.001s
[2026-06-24 13:42:04]   Total network:    0.756s
[2026-06-24 13:42:04] Building and running Brian2GeNN/GeNN CUDA executable...
[2026-06-24 13:42:35]   Build/codegen wall: 31.306s
[2026-06-24 13:42:35]   First run time:     1.201s
[2026-06-24 13:42:35]   First extraction:   0.000s

[2026-06-24 13:42:35]   Trial 14/16: build/run start
[2026-06-24 13:42:35] ID mapping:         0.041s
[2026-06-24 13:42:35] Creating network...
[2026-06-24 13:42:36]   Data loading:     0.428s
[2026-06-24 13:42:36]   Neuron creation:  0.006s
[2026-06-24 13:42:36]   Synapse creation: 0.357s
[2026-06-24 13:42:36]   Poisson inputs:   0.001s
[2026-06-24 13:42:36]   Total network:    0.822s
[2026-06-24 13:42:36] Building and running Brian2GeNN/GeNN CUDA executable...
[2026-06-24 13:43:08]   Build/codegen wall: 31.990s
[2026-06-24 13:43:08]   First run time:     1.143s
[2026-06-24 13:43:08]   First extraction:   0.000s

[2026-06-24 13:43:08]   Trial 15/16: build/run start
[2026-06-24 13:43:08] ID mapping:         0.037s
[2026-06-24 13:43:08] Creating network...
[2026-06-24 13:43:09]   Data loading:     0.361s
[2026-06-24 13:43:09]   Neuron creation:  0.005s
[2026-06-24 13:43:09]   Synapse creation: 0.350s
[2026-06-24 13:43:09]   Poisson inputs:   0.002s
[2026-06-24 13:43:09]   Total network:    0.750s
[2026-06-24 13:43:09] Building and running Brian2GeNN/GeNN CUDA executable...
[2026-06-24 13:43:40]   Build/codegen wall: 32.451s
[2026-06-24 13:43:40]   First run time:     1.197s
[2026-06-24 13:43:40]   First extraction:   0.000s
[2026-06-24 13:43:40]   Trial 15/16: sim 1.197s, build 32.451s, spikes 0

[2026-06-24 13:43:40]   Trial 16/16: build/run start
[2026-06-24 13:43:40] ID mapping:         0.036s
[2026-06-24 13:43:40] Creating network...
[2026-06-24 13:43:41]   Data loading:     0.363s
[2026-06-24 13:43:41]   Neuron creation:  0.006s
[2026-06-24 13:43:41]   Synapse creation: 0.379s
[2026-06-24 13:43:41]   Poisson inputs:   0.002s
[2026-06-24 13:43:41]   Total network:    0.790s
[2026-06-24 13:43:41] Building and running Brian2GeNN/GeNN CUDA executable...
[2026-06-24 13:44:11]   Build/codegen wall: 31.002s
[2026-06-24 13:44:11]   First run time:     1.205s
[2026-06-24 13:44:11]   First extraction:   0.000s
[2026-06-24 13:44:11]   Total simulation: 19.221s
[2026-06-24 13:44:11]   Spike extraction: 0.000s
[2026-06-24 13:44:11]   Avg per trial:    1.201s
[2026-06-24 13:44:11] Collecting results...
[2026-06-24 13:44:11]   Spike probing/output disabled; no parquet written
[2026-06-24 13:44:11]   Collection:       0.000s
[2026-06-24 13:44:11]   Save to file:     0.000s

------------------------------------------------------------
[2026-06-24 13:44:11] TIMING SUMMARY
------------------------------------------------------------
[2026-06-24 13:44:11]   Network creation:       25.905s
[2026-06-24 13:44:11]   Device build:         1023.733s
[2026-06-24 13:44:11]   Simulation:             19.221s
[2026-06-24 13:44:11]   Spike extraction:        0.000s
[2026-06-24 13:44:11]   Result processing:       0.000s
[2026-06-24 13:44:11]   -----------------------------------------
[2026-06-24 13:44:11]   TOTAL ELAPSED:        1070.051s

[2026-06-24 13:44:11]   Simulated time:           16.0s (16 x 1.0s)
[2026-06-24 13:44:11]   Realtime ratio (sim only):  0.832x
[2026-06-24 13:44:11]   Realtime ratio (total):     0.015x

[2026-06-24 13:44:11]   Active neurons:              0
[2026-06-24 13:44:11]   Total spikes:                0
------------------------------------------------------------

================================================================================
[2026-06-24 13:44:11] [15/20] BENCHMARK: t_run=10.0s, n_run=16
================================================================================
[2026-06-24 13:44:11] Device: GPU (Brian2GeNN)
[2026-06-24 13:44:11] Experiment: brian2genn_t10.0s_n16
[2026-06-24 13:44:11] Spike probing/output: disabled
[2026-06-24 13:44:11] Run label: nature_2026_05_noio
[2026-06-24 13:44:11] Round: 1
[2026-06-24 13:44:11] Running 16 independent Brian2GeNN trial(s); Brian2GeNN rebuilds for each trial.

[2026-06-24 13:44:11]   Trial 1/16: build/run start
[2026-06-24 13:44:12] ID mapping:         0.034s
[2026-06-24 13:44:12] Creating network...
[2026-06-24 13:44:12]   Data loading:     0.338s
[2026-06-24 13:44:12]   Neuron creation:  0.005s
[2026-06-24 13:44:12]   Synapse creation: 0.339s
[2026-06-24 13:44:12]   Poisson inputs:   0.001s
[2026-06-24 13:44:12]   Total network:    0.714s
[2026-06-24 13:44:12] Building and running Brian2GeNN/GeNN CUDA executable...
[2026-06-24 13:44:54]   Build/codegen wall: 30.705s
[2026-06-24 13:44:54]   First run time:     12.549s
[2026-06-24 13:44:54]   First extraction:   0.000s

[2026-06-24 13:44:54]   Trial 2/16: build/run start
[2026-06-24 13:44:54] ID mapping:         0.035s
[2026-06-24 13:44:54] Creating network...
[2026-06-24 13:44:55]   Data loading:     0.328s
[2026-06-24 13:44:55]   Neuron creation:  0.005s
[2026-06-24 13:44:55]   Synapse creation: 0.341s
[2026-06-24 13:44:55]   Poisson inputs:   0.001s
[2026-06-24 13:44:55]   Total network:    0.705s
[2026-06-24 13:44:55] Building and running Brian2GeNN/GeNN CUDA executable...
[2026-06-24 13:45:37]   Build/codegen wall: 30.701s
[2026-06-24 13:45:37]   First run time:     12.347s
[2026-06-24 13:45:37]   First extraction:   0.000s

[2026-06-24 13:45:37]   Trial 3/16: build/run start
[2026-06-24 13:45:37] ID mapping:         0.035s
[2026-06-24 13:45:37] Creating network...
[2026-06-24 13:45:37]   Data loading:     0.313s
[2026-06-24 13:45:37]   Neuron creation:  0.005s
[2026-06-24 13:45:37]   Synapse creation: 0.345s
[2026-06-24 13:45:37]   Poisson inputs:   0.001s
[2026-06-24 13:45:37]   Total network:    0.694s
[2026-06-24 13:45:37] Building and running Brian2GeNN/GeNN CUDA executable...
[2026-06-24 13:46:17]   Build/codegen wall: 29.963s
[2026-06-24 13:46:17]   First run time:     12.357s
[2026-06-24 13:46:17]   First extraction:   0.000s

[2026-06-24 13:46:17]   Trial 4/16: build/run start
[2026-06-24 13:46:17] ID mapping:         0.037s
[2026-06-24 13:46:17] Creating network...
[2026-06-24 13:46:18]   Data loading:     0.355s
[2026-06-24 13:46:18]   Neuron creation:  0.005s
[2026-06-24 13:46:18]   Synapse creation: 0.373s
[2026-06-24 13:46:18]   Poisson inputs:   0.001s
[2026-06-24 13:46:18]   Total network:    0.768s
[2026-06-24 13:46:18] Building and running Brian2GeNN/GeNN CUDA executable...
[2026-06-24 13:47:05]   Build/codegen wall: 35.654s
[2026-06-24 13:47:05]   First run time:     12.391s
[2026-06-24 13:47:05]   First extraction:   0.000s

[2026-06-24 13:47:05]   Trial 5/16: build/run start
[2026-06-24 13:47:05] ID mapping:         0.074s
[2026-06-24 13:47:05] Creating network...
[2026-06-24 13:47:06]   Data loading:     0.686s
[2026-06-24 13:47:06]   Neuron creation:  0.009s
[2026-06-24 13:47:06]   Synapse creation: 0.495s
[2026-06-24 13:47:06]   Poisson inputs:   0.002s
[2026-06-24 13:47:06]   Total network:    1.238s
[2026-06-24 13:47:06] Building and running Brian2GeNN/GeNN CUDA executable...
[2026-06-24 13:48:06]   Build/codegen wall: 50.046s
[2026-06-24 13:48:06]   First run time:     12.431s
[2026-06-24 13:48:06]   First extraction:   0.000s
[2026-06-24 13:48:06]   Trial 5/16: sim 12.431s, build 50.046s, spikes 0

[2026-06-24 13:48:06]   Trial 6/16: build/run start
[2026-06-24 13:48:06] ID mapping:         0.061s
[2026-06-24 13:48:06] Creating network...
[2026-06-24 13:48:07]   Data loading:     0.553s
[2026-06-24 13:48:07]   Neuron creation:  0.006s
[2026-06-24 13:48:07]   Synapse creation: 0.488s
[2026-06-24 13:48:07]   Poisson inputs:   0.002s
[2026-06-24 13:48:07]   Total network:    1.106s
[2026-06-24 13:48:07] Building and running Brian2GeNN/GeNN CUDA executable...
[2026-06-24 13:49:07]   Build/codegen wall: 50.109s
[2026-06-24 13:49:07]   First run time:     12.450s
[2026-06-24 13:49:07]   First extraction:   0.000s

[2026-06-24 13:49:07]   Trial 7/16: build/run start
[2026-06-24 13:49:07] ID mapping:         0.063s
[2026-06-24 13:49:07] Creating network...
[2026-06-24 13:49:09]   Data loading:     0.753s
[2026-06-24 13:49:09]   Neuron creation:  0.006s
[2026-06-24 13:49:09]   Synapse creation: 0.550s
[2026-06-24 13:49:09]   Poisson inputs:   0.002s
[2026-06-24 13:49:09]   Total network:    1.354s
[2026-06-24 13:49:09] Building and running Brian2GeNN/GeNN CUDA executable...
[2026-06-24 13:50:08]   Build/codegen wall: 50.061s
[2026-06-24 13:50:08]   First run time:     12.394s
[2026-06-24 13:50:09]   First extraction:   0.000s

[2026-06-24 13:50:09]   Trial 8/16: build/run start
[2026-06-24 13:50:09] ID mapping:         0.061s
[2026-06-24 13:50:09] Creating network...
[2026-06-24 13:50:10]   Data loading:     0.471s
[2026-06-24 13:50:10]   Neuron creation:  0.006s
[2026-06-24 13:50:10]   Synapse creation: 0.473s
[2026-06-24 13:50:10]   Poisson inputs:   0.002s
[2026-06-24 13:50:10]   Total network:    1.003s
[2026-06-24 13:50:10] Building and running Brian2GeNN/GeNN CUDA executable...
[2026-06-24 13:51:12]   Build/codegen wall: 52.046s
[2026-06-24 13:51:12]   First run time:     12.455s
[2026-06-24 13:51:12]   First extraction:   0.000s

[2026-06-24 13:51:12]   Trial 9/16: build/run start
[2026-06-24 13:51:12] ID mapping:         0.069s
[2026-06-24 13:51:12] Creating network...
[2026-06-24 13:51:13]   Data loading:     0.681s
[2026-06-24 13:51:13]   Neuron creation:  0.006s
[2026-06-24 13:51:13]   Synapse creation: 0.544s
[2026-06-24 13:51:13]   Poisson inputs:   0.002s
[2026-06-24 13:51:13]   Total network:    1.279s
[2026-06-24 13:51:13] Building and running Brian2GeNN/GeNN CUDA executable...
[2026-06-24 13:52:24]   Build/codegen wall: 61.500s
[2026-06-24 13:52:24]   First run time:     12.418s
[2026-06-24 13:52:24]   First extraction:   0.000s

[2026-06-24 13:52:24]   Trial 10/16: build/run start
[2026-06-24 13:52:24] ID mapping:         0.067s
[2026-06-24 13:52:24] Creating network...
[2026-06-24 13:52:24]   Data loading:     0.582s
[2026-06-24 13:52:24]   Neuron creation:  0.008s
[2026-06-24 13:52:24]   Synapse creation: 0.548s
[2026-06-24 13:52:24]   Poisson inputs:   0.003s
[2026-06-24 13:52:24]   Total network:    1.199s
[2026-06-24 13:52:24] Building and running Brian2GeNN/GeNN CUDA executable...
[2026-06-24 13:53:29]   Build/codegen wall: 55.324s
[2026-06-24 13:53:29]   First run time:     12.428s
[2026-06-24 13:53:29]   First extraction:   0.000s
[2026-06-24 13:53:29]   Trial 10/16: sim 12.428s, build 55.324s, spikes 0

[2026-06-24 13:53:29]   Trial 11/16: build/run start
[2026-06-24 13:53:29] ID mapping:         0.066s
[2026-06-24 13:53:29] Creating network...
[2026-06-24 13:53:31]   Data loading:     0.674s
[2026-06-24 13:53:31]   Neuron creation:  0.006s
[2026-06-24 13:53:31]   Synapse creation: 0.554s
[2026-06-24 13:53:31]   Poisson inputs:   0.002s
[2026-06-24 13:53:31]   Total network:    1.281s
[2026-06-24 13:53:31] Building and running Brian2GeNN/GeNN CUDA executable...
[2026-06-24 13:54:41]   Build/codegen wall: 60.811s
[2026-06-24 13:54:41]   First run time:     12.378s
[2026-06-24 13:54:41]   First extraction:   0.000s

[2026-06-24 13:54:59]   Trial 12/16: build/run start
[2026-06-24 13:54:59] ID mapping:         0.042s
[2026-06-24 13:54:59] Creating network...
[2026-06-24 13:55:00]   Data loading:     0.500s
[2026-06-24 13:55:00]   Neuron creation:  0.007s
[2026-06-24 13:55:00]   Synapse creation: 0.488s
[2026-06-24 13:55:00]   Poisson inputs:   0.002s
[2026-06-24 13:55:00]   Total network:    1.061s
[2026-06-24 13:55:00] Building and running Brian2GeNN/GeNN CUDA executable...
[2026-06-24 13:56:00]   Build/codegen wall: 48.429s
[2026-06-24 13:56:00]   First run time:     12.402s
[2026-06-24 13:56:00]   First extraction:   0.000s

[2026-06-24 13:56:08]   Trial 13/16: build/run start
[2026-06-24 13:56:08] ID mapping:         0.052s
[2026-06-24 13:56:08] Creating network...
[2026-06-24 13:56:09]   Data loading:     0.490s
[2026-06-24 13:56:09]   Neuron creation:  0.007s
[2026-06-24 13:56:09]   Synapse creation: 0.449s
[2026-06-24 13:56:09]   Poisson inputs:   0.002s
[2026-06-24 13:56:09]   Total network:    0.982s
[2026-06-24 13:56:09] Building and running Brian2GeNN/GeNN CUDA executable...
[2026-06-24 13:57:11]   Build/codegen wall: 52.958s
[2026-06-24 13:57:11]   First run time:     12.405s
[2026-06-24 13:57:11]   First extraction:   0.000s

[2026-06-24 13:57:12]   Trial 14/16: build/run start
[2026-06-24 13:57:12] ID mapping:         0.068s
[2026-06-24 13:57:12] Creating network...
[2026-06-24 13:57:13]   Data loading:     0.571s
[2026-06-24 13:57:13]   Neuron creation:  0.007s
[2026-06-24 13:57:13]   Synapse creation: 0.553s
[2026-06-24 13:57:13]   Poisson inputs:   0.003s
[2026-06-24 13:57:13]   Total network:    1.189s
[2026-06-24 13:57:13] Building and running Brian2GeNN/GeNN CUDA executable...
[2026-06-24 13:58:12]   Build/codegen wall: 49.847s
[2026-06-24 13:58:12]   First run time:     12.375s
[2026-06-24 13:58:12]   First extraction:   0.000s

[2026-06-24 13:58:12]   Trial 15/16: build/run start
[2026-06-24 13:58:13] ID mapping:         0.038s
[2026-06-24 13:58:13] Creating network...
[2026-06-24 13:58:13]   Data loading:     0.375s
[2026-06-24 13:58:13]   Neuron creation:  0.006s
[2026-06-24 13:58:13]   Synapse creation: 0.375s
[2026-06-24 13:58:13]   Poisson inputs:   0.002s
[2026-06-24 13:58:13]   Total network:    0.792s
[2026-06-24 13:58:13] Building and running Brian2GeNN/GeNN CUDA executable...
[2026-06-24 13:58:56]   Build/codegen wall: 31.325s
[2026-06-24 13:58:56]   First run time:     12.375s
[2026-06-24 13:58:56]   First extraction:   0.000s
[2026-06-24 13:58:56]   Trial 15/16: sim 12.375s, build 31.325s, spikes 0

[2026-06-24 13:58:56]   Trial 16/16: build/run start
[2026-06-24 13:58:56] ID mapping:         0.035s
[2026-06-24 13:58:56] Creating network...
[2026-06-24 13:58:56]   Data loading:     0.324s
[2026-06-24 13:58:56]   Neuron creation:  0.004s
[2026-06-24 13:58:56]   Synapse creation: 0.327s
[2026-06-24 13:58:56]   Poisson inputs:   0.001s
[2026-06-24 13:58:56]   Total network:    0.687s
[2026-06-24 13:58:56] Building and running Brian2GeNN/GeNN CUDA executable...
[2026-06-24 13:59:38]   Build/codegen wall: 31.852s
[2026-06-24 13:59:38]   First run time:     12.356s
[2026-06-24 13:59:38]   First extraction:   0.000s
[2026-06-24 13:59:38]   Total simulation: 198.511s
[2026-06-24 13:59:38]   Spike extraction: 0.000s
[2026-06-24 13:59:38]   Avg per trial:    12.407s
[2026-06-24 13:59:38] Collecting results...
[2026-06-24 13:59:38]   Spike probing/output disabled; no parquet written
[2026-06-24 13:59:38]   Collection:       0.000s
[2026-06-24 13:59:38]   Save to file:     0.000s

------------------------------------------------------------
[2026-06-24 13:59:38] TIMING SUMMARY
------------------------------------------------------------
[2026-06-24 13:59:38]   Network creation:       16.053s
[2026-06-24 13:59:38]   Device build:          721.332s
[2026-06-24 13:59:38]   Simulation:            198.511s
[2026-06-24 13:59:38]   Spike extraction:        0.000s
[2026-06-24 13:59:38]   Result processing:       0.000s
[2026-06-24 13:59:38]   -----------------------------------------
[2026-06-24 13:59:38]   TOTAL ELAPSED:         936.734s

[2026-06-24 13:59:38]   Simulated time:          160.0s (16 x 10.0s)
[2026-06-24 13:59:38]   Realtime ratio (sim only):  0.806x
[2026-06-24 13:59:38]   Realtime ratio (total):     0.171x

[2026-06-24 13:59:38]   Active neurons:              0
[2026-06-24 13:59:38]   Total spikes:                0
------------------------------------------------------------

================================================================================
[2026-06-24 13:59:38] [16/20] BENCHMARK: t_run=100.0s, n_run=16
================================================================================
[2026-06-24 13:59:38] Device: GPU (Brian2GeNN)
[2026-06-24 13:59:38] Experiment: brian2genn_t100.0s_n16
[2026-06-24 13:59:38] Spike probing/output: disabled
[2026-06-24 13:59:38] Run label: nature_2026_05_noio
[2026-06-24 13:59:38] Round: 1
[2026-06-24 13:59:38] Running 16 independent Brian2GeNN trial(s); Brian2GeNN rebuilds for each trial.

[2026-06-24 13:59:38]   Trial 1/16: build/run start
[2026-06-24 13:59:38] ID mapping:         0.037s
[2026-06-24 13:59:38] Creating network...
[2026-06-24 13:59:39]   Data loading:     0.360s
[2026-06-24 13:59:39]   Neuron creation:  0.004s
[2026-06-24 13:59:39]   Synapse creation: 0.340s
[2026-06-24 13:59:39]   Poisson inputs:   0.001s
[2026-06-24 13:59:39]   Total network:    0.736s
[2026-06-24 13:59:39] Building and running Brian2GeNN/GeNN CUDA executable...
[2026-06-24 14:02:12]   Build/codegen wall: 35.497s
[2026-06-24 14:02:12]   First run time:     124.590s
[2026-06-24 14:02:12]   First extraction:   0.000s

[2026-06-24 14:02:12]   Trial 2/16: build/run start
[2026-06-24 14:02:12] ID mapping:         0.033s
[2026-06-24 14:02:12] Creating network...
[2026-06-24 14:02:13]   Data loading:     0.328s
[2026-06-24 14:02:13]   Neuron creation:  0.005s
[2026-06-24 14:02:13]   Synapse creation: 0.343s
[2026-06-24 14:02:13]   Poisson inputs:   0.002s
[2026-06-24 14:02:13]   Total network:    0.706s
[2026-06-24 14:02:13] Building and running Brian2GeNN/GeNN CUDA executable...
[2026-06-24 14:04:49]   Build/codegen wall: 36.767s
[2026-06-24 14:04:49]   First run time:     125.569s
[2026-06-24 14:04:49]   First extraction:   0.000s

[2026-06-24 14:04:49]   Trial 3/16: build/run start
[2026-06-24 14:04:49] ID mapping:         0.035s
[2026-06-24 14:04:49] Creating network...
[2026-06-24 14:04:49]   Data loading:     0.323s
[2026-06-24 14:04:49]   Neuron creation:  0.005s
[2026-06-24 14:04:49]   Synapse creation: 0.345s
[2026-06-24 14:04:49]   Poisson inputs:   0.002s
[2026-06-24 14:04:49]   Total network:    0.703s
[2026-06-24 14:04:49] Building and running Brian2GeNN/GeNN CUDA executable...
[2026-06-24 14:07:24]   Build/codegen wall: 37.517s
[2026-06-24 14:07:24]   First run time:     124.383s
[2026-06-24 14:07:24]   First extraction:   0.000s

[2026-06-24 14:07:24]   Trial 4/16: build/run start
[2026-06-24 14:07:24] ID mapping:         0.052s
[2026-06-24 14:07:24] Creating network...
[2026-06-24 14:07:25]   Data loading:     0.334s
[2026-06-24 14:07:25]   Neuron creation:  0.005s
[2026-06-24 14:07:25]   Synapse creation: 0.361s
[2026-06-24 14:07:25]   Poisson inputs:   0.002s
[2026-06-24 14:07:25]   Total network:    0.733s
[2026-06-24 14:07:25] Building and running Brian2GeNN/GeNN CUDA executable...
[2026-06-24 14:10:00]   Build/codegen wall: 37.262s
[2026-06-24 14:10:00]   First run time:     124.699s
[2026-06-24 14:10:00]   First extraction:   0.000s

[2026-06-24 14:10:00]   Trial 5/16: build/run start
[2026-06-24 14:10:00] ID mapping:         0.034s
[2026-06-24 14:10:00] Creating network...
[2026-06-24 14:10:01]   Data loading:     0.326s
[2026-06-24 14:10:01]   Neuron creation:  0.005s
[2026-06-24 14:10:01]   Synapse creation: 0.337s
[2026-06-24 14:10:01]   Poisson inputs:   0.002s
[2026-06-24 14:10:01]   Total network:    0.698s
[2026-06-24 14:10:01] Building and running Brian2GeNN/GeNN CUDA executable...
[2026-06-24 14:12:36]   Build/codegen wall: 37.425s
[2026-06-24 14:12:36]   First run time:     124.356s
[2026-06-24 14:12:36]   First extraction:   0.000s
[2026-06-24 14:12:36]   Trial 5/16: sim 124.356s, build 37.425s, spikes 0

[2026-06-24 14:12:36]   Trial 6/16: build/run start
[2026-06-24 14:12:36] ID mapping:         0.034s
[2026-06-24 14:12:36] Creating network...
[2026-06-24 14:12:37]   Data loading:     0.317s
[2026-06-24 14:12:37]   Neuron creation:  0.004s
[2026-06-24 14:12:37]   Synapse creation: 0.344s
[2026-06-24 14:12:37]   Poisson inputs:   0.002s
[2026-06-24 14:12:37]   Total network:    0.697s
[2026-06-24 14:12:37] Building and running Brian2GeNN/GeNN CUDA executable...
[2026-06-24 14:15:09]   Build/codegen wall: 35.382s
[2026-06-24 14:15:09]   First run time:     123.927s
[2026-06-24 14:15:09]   First extraction:   0.000s

[2026-06-24 14:15:09]   Trial 7/16: build/run start
[2026-06-24 14:15:09] ID mapping:         0.034s
[2026-06-24 14:15:09] Creating network...
[2026-06-24 14:15:10]   Data loading:     0.318s
[2026-06-24 14:15:10]   Neuron creation:  0.004s
[2026-06-24 14:15:10]   Synapse creation: 0.331s
[2026-06-24 14:15:10]   Poisson inputs:   0.001s
[2026-06-24 14:15:10]   Total network:    0.686s
[2026-06-24 14:15:10] Building and running Brian2GeNN/GeNN CUDA executable...
[2026-06-24 14:17:45]   Build/codegen wall: 37.038s
[2026-06-24 14:17:45]   First run time:     125.030s
[2026-06-24 14:17:45]   First extraction:   0.000s

[2026-06-24 14:17:45]   Trial 8/16: build/run start
[2026-06-24 14:17:45] ID mapping:         0.040s
[2026-06-24 14:17:45] Creating network...
[2026-06-24 14:17:46]   Data loading:     0.411s
[2026-06-24 14:17:46]   Neuron creation:  0.007s
[2026-06-24 14:17:46]   Synapse creation: 0.461s
[2026-06-24 14:17:46]   Poisson inputs:   0.002s
[2026-06-24 14:17:46]   Total network:    0.916s
[2026-06-24 14:17:46] Building and running Brian2GeNN/GeNN CUDA executable...
[2026-06-24 14:20:24]   Build/codegen wall: 39.953s
[2026-06-24 14:20:24]   First run time:     124.671s
[2026-06-24 14:20:24]   First extraction:   0.000s

[2026-06-24 14:20:24]   Trial 9/16: build/run start
[2026-06-24 14:20:24] ID mapping:         0.035s
[2026-06-24 14:20:24] Creating network...
[2026-06-24 14:20:25]   Data loading:     0.359s
[2026-06-24 14:20:25]   Neuron creation:  0.005s
[2026-06-24 14:20:25]   Synapse creation: 0.381s
[2026-06-24 14:20:25]   Poisson inputs:   0.002s
[2026-06-24 14:20:25]   Total network:    0.780s
[2026-06-24 14:20:25] Building and running Brian2GeNN/GeNN CUDA executable...
[2026-06-24 14:23:02]   Build/codegen wall: 39.271s
[2026-06-24 14:23:02]   First run time:     124.848s
[2026-06-24 14:23:02]   First extraction:   0.000s

[2026-06-24 14:23:02]   Trial 10/16: build/run start
[2026-06-24 14:23:02] ID mapping:         0.040s
[2026-06-24 14:23:02] Creating network...
[2026-06-24 14:23:03]   Data loading:     0.377s
[2026-06-24 14:23:03]   Neuron creation:  0.006s
[2026-06-24 14:23:03]   Synapse creation: 0.391s
[2026-06-24 14:23:03]   Poisson inputs:   0.002s
[2026-06-24 14:23:03]   Total network:    0.814s
[2026-06-24 14:23:03] Building and running Brian2GeNN/GeNN CUDA executable...
[2026-06-24 14:25:39]   Build/codegen wall: 38.861s
[2026-06-24 14:25:39]   First run time:     124.726s
[2026-06-24 14:25:39]   First extraction:   0.000s
[2026-06-24 14:25:40]   Trial 10/16: sim 124.726s, build 38.861s, spikes 0

[2026-06-24 14:25:40]   Trial 11/16: build/run start
[2026-06-24 14:25:40] ID mapping:         0.041s
[2026-06-24 14:25:40] Creating network...
[2026-06-24 14:25:40]   Data loading:     0.397s
[2026-06-24 14:25:40]   Neuron creation:  0.005s
[2026-06-24 14:25:40]   Synapse creation: 0.363s
[2026-06-24 14:25:40]   Poisson inputs:   0.001s
[2026-06-24 14:25:40]   Total network:    0.798s
[2026-06-24 14:25:40] Building and running Brian2GeNN/GeNN CUDA executable...
[2026-06-24 14:28:19]   Build/codegen wall: 39.651s
[2026-06-24 14:28:19]   First run time:     125.651s
[2026-06-24 14:28:19]   First extraction:   0.000s

[2026-06-24 14:28:19]   Trial 12/16: build/run start
[2026-06-24 14:28:19] ID mapping:         0.035s
[2026-06-24 14:28:19] Creating network...
[2026-06-24 14:28:19]   Data loading:     0.330s
[2026-06-24 14:28:19]   Neuron creation:  0.005s
[2026-06-24 14:28:19]   Synapse creation: 0.361s
[2026-06-24 14:28:19]   Poisson inputs:   0.002s
[2026-06-24 14:28:19]   Total network:    0.730s
[2026-06-24 14:28:19] Building and running Brian2GeNN/GeNN CUDA executable...
[2026-06-24 14:30:52]   Build/codegen wall: 35.638s
[2026-06-24 14:30:52]   First run time:     124.205s
[2026-06-24 14:30:52]   First extraction:   0.000s

[2026-06-24 14:30:52]   Trial 13/16: build/run start
[2026-06-24 14:30:52] ID mapping:         0.036s
[2026-06-24 14:30:52] Creating network...
[2026-06-24 14:30:53]   Data loading:     0.366s
[2026-06-24 14:30:53]   Neuron creation:  0.004s
[2026-06-24 14:30:53]   Synapse creation: 0.347s
[2026-06-24 14:30:53]   Poisson inputs:   0.002s
[2026-06-24 14:30:53]   Total network:    0.753s
[2026-06-24 14:30:53] Building and running Brian2GeNN/GeNN CUDA executable...
[2026-06-24 14:33:27]   Build/codegen wall: 36.566s
[2026-06-24 14:33:27]   First run time:     124.464s
[2026-06-24 14:33:27]   First extraction:   0.000s

[2026-06-24 14:33:27]   Trial 14/16: build/run start
[2026-06-24 14:33:27] ID mapping:         0.039s
[2026-06-24 14:33:27] Creating network...
[2026-06-24 14:33:28]   Data loading:     0.355s
[2026-06-24 14:33:28]   Neuron creation:  0.005s
[2026-06-24 14:33:28]   Synapse creation: 0.348s
[2026-06-24 14:33:28]   Poisson inputs:   0.002s
[2026-06-24 14:33:28]   Total network:    0.740s
[2026-06-24 14:33:28] Building and running Brian2GeNN/GeNN CUDA executable...
[2026-06-24 14:36:05]   Build/codegen wall: 39.444s
[2026-06-24 14:36:05]   First run time:     124.945s
[2026-06-24 14:36:05]   First extraction:   0.000s

[2026-06-24 14:36:05]   Trial 15/16: build/run start
[2026-06-24 14:36:05] ID mapping:         0.079s
[2026-06-24 14:36:05] Creating network...
[2026-06-24 14:36:07]   Data loading:     0.704s
[2026-06-24 14:36:07]   Neuron creation:  0.007s
[2026-06-24 14:36:07]   Synapse creation: 0.585s
[2026-06-24 14:36:07]   Poisson inputs:   0.003s
[2026-06-24 14:36:07]   Total network:    1.372s
[2026-06-24 14:36:07] Building and running Brian2GeNN/GeNN CUDA executable...
[2026-06-24 14:39:00]   Build/codegen wall: 56.541s
[2026-06-24 14:39:00]   First run time:     125.117s
[2026-06-24 14:39:00]   First extraction:   0.000s
[2026-06-24 14:39:00]   Trial 15/16: sim 125.117s, build 56.541s, spikes 0

[2026-06-24 14:39:00]   Trial 16/16: build/run start
[2026-06-24 14:39:00] ID mapping:         0.064s
[2026-06-24 14:39:00] Creating network...
[2026-06-24 14:39:01]   Data loading:     0.643s
[2026-06-24 14:39:01]   Neuron creation:  0.007s
[2026-06-24 14:39:01]   Synapse creation: 0.560s
[2026-06-24 14:39:01]   Poisson inputs:   0.003s
[2026-06-24 14:39:01]   Total network:    1.254s
[2026-06-24 14:39:01] Building and running Brian2GeNN/GeNN CUDA executable...
[2026-06-24 14:42:03]   Build/codegen wall: 65.563s
[2026-06-24 14:42:03]   First run time:     125.099s
[2026-06-24 14:42:03]   First extraction:   0.000s
[2026-06-24 14:42:04]   Total simulation: 1996.280s
[2026-06-24 14:42:04]   Spike extraction: 0.000s
[2026-06-24 14:42:04]   Avg per trial:    124.767s
[2026-06-24 14:42:04] Collecting results...
[2026-06-24 14:42:04]   Spike probing/output disabled; no parquet written
[2026-06-24 14:42:04]   Collection:       0.000s
[2026-06-24 14:42:04]   Save to file:     0.000s

------------------------------------------------------------
[2026-06-24 14:42:04] TIMING SUMMARY
------------------------------------------------------------
[2026-06-24 14:42:04]   Network creation:       13.117s
[2026-06-24 14:42:04]   Device build:          648.377s
[2026-06-24 14:42:04]   Simulation:           1996.280s
[2026-06-24 14:42:04]   Spike extraction:        0.000s
[2026-06-24 14:42:04]   Result processing:       0.000s
[2026-06-24 14:42:04]   -----------------------------------------
[2026-06-24 14:42:04]   TOTAL ELAPSED:        2658.442s

[2026-06-24 14:42:04]   Simulated time:         1600.0s (16 x 100.0s)
[2026-06-24 14:42:04]   Realtime ratio (sim only):  0.801x
[2026-06-24 14:42:04]   Realtime ratio (total):     0.602x

[2026-06-24 14:42:04]   Active neurons:              0
[2026-06-24 14:42:04]   Total spikes:                0
------------------------------------------------------------

================================================================================
[2026-06-24 14:42:04] [17/20] BENCHMARK: t_run=0.1s, n_run=32
================================================================================
[2026-06-24 14:42:04] Device: GPU (Brian2GeNN)
[2026-06-24 14:42:04] Experiment: brian2genn_t0.1s_n32
[2026-06-24 14:42:04] Spike probing/output: disabled
[2026-06-24 14:42:04] Run label: nature_2026_05_noio
[2026-06-24 14:42:04] Round: 1
[2026-06-24 14:42:04] Running 32 independent Brian2GeNN trial(s); Brian2GeNN rebuilds for each trial.

[2026-06-24 14:42:04]   Trial 1/32: build/run start
[2026-06-24 14:42:04] ID mapping:         0.100s
[2026-06-24 14:42:04] Creating network...
[2026-06-24 14:42:05]   Data loading:     1.025s
[2026-06-24 14:42:05]   Neuron creation:  0.011s
[2026-06-24 14:42:05]   Synapse creation: 0.663s
[2026-06-24 14:42:05]   Poisson inputs:   0.004s
[2026-06-24 14:42:05]   Total network:    1.776s
[2026-06-24 14:42:05] Building and running Brian2GeNN/GeNN CUDA executable...
[2026-06-24 14:43:02]   Build/codegen wall: 59.450s
[2026-06-24 14:43:02]   First run time:     0.082s
[2026-06-24 14:43:02]   First extraction:   0.000s

[2026-06-24 14:43:02]   Trial 2/32: build/run start
[2026-06-24 14:43:02] ID mapping:         0.064s
[2026-06-24 14:43:02] Creating network...
[2026-06-24 14:43:03]   Data loading:     0.498s
[2026-06-24 14:43:03]   Neuron creation:  0.007s
[2026-06-24 14:43:03]   Synapse creation: 0.480s
[2026-06-24 14:43:03]   Poisson inputs:   0.003s
[2026-06-24 14:43:03]   Total network:    1.039s
[2026-06-24 14:43:03] Building and running Brian2GeNN/GeNN CUDA executable...
[2026-06-24 14:43:54]   Build/codegen wall: 53.186s
[2026-06-24 14:43:54]   First run time:     0.083s
[2026-06-24 14:43:54]   First extraction:   0.000s

[2026-06-24 14:43:54]   Trial 3/32: build/run start
[2026-06-24 14:43:54] ID mapping:         0.068s
[2026-06-24 14:43:54] Creating network...
[2026-06-24 14:43:55]   Data loading:     0.681s
[2026-06-24 14:43:55]   Neuron creation:  0.009s
[2026-06-24 14:43:55]   Synapse creation: 0.593s
[2026-06-24 14:43:55]   Poisson inputs:   0.003s
[2026-06-24 14:43:55]   Total network:    1.344s
[2026-06-24 14:43:55] Building and running Brian2GeNN/GeNN CUDA executable...
[2026-06-24 14:44:52]   Build/codegen wall: 58.173s
[2026-06-24 14:44:52]   First run time:     0.081s
[2026-06-24 14:44:52]   First extraction:   0.000s

[2026-06-24 14:44:52]   Trial 4/32: build/run start
[2026-06-24 14:44:52] ID mapping:         0.080s
[2026-06-24 14:44:52] Creating network...
[2026-06-24 14:44:53]   Data loading:     0.724s
[2026-06-24 14:44:53]   Neuron creation:  0.009s
[2026-06-24 14:44:53]   Synapse creation: 1.104s
[2026-06-24 14:44:53]   Poisson inputs:   0.003s
[2026-06-24 14:44:53]   Total network:    1.905s
[2026-06-24 14:44:53] Building and running Brian2GeNN/GeNN CUDA executable...
[2026-06-24 14:45:59]   Build/codegen wall: 69.022s
[2026-06-24 14:45:59]   First run time:     0.082s
[2026-06-24 14:45:59]   First extraction:   0.000s

[2026-06-24 14:45:59]   Trial 5/32: build/run start
[2026-06-24 14:45:59] ID mapping:         0.075s
[2026-06-24 14:45:59] Creating network...
[2026-06-24 14:46:01]   Data loading:     0.705s
[2026-06-24 14:46:01]   Neuron creation:  0.011s
[2026-06-24 14:46:01]   Synapse creation: 1.189s
[2026-06-24 14:46:01]   Poisson inputs:   0.002s
[2026-06-24 14:46:01]   Total network:    1.969s
[2026-06-24 14:46:01] Building and running Brian2GeNN/GeNN CUDA executable...
[2026-06-24 14:47:00]   Build/codegen wall: 61.704s
[2026-06-24 14:47:00]   First run time:     0.084s
[2026-06-24 14:47:00]   First extraction:   0.000s
[2026-06-24 14:47:00]   Trial 5/32: sim 0.084s, build 61.704s, spikes 0

[2026-06-24 14:47:00]   Trial 6/32: build/run start
[2026-06-24 14:47:00] ID mapping:         0.044s
[2026-06-24 14:47:00] Creating network...
[2026-06-24 14:47:02]   Data loading:     0.682s
[2026-06-24 14:47:02]   Neuron creation:  0.009s
[2026-06-24 14:47:02]   Synapse creation: 0.688s
[2026-06-24 14:47:02]   Poisson inputs:   0.003s
[2026-06-24 14:47:02]   Total network:    1.430s
[2026-06-24 14:47:02] Building and running Brian2GeNN/GeNN CUDA executable...
[2026-06-24 14:47:55]   Build/codegen wall: 55.216s
[2026-06-24 14:47:55]   First run time:     0.083s
[2026-06-24 14:47:55]   First extraction:   0.000s

[2026-06-24 14:47:56]   Trial 7/32: build/run start
[2026-06-24 14:47:56] ID mapping:         0.071s
[2026-06-24 14:47:56] Creating network...
[2026-06-24 14:47:57]   Data loading:     0.797s
[2026-06-24 14:47:57]   Neuron creation:  0.013s
[2026-06-24 14:47:57]   Synapse creation: 0.644s
[2026-06-24 14:47:57]   Poisson inputs:   0.006s
[2026-06-24 14:47:57]   Total network:    1.522s
[2026-06-24 14:47:57] Building and running Brian2GeNN/GeNN CUDA executable...
[2026-06-24 14:48:48]   Build/codegen wall: 53.510s
[2026-06-24 14:48:48]   First run time:     0.082s
[2026-06-24 14:48:48]   First extraction:   0.000s

[2026-06-24 14:48:48]   Trial 8/32: build/run start
[2026-06-24 14:48:48] ID mapping:         0.059s
[2026-06-24 14:48:48] Creating network...
[2026-06-24 14:48:49]   Data loading:     0.766s
[2026-06-24 14:48:49]   Neuron creation:  0.010s
[2026-06-24 14:48:49]   Synapse creation: 0.594s
[2026-06-24 14:48:49]   Poisson inputs:   0.002s
[2026-06-24 14:48:49]   Total network:    1.428s
[2026-06-24 14:48:49] Building and running Brian2GeNN/GeNN CUDA executable...
[2026-06-24 14:49:47]   Build/codegen wall: 60.610s
[2026-06-24 14:49:47]   First run time:     0.083s
[2026-06-24 14:49:47]   First extraction:   0.000s

[2026-06-24 14:49:47]   Trial 9/32: build/run start
[2026-06-24 14:49:47] ID mapping:         0.062s
[2026-06-24 14:49:47] Creating network...
[2026-06-24 14:49:49]   Data loading:     0.633s
[2026-06-24 14:49:49]   Neuron creation:  0.006s
[2026-06-24 14:49:49]   Synapse creation: 1.302s
[2026-06-24 14:49:49]   Poisson inputs:   0.002s
[2026-06-24 14:49:49]   Total network:    2.003s
[2026-06-24 14:49:49] Building and running Brian2GeNN/GeNN CUDA executable...
[2026-06-24 14:50:45]   Build/codegen wall: 58.286s
[2026-06-24 14:50:45]   First run time:     0.082s
[2026-06-24 14:50:45]   First extraction:   0.000s

[2026-06-24 14:50:45]   Trial 10/32: build/run start
[2026-06-24 14:50:45] ID mapping:         0.037s
[2026-06-24 14:50:45] Creating network...
[2026-06-24 14:50:46]   Data loading:     0.383s
[2026-06-24 14:50:46]   Neuron creation:  0.006s
[2026-06-24 14:50:46]   Synapse creation: 0.400s
[2026-06-24 14:50:46]   Poisson inputs:   0.002s
[2026-06-24 14:50:46]   Total network:    0.827s
[2026-06-24 14:50:46] Building and running Brian2GeNN/GeNN CUDA executable...
[2026-06-24 14:51:22]   Build/codegen wall: 37.106s
[2026-06-24 14:51:22]   First run time:     0.082s
[2026-06-24 14:51:22]   First extraction:   0.000s
[2026-06-24 14:51:22]   Trial 10/32: sim 0.082s, build 37.106s, spikes 0

[2026-06-24 14:51:22]   Trial 11/32: build/run start
[2026-06-24 14:51:22] ID mapping:         0.037s
[2026-06-24 14:51:22] Creating network...
[2026-06-24 14:51:22]   Data loading:     0.360s
[2026-06-24 14:51:22]   Neuron creation:  0.005s
[2026-06-24 14:51:22]   Synapse creation: 0.399s
[2026-06-24 14:51:22]   Poisson inputs:   0.002s
[2026-06-24 14:51:22]   Total network:    0.802s
[2026-06-24 14:51:22] Building and running Brian2GeNN/GeNN CUDA executable...
[2026-06-24 14:51:56]   Build/codegen wall: 35.406s
[2026-06-24 14:51:56]   First run time:     0.082s
[2026-06-24 14:51:56]   First extraction:   0.000s

[2026-06-24 14:51:57]   Trial 12/32: build/run start
[2026-06-24 14:51:57] ID mapping:         0.041s
[2026-06-24 14:51:57] Creating network...
[2026-06-24 14:51:57]   Data loading:     0.382s
[2026-06-24 14:51:57]   Neuron creation:  0.006s
[2026-06-24 14:51:57]   Synapse creation: 0.387s
[2026-06-24 14:51:57]   Poisson inputs:   0.002s
[2026-06-24 14:51:57]   Total network:    0.810s
[2026-06-24 14:51:57] Building and running Brian2GeNN/GeNN CUDA executable...
[2026-06-24 14:52:31]   Build/codegen wall: 34.953s
[2026-06-24 14:52:31]   First run time:     0.082s
[2026-06-24 14:52:31]   First extraction:   0.000s

[2026-06-24 14:52:31]   Trial 13/32: build/run start
[2026-06-24 14:52:31] ID mapping:         0.037s
[2026-06-24 14:52:31] Creating network...
[2026-06-24 14:52:32]   Data loading:     0.366s
[2026-06-24 14:52:32]   Neuron creation:  0.005s
[2026-06-24 14:52:32]   Synapse creation: 0.418s
[2026-06-24 14:52:32]   Poisson inputs:   0.001s
[2026-06-24 14:52:32]   Total network:    0.823s
[2026-06-24 14:52:32] Building and running Brian2GeNN/GeNN CUDA executable...
[2026-06-24 14:53:06]   Build/codegen wall: 37.172s
[2026-06-24 14:53:06]   First run time:     0.083s
[2026-06-24 14:53:06]   First extraction:   0.000s

[2026-06-24 14:53:06]   Trial 14/32: build/run start
[2026-06-24 14:53:06] ID mapping:         0.036s
[2026-06-24 14:53:06] Creating network...
[2026-06-24 14:53:07]   Data loading:     0.356s
[2026-06-24 14:53:07]   Neuron creation:  0.005s
[2026-06-24 14:53:07]   Synapse creation: 0.376s
[2026-06-24 14:53:07]   Poisson inputs:   0.002s
[2026-06-24 14:53:07]   Total network:    0.773s
[2026-06-24 14:53:07] Building and running Brian2GeNN/GeNN CUDA executable...
[2026-06-24 14:53:41]   Build/codegen wall: 35.061s
[2026-06-24 14:53:41]   First run time:     0.081s
[2026-06-24 14:53:41]   First extraction:   0.000s

[2026-06-24 14:53:41]   Trial 15/32: build/run start
[2026-06-24 14:53:41] ID mapping:         0.033s
[2026-06-24 14:53:41] Creating network...
[2026-06-24 14:53:42]   Data loading:     0.324s
[2026-06-24 14:53:42]   Neuron creation:  0.005s
[2026-06-24 14:53:42]   Synapse creation: 0.382s
[2026-06-24 14:53:42]   Poisson inputs:   0.002s
[2026-06-24 14:53:42]   Total network:    0.753s
[2026-06-24 14:53:42] Building and running Brian2GeNN/GeNN CUDA executable...
[2026-06-24 14:54:15]   Build/codegen wall: 34.961s
[2026-06-24 14:54:15]   First run time:     0.082s
[2026-06-24 14:54:15]   First extraction:   0.000s
[2026-06-24 14:54:15]   Trial 15/32: sim 0.082s, build 34.961s, spikes 0

[2026-06-24 14:54:15]   Trial 16/32: build/run start
[2026-06-24 14:54:15] ID mapping:         0.036s
[2026-06-24 14:54:15] Creating network...
[2026-06-24 14:54:16]   Data loading:     0.399s
[2026-06-24 14:54:16]   Neuron creation:  0.005s
[2026-06-24 14:54:16]   Synapse creation: 0.397s
[2026-06-24 14:54:16]   Poisson inputs:   0.002s
[2026-06-24 14:54:16]   Total network:    0.840s
[2026-06-24 14:54:16] Building and running Brian2GeNN/GeNN CUDA executable...
[2026-06-24 14:54:52]   Build/codegen wall: 37.661s
[2026-06-24 14:54:52]   First run time:     0.082s
[2026-06-24 14:54:52]   First extraction:   0.000s

[2026-06-24 14:54:53]   Trial 17/32: build/run start
[2026-06-24 14:54:53] ID mapping:         0.037s
[2026-06-24 14:54:53] Creating network...
[2026-06-24 14:54:53]   Data loading:     0.388s
[2026-06-24 14:54:53]   Neuron creation:  0.006s
[2026-06-24 14:54:53]   Synapse creation: 0.429s
[2026-06-24 14:54:53]   Poisson inputs:   0.002s
[2026-06-24 14:54:53]   Total network:    0.869s
[2026-06-24 14:54:53] Building and running Brian2GeNN/GeNN CUDA executable...
[2026-06-24 14:55:33]   Build/codegen wall: 40.972s
[2026-06-24 14:55:33]   First run time:     0.082s
[2026-06-24 14:55:33]   First extraction:   0.000s

[2026-06-24 14:55:44]   Trial 18/32: build/run start
[2026-06-24 14:55:44] ID mapping:         0.040s
[2026-06-24 14:55:44] Creating network...
[2026-06-24 14:55:45]   Data loading:     0.415s
[2026-06-24 14:55:45]   Neuron creation:  0.005s
[2026-06-24 14:55:45]   Synapse creation: 0.358s
[2026-06-24 14:55:45]   Poisson inputs:   0.002s
[2026-06-24 14:55:45]   Total network:    0.812s
[2026-06-24 14:55:45] Building and running Brian2GeNN/GeNN CUDA executable...
[2026-06-24 14:56:18]   Build/codegen wall: 35.222s
[2026-06-24 14:56:18]   First run time:     0.082s
[2026-06-24 14:56:18]   First extraction:   0.000s

[2026-06-24 14:56:18]   Trial 19/32: build/run start
[2026-06-24 14:56:18] ID mapping:         0.040s
[2026-06-24 14:56:18] Creating network...
[2026-06-24 14:56:19]   Data loading:     0.377s
[2026-06-24 14:56:19]   Neuron creation:  0.006s
[2026-06-24 14:56:19]   Synapse creation: 0.373s
[2026-06-24 14:56:19]   Poisson inputs:   0.002s
[2026-06-24 14:56:19]   Total network:    0.801s
[2026-06-24 14:56:19] Building and running Brian2GeNN/GeNN CUDA executable...
[2026-06-24 14:56:54]   Build/codegen wall: 36.041s
[2026-06-24 14:56:54]   First run time:     0.082s
[2026-06-24 14:56:54]   First extraction:   0.000s

[2026-06-24 14:56:54]   Trial 20/32: build/run start
[2026-06-24 14:56:54] ID mapping:         0.041s
[2026-06-24 14:56:54] Creating network...
[2026-06-24 14:56:55]   Data loading:     0.644s
[2026-06-24 14:56:55]   Neuron creation:  0.006s
[2026-06-24 14:56:55]   Synapse creation: 0.421s
[2026-06-24 14:56:55]   Poisson inputs:   0.002s
[2026-06-24 14:56:55]   Total network:    1.112s
[2026-06-24 14:56:55] Building and running Brian2GeNN/GeNN CUDA executable...
[2026-06-24 14:57:31]   Build/codegen wall: 37.367s
[2026-06-24 14:57:31]   First run time:     0.082s
[2026-06-24 14:57:31]   First extraction:   0.000s
[2026-06-24 14:57:31]   Trial 20/32: sim 0.082s, build 37.367s, spikes 0

[2026-06-24 14:57:31]   Trial 21/32: build/run start
[2026-06-24 14:57:31] ID mapping:         0.039s
[2026-06-24 14:57:31] Creating network...
[2026-06-24 14:57:32]   Data loading:     0.361s
[2026-06-24 14:57:32]   Neuron creation:  0.005s
[2026-06-24 14:57:32]   Synapse creation: 0.357s
[2026-06-24 14:57:32]   Poisson inputs:   0.001s
[2026-06-24 14:57:32]   Total network:    0.757s
[2026-06-24 14:57:32] Building and running Brian2GeNN/GeNN CUDA executable...
[2026-06-24 14:58:06]   Build/codegen wall: 35.727s
[2026-06-24 14:58:06]   First run time:     0.082s
[2026-06-24 14:58:06]   First extraction:   0.000s

[2026-06-24 14:58:06]   Trial 22/32: build/run start
[2026-06-24 14:58:06] ID mapping:         0.035s
[2026-06-24 14:58:06] Creating network...
[2026-06-24 14:58:07]   Data loading:     0.348s
[2026-06-24 14:58:07]   Neuron creation:  0.005s
[2026-06-24 14:58:07]   Synapse creation: 0.353s
[2026-06-24 14:58:07]   Poisson inputs:   0.002s
[2026-06-24 14:58:07]   Total network:    0.739s
[2026-06-24 14:58:07] Building and running Brian2GeNN/GeNN CUDA executable...
[2026-06-24 14:58:42]   Build/codegen wall: 35.669s
[2026-06-24 14:58:42]   First run time:     0.082s
[2026-06-24 14:58:42]   First extraction:   0.000s

[2026-06-24 14:58:42]   Trial 23/32: build/run start
[2026-06-24 14:58:42] ID mapping:         0.036s
[2026-06-24 14:58:42] Creating network...
[2026-06-24 14:58:42]   Data loading:     0.347s
[2026-06-24 14:58:42]   Neuron creation:  0.005s
[2026-06-24 14:58:42]   Synapse creation: 0.348s
[2026-06-24 14:58:42]   Poisson inputs:   0.001s
[2026-06-24 14:58:42]   Total network:    0.735s
[2026-06-24 14:58:42] Building and running Brian2GeNN/GeNN CUDA executable...
[2026-06-24 14:59:15]   Build/codegen wall: 34.291s
[2026-06-24 14:59:15]   First run time:     0.082s
[2026-06-24 14:59:15]   First extraction:   0.000s

[2026-06-24 14:59:15]   Trial 24/32: build/run start
[2026-06-24 14:59:15] ID mapping:         0.038s
[2026-06-24 14:59:15] Creating network...
[2026-06-24 14:59:16]   Data loading:     0.356s
[2026-06-24 14:59:16]   Neuron creation:  0.005s
[2026-06-24 14:59:16]   Synapse creation: 0.355s
[2026-06-24 14:59:16]   Poisson inputs:   0.002s
[2026-06-24 14:59:16]   Total network:    0.750s
[2026-06-24 14:59:16] Building and running Brian2GeNN/GeNN CUDA executable...
[2026-06-24 14:59:50]   Build/codegen wall: 36.977s
[2026-06-24 14:59:50]   First run time:     0.080s
[2026-06-24 14:59:50]   First extraction:   0.000s

[2026-06-24 14:59:50]   Trial 25/32: build/run start
[2026-06-24 14:59:50] ID mapping:         0.035s
[2026-06-24 14:59:50] Creating network...
[2026-06-24 14:59:51]   Data loading:     0.360s
[2026-06-24 14:59:51]   Neuron creation:  0.006s
[2026-06-24 14:59:51]   Synapse creation: 0.374s
[2026-06-24 14:59:51]   Poisson inputs:   0.003s
[2026-06-24 14:59:51]   Total network:    0.778s
[2026-06-24 14:59:51] Building and running Brian2GeNN/GeNN CUDA executable...
[2026-06-24 15:00:23]   Build/codegen wall: 33.818s
[2026-06-24 15:00:23]   First run time:     0.082s
[2026-06-24 15:00:23]   First extraction:   0.000s
[2026-06-24 15:00:24]   Trial 25/32: sim 0.082s, build 33.818s, spikes 0

[2026-06-24 15:00:24]   Trial 26/32: build/run start
[2026-06-24 15:00:24] ID mapping:         0.036s
[2026-06-24 15:00:24] Creating network...
[2026-06-24 15:00:24]   Data loading:     0.359s
[2026-06-24 15:00:24]   Neuron creation:  0.005s
[2026-06-24 15:00:24]   Synapse creation: 0.358s
[2026-06-24 15:00:24]   Poisson inputs:   0.001s
[2026-06-24 15:00:24]   Total network:    0.755s
[2026-06-24 15:00:24] Building and running Brian2GeNN/GeNN CUDA executable...
[2026-06-24 15:00:56]   Build/codegen wall: 33.419s
[2026-06-24 15:00:56]   First run time:     0.082s
[2026-06-24 15:00:56]   First extraction:   0.000s

[2026-06-24 15:00:56]   Trial 27/32: build/run start
[2026-06-24 15:00:56] ID mapping:         0.038s
[2026-06-24 15:00:56] Creating network...
[2026-06-24 15:00:57]   Data loading:     0.352s
[2026-06-24 15:00:57]   Neuron creation:  0.005s
[2026-06-24 15:00:57]   Synapse creation: 0.342s
[2026-06-24 15:00:57]   Poisson inputs:   0.002s
[2026-06-24 15:00:57]   Total network:    0.731s
[2026-06-24 15:00:57] Building and running Brian2GeNN/GeNN CUDA executable...
[2026-06-24 15:01:28]   Build/codegen wall: 32.187s
[2026-06-24 15:01:28]   First run time:     0.082s
[2026-06-24 15:01:28]   First extraction:   0.000s

[2026-06-24 15:01:28]   Trial 28/32: build/run start
[2026-06-24 15:01:28] ID mapping:         0.041s
[2026-06-24 15:01:28] Creating network...
[2026-06-24 15:01:29]   Data loading:     0.352s
[2026-06-24 15:01:29]   Neuron creation:  0.005s
[2026-06-24 15:01:29]   Synapse creation: 0.347s
[2026-06-24 15:01:29]   Poisson inputs:   0.002s
[2026-06-24 15:01:29]   Total network:    0.740s
[2026-06-24 15:01:29] Building and running Brian2GeNN/GeNN CUDA executable...
[2026-06-24 15:01:59]   Build/codegen wall: 31.862s
[2026-06-24 15:01:59]   First run time:     0.082s
[2026-06-24 15:01:59]   First extraction:   0.000s

[2026-06-24 15:02:00]   Trial 29/32: build/run start
[2026-06-24 15:02:00] ID mapping:         0.036s
[2026-06-24 15:02:00] Creating network...
[2026-06-24 15:02:00]   Data loading:     0.338s
[2026-06-24 15:02:00]   Neuron creation:  0.005s
[2026-06-24 15:02:00]   Synapse creation: 0.329s
[2026-06-24 15:02:00]   Poisson inputs:   0.002s
[2026-06-24 15:02:00]   Total network:    0.709s
[2026-06-24 15:02:00] Building and running Brian2GeNN/GeNN CUDA executable...
[2026-06-24 15:02:36]   Build/codegen wall: 37.429s
[2026-06-24 15:02:36]   First run time:     0.083s
[2026-06-24 15:02:36]   First extraction:   0.000s

[2026-06-24 15:02:36]   Trial 30/32: build/run start
[2026-06-24 15:02:36] ID mapping:         0.033s
[2026-06-24 15:02:36] Creating network...
[2026-06-24 15:02:38]   Data loading:     0.336s
[2026-06-24 15:02:38]   Neuron creation:  0.005s
[2026-06-24 15:02:38]   Synapse creation: 0.755s
[2026-06-24 15:02:38]   Poisson inputs:   0.002s
[2026-06-24 15:02:38]   Total network:    1.133s
[2026-06-24 15:02:38] Building and running Brian2GeNN/GeNN CUDA executable...
[2026-06-24 15:03:12]   Build/codegen wall: 36.106s
[2026-06-24 15:03:12]   First run time:     0.080s
[2026-06-24 15:03:12]   First extraction:   0.000s
[2026-06-24 15:03:12]   Trial 30/32: sim 0.080s, build 36.106s, spikes 0

[2026-06-24 15:03:12]   Trial 31/32: build/run start
[2026-06-24 15:03:12] ID mapping:         0.042s
[2026-06-24 15:03:12] Creating network...
[2026-06-24 15:03:13]   Data loading:     0.397s
[2026-06-24 15:03:13]   Neuron creation:  0.005s
[2026-06-24 15:03:13]   Synapse creation: 0.355s
[2026-06-24 15:03:13]   Poisson inputs:   0.002s
[2026-06-24 15:03:13]   Total network:    0.794s
[2026-06-24 15:03:13] Building and running Brian2GeNN/GeNN CUDA executable...
[2026-06-24 15:03:44]   Build/codegen wall: 32.625s
[2026-06-24 15:03:44]   First run time:     0.082s
[2026-06-24 15:03:44]   First extraction:   0.000s

[2026-06-24 15:03:44]   Trial 32/32: build/run start
[2026-06-24 15:03:44] ID mapping:         0.036s
[2026-06-24 15:03:44] Creating network...
[2026-06-24 15:03:45]   Data loading:     0.365s
[2026-06-24 15:03:45]   Neuron creation:  0.005s
[2026-06-24 15:03:45]   Synapse creation: 0.349s
[2026-06-24 15:03:45]   Poisson inputs:   0.002s
[2026-06-24 15:03:45]   Total network:    0.755s
[2026-06-24 15:03:45] Building and running Brian2GeNN/GeNN CUDA executable...
[2026-06-24 15:04:17]   Build/codegen wall: 33.090s
[2026-06-24 15:04:17]   First run time:     0.080s
[2026-06-24 15:04:17]   First extraction:   0.000s
[2026-06-24 15:04:17]   Total simulation: 2.624s
[2026-06-24 15:04:17]   Spike extraction: 0.000s
[2026-06-24 15:04:17]   Avg per trial:    0.082s
[2026-06-24 15:04:17] Collecting results...
[2026-06-24 15:04:17]   Spike probing/output disabled; no parquet written
[2026-06-24 15:04:17]   Collection:       0.000s
[2026-06-24 15:04:17]   Save to file:     0.000s

------------------------------------------------------------
[2026-06-24 15:04:17] TIMING SUMMARY
------------------------------------------------------------
[2026-06-24 15:04:17]   Network creation:       33.013s
[2026-06-24 15:04:17]   Device build:         1344.277s
[2026-06-24 15:04:17]   Simulation:              2.624s
[2026-06-24 15:04:17]   Spike extraction:        0.000s
[2026-06-24 15:04:17]   Result processing:       0.000s
[2026-06-24 15:04:17]   -----------------------------------------
[2026-06-24 15:04:17]   TOTAL ELAPSED:        1381.394s

[2026-06-24 15:04:17]   Simulated time:            3.2s (32 x 0.1s)
[2026-06-24 15:04:17]   Realtime ratio (sim only):  1.219x
[2026-06-24 15:04:17]   Realtime ratio (total):     0.002x

[2026-06-24 15:04:17]   Active neurons:              0
[2026-06-24 15:04:17]   Total spikes:                0
------------------------------------------------------------

================================================================================
[2026-06-24 15:04:17] [18/20] BENCHMARK: t_run=1.0s, n_run=32
================================================================================
[2026-06-24 15:04:17] Device: GPU (Brian2GeNN)
[2026-06-24 15:04:17] Experiment: brian2genn_t1.0s_n32
[2026-06-24 15:04:17] Spike probing/output: disabled
[2026-06-24 15:04:17] Run label: nature_2026_05_noio
[2026-06-24 15:04:17] Round: 1
[2026-06-24 15:04:17] Running 32 independent Brian2GeNN trial(s); Brian2GeNN rebuilds for each trial.

[2026-06-24 15:04:17]   Trial 1/32: build/run start
[2026-06-24 15:04:17] ID mapping:         0.034s
[2026-06-24 15:04:17] Creating network...
[2026-06-24 15:04:18]   Data loading:     0.322s
[2026-06-24 15:04:18]   Neuron creation:  0.005s
[2026-06-24 15:04:18]   Synapse creation: 0.348s
[2026-06-24 15:04:18]   Poisson inputs:   0.002s
[2026-06-24 15:04:18]   Total network:    0.709s
[2026-06-24 15:04:18] Building and running Brian2GeNN/GeNN CUDA executable...
[2026-06-24 15:04:49]   Build/codegen wall: 31.822s
[2026-06-24 15:04:49]   First run time:     1.195s
[2026-06-24 15:04:49]   First extraction:   0.000s

[2026-06-24 15:04:49]   Trial 2/32: build/run start
[2026-06-24 15:04:49] ID mapping:         0.036s
[2026-06-24 15:04:49] Creating network...
[2026-06-24 15:04:50]   Data loading:     0.338s
[2026-06-24 15:04:50]   Neuron creation:  0.005s
[2026-06-24 15:04:50]   Synapse creation: 0.337s
[2026-06-24 15:04:50]   Poisson inputs:   0.002s
[2026-06-24 15:04:50]   Total network:    0.715s
[2026-06-24 15:04:50] Building and running Brian2GeNN/GeNN CUDA executable...
[2026-06-24 15:05:27]   Build/codegen wall: 38.263s
[2026-06-24 15:05:27]   First run time:     1.207s
[2026-06-24 15:05:27]   First extraction:   0.000s

[2026-06-24 15:05:27]   Trial 3/32: build/run start
[2026-06-24 15:05:27] ID mapping:         0.115s
[2026-06-24 15:05:27] Creating network...
[2026-06-24 15:05:29]   Data loading:     0.912s
[2026-06-24 15:05:29]   Neuron creation:  0.017s
[2026-06-24 15:05:29]   Synapse creation: 0.877s
[2026-06-24 15:05:29]   Poisson inputs:   0.004s
[2026-06-24 15:05:29]   Total network:    1.923s
[2026-06-24 15:05:29] Building and running Brian2GeNN/GeNN CUDA executable...
[2026-06-24 15:06:09]   Build/codegen wall: 40.434s
[2026-06-24 15:06:09]   First run time:     1.195s
[2026-06-24 15:06:09]   First extraction:   0.000s

[2026-06-24 15:06:09]   Trial 4/32: build/run start
[2026-06-24 15:06:09] ID mapping:         0.040s
[2026-06-24 15:06:09] Creating network...
[2026-06-24 15:06:10]   Data loading:     0.364s
[2026-06-24 15:06:10]   Neuron creation:  0.007s
[2026-06-24 15:06:10]   Synapse creation: 0.336s
[2026-06-24 15:06:10]   Poisson inputs:   0.002s
[2026-06-24 15:06:10]   Total network:    0.742s
[2026-06-24 15:06:10] Building and running Brian2GeNN/GeNN CUDA executable...
[2026-06-24 15:06:41]   Build/codegen wall: 31.644s
[2026-06-24 15:06:41]   First run time:     1.194s
[2026-06-24 15:06:41]   First extraction:   0.000s

[2026-06-24 15:06:41]   Trial 5/32: build/run start
[2026-06-24 15:06:41] ID mapping:         0.038s
[2026-06-24 15:06:41] Creating network...
[2026-06-24 15:06:42]   Data loading:     0.353s
[2026-06-24 15:06:42]   Neuron creation:  0.006s
[2026-06-24 15:06:42]   Synapse creation: 0.339s
[2026-06-24 15:06:42]   Poisson inputs:   0.002s
[2026-06-24 15:06:42]   Total network:    0.733s
[2026-06-24 15:06:42] Building and running Brian2GeNN/GeNN CUDA executable...
[2026-06-24 15:07:14]   Build/codegen wall: 32.400s
[2026-06-24 15:07:14]   First run time:     1.196s
[2026-06-24 15:07:14]   First extraction:   0.000s
[2026-06-24 15:07:14]   Trial 5/32: sim 1.196s, build 32.400s, spikes 0

[2026-06-24 15:07:14]   Trial 6/32: build/run start
[2026-06-24 15:07:14] ID mapping:         0.034s
[2026-06-24 15:07:14] Creating network...
[2026-06-24 15:07:15]   Data loading:     0.361s
[2026-06-24 15:07:15]   Neuron creation:  0.005s
[2026-06-24 15:07:15]   Synapse creation: 0.351s
[2026-06-24 15:07:15]   Poisson inputs:   0.002s
[2026-06-24 15:07:15]   Total network:    0.753s
[2026-06-24 15:07:15] Building and running Brian2GeNN/GeNN CUDA executable...
[2026-06-24 15:07:46]   Build/codegen wall: 31.309s
[2026-06-24 15:07:46]   First run time:     1.196s
[2026-06-24 15:07:46]   First extraction:   0.000s

[2026-06-24 15:07:46]   Trial 7/32: build/run start
[2026-06-24 15:07:46] ID mapping:         0.034s
[2026-06-24 15:07:46] Creating network...
[2026-06-24 15:07:47]   Data loading:     0.356s
[2026-06-24 15:07:47]   Neuron creation:  0.005s
[2026-06-24 15:07:47]   Synapse creation: 0.362s
[2026-06-24 15:07:47]   Poisson inputs:   0.002s
[2026-06-24 15:07:47]   Total network:    0.758s
[2026-06-24 15:07:47] Building and running Brian2GeNN/GeNN CUDA executable...
[2026-06-24 15:08:38]   Build/codegen wall: 53.173s
[2026-06-24 15:08:38]   First run time:     1.197s
[2026-06-24 15:08:38]   First extraction:   0.000s

[2026-06-24 15:08:38]   Trial 8/32: build/run start
[2026-06-24 15:08:38] ID mapping:         0.033s
[2026-06-24 15:08:38] Creating network...
[2026-06-24 15:08:39]   Data loading:     0.372s
[2026-06-24 15:08:39]   Neuron creation:  0.005s
[2026-06-24 15:08:39]   Synapse creation: 0.385s
[2026-06-24 15:08:39]   Poisson inputs:   0.002s
[2026-06-24 15:08:39]   Total network:    0.801s
[2026-06-24 15:08:39] Building and running Brian2GeNN/GeNN CUDA executable...
[2026-06-24 15:09:10]   Build/codegen wall: 31.629s
[2026-06-24 15:09:10]   First run time:     1.197s
[2026-06-24 15:09:10]   First extraction:   0.000s

[2026-06-24 15:09:11]   Trial 9/32: build/run start
[2026-06-24 15:09:11] ID mapping:         0.037s
[2026-06-24 15:09:11] Creating network...
[2026-06-24 15:09:11]   Data loading:     0.387s
[2026-06-24 15:09:11]   Neuron creation:  0.005s
[2026-06-24 15:09:11]   Synapse creation: 0.359s
[2026-06-24 15:09:11]   Poisson inputs:   0.002s
[2026-06-24 15:09:11]   Total network:    0.785s
[2026-06-24 15:09:11] Building and running Brian2GeNN/GeNN CUDA executable...
[2026-06-24 15:09:42]   Build/codegen wall: 31.315s
[2026-06-24 15:09:42]   First run time:     1.203s
[2026-06-24 15:09:42]   First extraction:   0.000s

[2026-06-24 15:09:43]   Trial 10/32: build/run start
[2026-06-24 15:09:43] ID mapping:         0.041s
[2026-06-24 15:09:43] Creating network...
[2026-06-24 15:09:43]   Data loading:     0.360s
[2026-06-24 15:09:43]   Neuron creation:  0.005s
[2026-06-24 15:09:43]   Synapse creation: 0.363s
[2026-06-24 15:09:43]   Poisson inputs:   0.002s
[2026-06-24 15:09:43]   Total network:    0.764s
[2026-06-24 15:09:43] Building and running Brian2GeNN/GeNN CUDA executable...
[2026-06-24 15:10:15]   Build/codegen wall: 32.373s
[2026-06-24 15:10:15]   First run time:     1.204s
[2026-06-24 15:10:15]   First extraction:   0.000s
[2026-06-24 15:10:16]   Trial 10/32: sim 1.204s, build 32.373s, spikes 0

[2026-06-24 15:10:16]   Trial 11/32: build/run start
[2026-06-24 15:10:16] ID mapping:         0.036s
[2026-06-24 15:10:16] Creating network...
[2026-06-24 15:10:16]   Data loading:     0.359s
[2026-06-24 15:10:16]   Neuron creation:  0.005s
[2026-06-24 15:10:16]   Synapse creation: 0.337s
[2026-06-24 15:10:16]   Poisson inputs:   0.002s
[2026-06-24 15:10:16]   Total network:    0.736s
[2026-06-24 15:10:16] Building and running Brian2GeNN/GeNN CUDA executable...
[2026-06-24 15:10:51]   Build/codegen wall: 34.519s
[2026-06-24 15:10:51]   First run time:     1.201s
[2026-06-24 15:10:51]   First extraction:   0.000s

[2026-06-24 15:10:51]   Trial 12/32: build/run start
[2026-06-24 15:10:51] ID mapping:         0.039s
[2026-06-24 15:10:51] Creating network...
[2026-06-24 15:10:51]   Data loading:     0.398s
[2026-06-24 15:10:51]   Neuron creation:  0.006s
[2026-06-24 15:10:51]   Synapse creation: 0.405s
[2026-06-24 15:10:51]   Poisson inputs:   0.002s
[2026-06-24 15:10:51]   Total network:    0.857s
[2026-06-24 15:10:51] Building and running Brian2GeNN/GeNN CUDA executable...
[2026-06-24 15:11:34]   Build/codegen wall: 44.788s
[2026-06-24 15:11:34]   First run time:     1.194s
[2026-06-24 15:11:34]   First extraction:   0.000s

[2026-06-24 15:11:35]   Trial 13/32: build/run start
[2026-06-24 15:11:35] ID mapping:         0.034s
[2026-06-24 15:11:35] Creating network...
[2026-06-24 15:11:35]   Data loading:     0.327s
[2026-06-24 15:11:35]   Neuron creation:  0.004s
[2026-06-24 15:11:35]   Synapse creation: 0.348s
[2026-06-24 15:11:35]   Poisson inputs:   0.002s
[2026-06-24 15:11:35]   Total network:    0.713s
[2026-06-24 15:11:35] Building and running Brian2GeNN/GeNN CUDA executable...
[2026-06-24 15:12:05]   Build/codegen wall: 29.598s
[2026-06-24 15:12:05]   First run time:     1.196s
[2026-06-24 15:12:05]   First extraction:   0.000s

[2026-06-24 15:12:05]   Trial 14/32: build/run start
[2026-06-24 15:12:05] ID mapping:         0.034s
[2026-06-24 15:12:05] Creating network...
[2026-06-24 15:12:05]   Data loading:     0.325s
[2026-06-24 15:12:05]   Neuron creation:  0.004s
[2026-06-24 15:12:05]   Synapse creation: 0.333s
[2026-06-24 15:12:05]   Poisson inputs:   0.002s
[2026-06-24 15:12:05]   Total network:    0.695s
[2026-06-24 15:12:05] Building and running Brian2GeNN/GeNN CUDA executable...
[2026-06-24 15:12:36]   Build/codegen wall: 29.803s
[2026-06-24 15:12:36]   First run time:     1.198s
[2026-06-24 15:12:36]   First extraction:   0.000s

[2026-06-24 15:12:35]   Trial 15/32: build/run start
[2026-06-24 15:12:35] ID mapping:         0.034s
[2026-06-24 15:12:35] Creating network...
[2026-06-24 15:12:36]   Data loading:     0.319s
[2026-06-24 15:12:36]   Neuron creation:  0.005s
[2026-06-24 15:12:36]   Synapse creation: 0.338s
[2026-06-24 15:12:36]   Poisson inputs:   0.002s
[2026-06-24 15:12:36]   Total network:    0.697s
[2026-06-24 15:12:36] Building and running Brian2GeNN/GeNN CUDA executable...
[2026-06-24 15:13:06]   Build/codegen wall: 30.365s
[2026-06-24 15:13:06]   First run time:     1.198s
[2026-06-24 15:13:06]   First extraction:   0.000s
[2026-06-24 15:13:06]   Trial 15/32: sim 1.198s, build 30.365s, spikes 0

[2026-06-24 15:13:06]   Trial 16/32: build/run start
[2026-06-24 15:13:06] ID mapping:         0.036s
[2026-06-24 15:13:06] Creating network...
[2026-06-24 15:13:07]   Data loading:     0.581s
[2026-06-24 15:13:07]   Neuron creation:  0.005s
[2026-06-24 15:13:07]   Synapse creation: 0.389s
[2026-06-24 15:13:07]   Poisson inputs:   0.002s
[2026-06-24 15:13:07]   Total network:    1.007s
[2026-06-24 15:13:07] Building and running Brian2GeNN/GeNN CUDA executable...
[2026-06-24 15:13:39]   Build/codegen wall: 32.046s
[2026-06-24 15:13:39]   First run time:     1.204s
[2026-06-24 15:13:39]   First extraction:   0.000s

[2026-06-24 15:13:39]   Trial 17/32: build/run start
[2026-06-24 15:13:39] ID mapping:         0.035s
[2026-06-24 15:13:39] Creating network...
[2026-06-24 15:13:40]   Data loading:     0.344s
[2026-06-24 15:13:40]   Neuron creation:  0.006s
[2026-06-24 15:13:40]   Synapse creation: 0.360s
[2026-06-24 15:13:40]   Poisson inputs:   0.002s
[2026-06-24 15:13:40]   Total network:    0.746s
[2026-06-24 15:13:40] Building and running Brian2GeNN/GeNN CUDA executable...
[2026-06-24 15:14:15]   Build/codegen wall: 35.550s
[2026-06-24 15:14:15]   First run time:     1.198s
[2026-06-24 15:14:15]   First extraction:   0.000s

[2026-06-24 15:14:15]   Trial 18/32: build/run start
[2026-06-24 15:14:15] ID mapping:         0.038s
[2026-06-24 15:14:15] Creating network...
[2026-06-24 15:14:16]   Data loading:     0.424s
[2026-06-24 15:14:16]   Neuron creation:  0.008s
[2026-06-24 15:14:16]   Synapse creation: 0.423s
[2026-06-24 15:14:16]   Poisson inputs:   0.002s
[2026-06-24 15:14:16]   Total network:    0.897s
[2026-06-24 15:14:16] Building and running Brian2GeNN/GeNN CUDA executable...
[2026-06-24 15:14:55]   Build/codegen wall: 39.367s
[2026-06-24 15:14:55]   First run time:     1.204s
[2026-06-24 15:14:55]   First extraction:   0.000s

[2026-06-24 15:14:56]   Trial 19/32: build/run start
[2026-06-24 15:14:56] ID mapping:         0.038s
[2026-06-24 15:14:56] Creating network...
[2026-06-24 15:14:57]   Data loading:     0.377s
[2026-06-24 15:14:57]   Neuron creation:  0.005s
[2026-06-24 15:14:57]   Synapse creation: 0.796s
[2026-06-24 15:14:57]   Poisson inputs:   0.002s
[2026-06-24 15:14:57]   Total network:    1.214s
[2026-06-24 15:14:57] Building and running Brian2GeNN/GeNN CUDA executable...
[2026-06-24 15:15:34]   Build/codegen wall: 37.359s
[2026-06-24 15:15:34]   First run time:     1.197s
[2026-06-24 15:15:34]   First extraction:   0.000s

[2026-06-24 15:15:34]   Trial 20/32: build/run start
[2026-06-24 15:15:34] ID mapping:         0.042s
[2026-06-24 15:15:34] Creating network...
[2026-06-24 15:15:35]   Data loading:     0.845s
[2026-06-24 15:15:35]   Neuron creation:  0.013s
[2026-06-24 15:15:35]   Synapse creation: 0.644s
[2026-06-24 15:15:35]   Poisson inputs:   0.002s
[2026-06-24 15:15:35]   Total network:    1.542s
[2026-06-24 15:15:35] Building and running Brian2GeNN/GeNN CUDA executable...
[2026-06-24 15:16:12]   Build/codegen wall: 38.653s
[2026-06-24 15:16:12]   First run time:     1.203s
[2026-06-24 15:16:12]   First extraction:   0.000s
[2026-06-24 15:16:12]   Trial 20/32: sim 1.203s, build 38.653s, spikes 0

[2026-06-24 15:16:12]   Trial 21/32: build/run start
[2026-06-24 15:16:12] ID mapping:         0.040s
[2026-06-24 15:16:12] Creating network...
[2026-06-24 15:16:13]   Data loading:     0.397s
[2026-06-24 15:16:13]   Neuron creation:  0.006s
[2026-06-24 15:16:13]   Synapse creation: 0.395s
[2026-06-24 15:16:13]   Poisson inputs:   0.002s
[2026-06-24 15:16:13]   Total network:    0.839s
[2026-06-24 15:16:13] Building and running Brian2GeNN/GeNN CUDA executable...
[2026-06-24 15:16:49]   Build/codegen wall: 36.493s
[2026-06-24 15:16:49]   First run time:     1.201s
[2026-06-24 15:16:49]   First extraction:   0.000s

[2026-06-24 15:16:49]   Trial 22/32: build/run start
[2026-06-24 15:16:50] ID mapping:         0.039s
[2026-06-24 15:16:50] Creating network...
[2026-06-24 15:16:50]   Data loading:     0.357s
[2026-06-24 15:16:50]   Neuron creation:  0.005s
[2026-06-24 15:16:50]   Synapse creation: 0.392s
[2026-06-24 15:16:50]   Poisson inputs:   0.002s
[2026-06-24 15:16:50]   Total network:    0.796s
[2026-06-24 15:16:50] Building and running Brian2GeNN/GeNN CUDA executable...
[2026-06-24 15:17:31]   Build/codegen wall: 40.495s
[2026-06-24 15:17:31]   First run time:     1.206s
[2026-06-24 15:17:31]   First extraction:   0.000s

[2026-06-24 15:17:31]   Trial 23/32: build/run start
[2026-06-24 15:17:31] ID mapping:         0.041s
[2026-06-24 15:17:31] Creating network...
[2026-06-24 15:17:31]   Data loading:     0.385s
[2026-06-24 15:17:31]   Neuron creation:  0.006s
[2026-06-24 15:17:31]   Synapse creation: 0.357s
[2026-06-24 15:17:31]   Poisson inputs:   0.002s
[2026-06-24 15:17:31]   Total network:    0.785s
[2026-06-24 15:17:31] Building and running Brian2GeNN/GeNN CUDA executable...
[2026-06-24 15:18:14]   Build/codegen wall: 42.987s
[2026-06-24 15:18:14]   First run time:     1.207s
[2026-06-24 15:18:14]   First extraction:   0.000s

[2026-06-24 15:18:14]   Trial 24/32: build/run start
[2026-06-24 15:18:14] ID mapping:         0.045s
[2026-06-24 15:18:14] Creating network...
[2026-06-24 15:18:14]   Data loading:     0.451s
[2026-06-24 15:18:14]   Neuron creation:  0.007s
[2026-06-24 15:18:14]   Synapse creation: 0.776s
[2026-06-24 15:18:14]   Poisson inputs:   0.002s
[2026-06-24 15:18:14]   Total network:    1.274s
[2026-06-24 15:18:14] Building and running Brian2GeNN/GeNN CUDA executable...
[2026-06-24 15:18:52]   Build/codegen wall: 38.702s
[2026-06-24 15:18:52]   First run time:     1.198s
[2026-06-24 15:18:52]   First extraction:   0.000s

[2026-06-24 15:18:53]   Trial 25/32: build/run start
[2026-06-24 15:18:53] ID mapping:         0.042s
[2026-06-24 15:18:53] Creating network...
[2026-06-24 15:18:54]   Data loading:     0.601s
[2026-06-24 15:18:54]   Neuron creation:  0.006s
[2026-06-24 15:18:54]   Synapse creation: 0.430s
[2026-06-24 15:18:54]   Poisson inputs:   0.002s
[2026-06-24 15:18:54]   Total network:    1.073s
[2026-06-24 15:18:54] Building and running Brian2GeNN/GeNN CUDA executable...
[2026-06-24 15:19:30]   Build/codegen wall: 36.332s
[2026-06-24 15:19:30]   First run time:     1.197s
[2026-06-24 15:19:30]   First extraction:   0.000s
[2026-06-24 15:19:30]   Trial 25/32: sim 1.197s, build 36.332s, spikes 0

[2026-06-24 15:19:30]   Trial 26/32: build/run start
[2026-06-24 15:19:30] ID mapping:         0.044s
[2026-06-24 15:19:30] Creating network...
[2026-06-24 15:19:31]   Data loading:     0.401s
[2026-06-24 15:19:31]   Neuron creation:  0.006s
[2026-06-24 15:19:31]   Synapse creation: 0.854s
[2026-06-24 15:19:31]   Poisson inputs:   0.002s
[2026-06-24 15:19:31]   Total network:    1.300s
[2026-06-24 15:19:31] Building and running Brian2GeNN/GeNN CUDA executable...
[2026-06-24 15:20:10]   Build/codegen wall: 39.547s
[2026-06-24 15:20:10]   First run time:     1.197s
[2026-06-24 15:20:10]   First extraction:   0.000s

[2026-06-24 15:20:10]   Trial 27/32: build/run start
[2026-06-24 15:20:10] ID mapping:         0.043s
[2026-06-24 15:20:10] Creating network...
[2026-06-24 15:20:11]   Data loading:     0.390s
[2026-06-24 15:20:11]   Neuron creation:  0.005s
[2026-06-24 15:20:11]   Synapse creation: 0.397s
[2026-06-24 15:20:11]   Poisson inputs:   0.002s
[2026-06-24 15:20:11]   Total network:    0.837s
[2026-06-24 15:20:11] Building and running Brian2GeNN/GeNN CUDA executable...
[2026-06-24 15:20:52]   Build/codegen wall: 42.233s
[2026-06-24 15:20:52]   First run time:     1.200s
[2026-06-24 15:20:52]   First extraction:   0.000s

[2026-06-24 15:20:52]   Trial 28/32: build/run start
[2026-06-24 15:20:52] ID mapping:         0.046s
[2026-06-24 15:20:52] Creating network...
[2026-06-24 15:20:53]   Data loading:     0.394s
[2026-06-24 15:20:53]   Neuron creation:  0.005s
[2026-06-24 15:20:53]   Synapse creation: 0.397s
[2026-06-24 15:20:53]   Poisson inputs:   0.002s
[2026-06-24 15:20:53]   Total network:    0.836s
[2026-06-24 15:20:53] Building and running Brian2GeNN/GeNN CUDA executable...
[2026-06-24 15:21:31]   Build/codegen wall: 38.916s
[2026-06-24 15:21:31]   First run time:     1.200s
[2026-06-24 15:21:31]   First extraction:   0.000s

[2026-06-24 15:21:31]   Trial 29/32: build/run start
[2026-06-24 15:21:31] ID mapping:         0.038s
[2026-06-24 15:21:31] Creating network...
[2026-06-24 15:21:32]   Data loading:     0.369s
[2026-06-24 15:21:32]   Neuron creation:  0.006s
[2026-06-24 15:21:32]   Synapse creation: 0.410s
[2026-06-24 15:21:32]   Poisson inputs:   0.002s
[2026-06-24 15:21:32]   Total network:    0.832s
[2026-06-24 15:21:32] Building and running Brian2GeNN/GeNN CUDA executable...
[2026-06-24 15:22:09]   Build/codegen wall: 36.781s
[2026-06-24 15:22:09]   First run time:     1.193s
[2026-06-24 15:22:09]   First extraction:   0.000s

[2026-06-24 15:22:09]   Trial 30/32: build/run start
[2026-06-24 15:22:09] ID mapping:         0.038s
[2026-06-24 15:22:09] Creating network...
[2026-06-24 15:22:10]   Data loading:     0.390s
[2026-06-24 15:22:10]   Neuron creation:  0.005s
[2026-06-24 15:22:10]   Synapse creation: 0.396s
[2026-06-24 15:22:10]   Poisson inputs:   0.002s
[2026-06-24 15:22:10]   Total network:    0.833s
[2026-06-24 15:22:10] Building and running Brian2GeNN/GeNN CUDA executable...
[2026-06-24 15:22:50]   Build/codegen wall: 42.329s
[2026-06-24 15:22:50]   First run time:     1.197s
[2026-06-24 15:22:50]   First extraction:   0.000s
[2026-06-24 15:22:50]   Trial 30/32: sim 1.197s, build 42.329s, spikes 0

[2026-06-24 15:22:50]   Trial 31/32: build/run start
[2026-06-24 15:22:50] ID mapping:         0.040s
[2026-06-24 15:22:50] Creating network...
[2026-06-24 15:22:51]   Data loading:     0.382s
[2026-06-24 15:22:51]   Neuron creation:  0.006s
[2026-06-24 15:22:51]   Synapse creation: 0.446s
[2026-06-24 15:22:51]   Poisson inputs:   0.003s
[2026-06-24 15:22:51]   Total network:    0.878s
[2026-06-24 15:22:51] Building and running Brian2GeNN/GeNN CUDA executable...
[2026-06-24 15:23:31]   Build/codegen wall: 40.188s
[2026-06-24 15:23:31]   First run time:     1.202s
[2026-06-24 15:23:31]   First extraction:   0.000s

[2026-06-24 15:23:31]   Trial 32/32: build/run start
[2026-06-24 15:23:31] ID mapping:         0.044s
[2026-06-24 15:23:31] Creating network...
[2026-06-24 15:23:32]   Data loading:     0.428s
[2026-06-24 15:23:32]   Neuron creation:  0.005s
[2026-06-24 15:23:32]   Synapse creation: 0.808s
[2026-06-24 15:23:32]   Poisson inputs:   0.002s
[2026-06-24 15:23:32]   Total network:    1.279s
[2026-06-24 15:23:32] Building and running Brian2GeNN/GeNN CUDA executable...
[2026-06-24 15:24:09]   Build/codegen wall: 36.809s
[2026-06-24 15:24:09]   First run time:     1.206s
[2026-06-24 15:24:09]   First extraction:   0.000s
[2026-06-24 15:24:09]   Total simulation: 38.381s
[2026-06-24 15:24:09]   Spike extraction: 0.000s
[2026-06-24 15:24:09]   Avg per trial:    1.199s
[2026-06-24 15:24:09] Collecting results...
[2026-06-24 15:24:09]   Spike probing/output disabled; no parquet written
[2026-06-24 15:24:09]   Collection:       0.000s
[2026-06-24 15:24:09]   Save to file:     0.000s

------------------------------------------------------------
[2026-06-24 15:24:09] TIMING SUMMARY
------------------------------------------------------------
[2026-06-24 15:24:09]   Network creation:       29.349s
[2026-06-24 15:24:09]   Device build:         1178.222s
[2026-06-24 15:24:09]   Simulation:             38.381s
[2026-06-24 15:24:09]   Spike extraction:        0.000s
[2026-06-24 15:24:09]   Result processing:       0.000s
[2026-06-24 15:24:09]   -----------------------------------------
[2026-06-24 15:24:09]   TOTAL ELAPSED:        1247.261s

[2026-06-24 15:24:09]   Simulated time:           32.0s (32 x 1.0s)
[2026-06-24 15:24:09]   Realtime ratio (sim only):  0.834x
[2026-06-24 15:24:09]   Realtime ratio (total):     0.026x

[2026-06-24 15:24:09]   Active neurons:              0
[2026-06-24 15:24:09]   Total spikes:                0
------------------------------------------------------------

================================================================================
[2026-06-24 15:24:09] [19/20] BENCHMARK: t_run=10.0s, n_run=32
================================================================================
[2026-06-24 15:24:09] Device: GPU (Brian2GeNN)
[2026-06-24 15:24:09] Experiment: brian2genn_t10.0s_n32
[2026-06-24 15:24:09] Spike probing/output: disabled
[2026-06-24 15:24:09] Run label: nature_2026_05_noio
[2026-06-24 15:24:09] Round: 1
[2026-06-24 15:24:09] Running 32 independent Brian2GeNN trial(s); Brian2GeNN rebuilds for each trial.

[2026-06-24 15:24:09]   Trial 1/32: build/run start
[2026-06-24 15:24:09] ID mapping:         0.036s
[2026-06-24 15:24:09] Creating network...
[2026-06-24 15:24:10]   Data loading:     0.541s
[2026-06-24 15:24:10]   Neuron creation:  0.005s
[2026-06-24 15:24:10]   Synapse creation: 0.421s
[2026-06-24 15:24:10]   Poisson inputs:   0.002s
[2026-06-24 15:24:10]   Total network:    1.001s
[2026-06-24 15:24:10] Building and running Brian2GeNN/GeNN CUDA executable...
[2026-06-24 15:24:54]   Build/codegen wall: 35.505s
[2026-06-24 15:24:54]   First run time:     11.913s
[2026-06-24 15:24:54]   First extraction:   0.000s

[2026-06-24 15:24:54]   Trial 2/32: build/run start
[2026-06-24 15:24:54] ID mapping:         0.040s
[2026-06-24 15:24:54] Creating network...
[2026-06-24 15:24:55]   Data loading:     0.338s
[2026-06-24 15:24:55]   Neuron creation:  0.005s
[2026-06-24 15:24:55]   Synapse creation: 0.391s
[2026-06-24 15:24:55]   Poisson inputs:   0.002s
[2026-06-24 15:24:55]   Total network:    0.776s
[2026-06-24 15:24:55] Building and running Brian2GeNN/GeNN CUDA executable...
[2026-06-24 15:25:40]   Build/codegen wall: 34.489s
[2026-06-24 15:25:40]   First run time:     12.346s
[2026-06-24 15:25:40]   First extraction:   0.000s

[2026-06-24 15:25:41]   Trial 3/32: build/run start
[2026-06-24 15:25:41] ID mapping:         0.034s
[2026-06-24 15:25:41] Creating network...
[2026-06-24 15:25:41]   Data loading:     0.320s
[2026-06-24 15:25:41]   Neuron creation:  0.005s
[2026-06-24 15:25:41]   Synapse creation: 0.368s
[2026-06-24 15:25:41]   Poisson inputs:   0.003s
[2026-06-24 15:25:41]   Total network:    0.733s
[2026-06-24 15:25:41] Building and running Brian2GeNN/GeNN CUDA executable...
[2026-06-24 15:26:26]   Build/codegen wall: 35.589s
[2026-06-24 15:26:26]   First run time:     12.384s
[2026-06-24 15:26:26]   First extraction:   0.000s

[2026-06-24 15:26:26]   Trial 4/32: build/run start
[2026-06-24 15:26:26] ID mapping:         0.033s
[2026-06-24 15:26:26] Creating network...
[2026-06-24 15:26:27]   Data loading:     0.329s
[2026-06-24 15:26:27]   Neuron creation:  0.005s
[2026-06-24 15:26:27]   Synapse creation: 0.342s
[2026-06-24 15:26:27]   Poisson inputs:   0.002s
[2026-06-24 15:26:27]   Total network:    0.711s
[2026-06-24 15:26:27] Building and running Brian2GeNN/GeNN CUDA executable...
[2026-06-24 15:27:15]   Build/codegen wall: 36.816s
[2026-06-24 15:27:15]   First run time:     12.387s
[2026-06-24 15:27:15]   First extraction:   0.000s

[2026-06-24 15:27:15]   Trial 5/32: build/run start
[2026-06-24 15:27:15] ID mapping:         0.039s
[2026-06-24 15:27:15] Creating network...
[2026-06-24 15:27:16]   Data loading:     0.379s
[2026-06-24 15:27:16]   Neuron creation:  0.005s
[2026-06-24 15:27:16]   Synapse creation: 0.401s
[2026-06-24 15:27:16]   Poisson inputs:   0.002s
[2026-06-24 15:27:16]   Total network:    0.822s
[2026-06-24 15:27:16] Building and running Brian2GeNN/GeNN CUDA executable...
[2026-06-24 15:28:02]   Build/codegen wall: 36.512s
[2026-06-24 15:28:02]   First run time:     12.467s
[2026-06-24 15:28:02]   First extraction:   0.000s
[2026-06-24 15:28:02]   Trial 5/32: sim 12.467s, build 36.512s, spikes 0

[2026-06-24 15:28:02]   Trial 6/32: build/run start
[2026-06-24 15:28:02] ID mapping:         0.040s
[2026-06-24 15:28:02] Creating network...
[2026-06-24 15:28:03]   Data loading:     0.346s
[2026-06-24 15:28:03]   Neuron creation:  0.005s
[2026-06-24 15:28:03]   Synapse creation: 0.357s
[2026-06-24 15:28:03]   Poisson inputs:   0.002s
[2026-06-24 15:28:03]   Total network:    0.746s
[2026-06-24 15:28:03] Building and running Brian2GeNN/GeNN CUDA executable...
[2026-06-24 15:28:48]   Build/codegen wall: 34.760s
[2026-06-24 15:28:48]   First run time:     12.353s
[2026-06-24 15:28:48]   First extraction:   0.000s

[2026-06-24 15:28:48]   Trial 7/32: build/run start
[2026-06-24 15:28:48] ID mapping:         0.040s
[2026-06-24 15:28:48] Creating network...
[2026-06-24 15:28:49]   Data loading:     0.400s
[2026-06-24 15:28:49]   Neuron creation:  0.006s
[2026-06-24 15:28:49]   Synapse creation: 0.403s
[2026-06-24 15:28:49]   Poisson inputs:   0.002s
[2026-06-24 15:28:49]   Total network:    0.856s
[2026-06-24 15:28:49] Building and running Brian2GeNN/GeNN CUDA executable...
[2026-06-24 15:29:36]   Build/codegen wall: 37.967s
[2026-06-24 15:29:36]   First run time:     12.374s
[2026-06-24 15:29:36]   First extraction:   0.000s

[2026-06-24 15:29:36]   Trial 8/32: build/run start
[2026-06-24 15:29:36] ID mapping:         0.042s
[2026-06-24 15:29:36] Creating network...
[2026-06-24 15:29:37]   Data loading:     0.358s
[2026-06-24 15:29:37]   Neuron creation:  0.005s
[2026-06-24 15:29:37]   Synapse creation: 0.367s
[2026-06-24 15:29:37]   Poisson inputs:   0.002s
[2026-06-24 15:29:37]   Total network:    0.767s
[2026-06-24 15:29:37] Building and running Brian2GeNN/GeNN CUDA executable...
[2026-06-24 15:30:22]   Build/codegen wall: 33.770s
[2026-06-24 15:30:22]   First run time:     12.372s
[2026-06-24 15:30:22]   First extraction:   0.000s

[2026-06-24 15:30:22]   Trial 9/32: build/run start
[2026-06-24 15:30:22] ID mapping:         0.039s
[2026-06-24 15:30:22] Creating network...
[2026-06-24 15:30:23]   Data loading:     0.372s
[2026-06-24 15:30:23]   Neuron creation:  0.005s
[2026-06-24 15:30:23]   Synapse creation: 0.364s
[2026-06-24 15:30:23]   Poisson inputs:   0.001s
[2026-06-24 15:30:23]   Total network:    0.778s
[2026-06-24 15:30:23] Building and running Brian2GeNN/GeNN CUDA executable...
[2026-06-24 15:31:08]   Build/codegen wall: 36.420s
[2026-06-24 15:31:08]   First run time:     12.411s
[2026-06-24 15:31:08]   First extraction:   0.000s

[2026-06-24 15:31:17]   Trial 10/32: build/run start
[2026-06-24 15:31:17] ID mapping:         0.035s
[2026-06-24 15:31:17] Creating network...
[2026-06-24 15:31:18]   Data loading:     0.316s
[2026-06-24 15:31:18]   Neuron creation:  0.004s
[2026-06-24 15:31:18]   Synapse creation: 0.347s
[2026-06-24 15:31:18]   Poisson inputs:   0.002s
[2026-06-24 15:31:18]   Total network:    0.700s
[2026-06-24 15:31:18] Building and running Brian2GeNN/GeNN CUDA executable...
[2026-06-24 15:32:04]   Build/codegen wall: 34.839s
[2026-06-24 15:32:04]   First run time:     12.367s
[2026-06-24 15:32:04]   First extraction:   0.000s
[2026-06-24 15:32:04]   Trial 10/32: sim 12.367s, build 34.839s, spikes 0

[2026-06-24 15:32:04]   Trial 11/32: build/run start
[2026-06-24 15:32:04] ID mapping:         0.040s
[2026-06-24 15:32:04] Creating network...
[2026-06-24 15:32:03]   Data loading:     0.368s
[2026-06-24 15:32:03]   Neuron creation:  0.005s
[2026-06-24 15:32:03]   Synapse creation: 0.377s
[2026-06-24 15:32:03]   Poisson inputs:   0.002s
[2026-06-24 15:32:03]   Total network:    0.785s
[2026-06-24 15:32:03] Building and running Brian2GeNN/GeNN CUDA executable...
[2026-06-24 15:32:48]   Build/codegen wall: 33.837s
[2026-06-24 15:32:48]   First run time:     12.442s
[2026-06-24 15:32:48]   First extraction:   0.000s

[2026-06-24 15:32:48]   Trial 12/32: build/run start
[2026-06-24 15:32:48] ID mapping:         0.037s
[2026-06-24 15:32:48] Creating network...
[2026-06-24 15:32:49]   Data loading:     0.384s
[2026-06-24 15:32:49]   Neuron creation:  0.008s
[2026-06-24 15:32:49]   Synapse creation: 0.378s
[2026-06-24 15:32:49]   Poisson inputs:   0.002s
[2026-06-24 15:32:49]   Total network:    0.805s
[2026-06-24 15:32:49] Building and running Brian2GeNN/GeNN CUDA executable...
[2026-06-24 15:33:32]   Build/codegen wall: 32.708s
[2026-06-24 15:33:32]   First run time:     12.409s
[2026-06-24 15:33:32]   First extraction:   0.000s

[2026-06-24 15:33:32]   Trial 13/32: build/run start
[2026-06-24 15:33:32] ID mapping:         0.035s
[2026-06-24 15:33:32] Creating network...
[2026-06-24 15:33:33]   Data loading:     0.361s
[2026-06-24 15:33:33]   Neuron creation:  0.005s
[2026-06-24 15:33:33]   Synapse creation: 0.333s
[2026-06-24 15:33:33]   Poisson inputs:   0.002s
[2026-06-24 15:33:33]   Total network:    0.738s
[2026-06-24 15:33:33] Building and running Brian2GeNN/GeNN CUDA executable...
[2026-06-24 15:34:16]   Build/codegen wall: 33.710s
[2026-06-24 15:34:16]   First run time:     12.361s
[2026-06-24 15:34:16]   First extraction:   0.000s

[2026-06-24 15:34:16]   Trial 14/32: build/run start
[2026-06-24 15:34:16] ID mapping:         0.034s
[2026-06-24 15:34:16] Creating network...
[2026-06-24 15:34:17]   Data loading:     0.336s
[2026-06-24 15:34:17]   Neuron creation:  0.005s
[2026-06-24 15:34:17]   Synapse creation: 0.342s
[2026-06-24 15:34:17]   Poisson inputs:   0.002s
[2026-06-24 15:34:17]   Total network:    0.718s
[2026-06-24 15:34:17] Building and running Brian2GeNN/GeNN CUDA executable...
[2026-06-24 15:35:01]   Build/codegen wall: 32.750s
[2026-06-24 15:35:01]   First run time:     12.366s
[2026-06-24 15:35:01]   First extraction:   0.000s

[2026-06-24 15:35:01]   Trial 15/32: build/run start
[2026-06-24 15:35:01] ID mapping:         0.036s
[2026-06-24 15:35:01] Creating network...
[2026-06-24 15:35:01]   Data loading:     0.375s
[2026-06-24 15:35:01]   Neuron creation:  0.005s
[2026-06-24 15:35:01]   Synapse creation: 0.360s
[2026-06-24 15:35:01]   Poisson inputs:   0.002s
[2026-06-24 15:35:01]   Total network:    0.774s
[2026-06-24 15:35:01] Building and running Brian2GeNN/GeNN CUDA executable...
[2026-06-24 15:36:09]   Build/codegen wall: 58.368s
[2026-06-24 15:36:09]   First run time:     12.443s
[2026-06-24 15:36:09]   First extraction:   0.000s
[2026-06-24 15:36:09]   Trial 15/32: sim 12.443s, build 58.368s, spikes 0

[2026-06-24 15:36:09]   Trial 16/32: build/run start
[2026-06-24 15:36:09] ID mapping:         0.034s
[2026-06-24 15:36:09] Creating network...
[2026-06-24 15:36:10]   Data loading:     0.342s
[2026-06-24 15:36:10]   Neuron creation:  0.005s
[2026-06-24 15:36:10]   Synapse creation: 0.358s
[2026-06-24 15:36:10]   Poisson inputs:   0.002s
[2026-06-24 15:36:10]   Total network:    0.738s
[2026-06-24 15:36:10] Building and running Brian2GeNN/GeNN CUDA executable...
[2026-06-24 15:36:52]   Build/codegen wall: 33.027s
[2026-06-24 15:36:52]   First run time:     12.420s
[2026-06-24 15:36:52]   First extraction:   0.000s

[2026-06-24 15:36:52]   Trial 17/32: build/run start
[2026-06-24 15:36:52] ID mapping:         0.040s
[2026-06-24 15:36:52] Creating network...
[2026-06-24 15:36:53]   Data loading:     0.396s
[2026-06-24 15:36:53]   Neuron creation:  0.005s
[2026-06-24 15:36:53]   Synapse creation: 0.390s
[2026-06-24 15:36:53]   Poisson inputs:   0.002s
[2026-06-24 15:36:53]   Total network:    0.832s
[2026-06-24 15:36:53] Building and running Brian2GeNN/GeNN CUDA executable...
[2026-06-24 15:37:43]   Build/codegen wall: 40.362s
[2026-06-24 15:37:43]   First run time:     12.346s
[2026-06-24 15:37:43]   First extraction:   0.000s

[2026-06-24 15:37:43]   Trial 18/32: build/run start
[2026-06-24 15:37:43] ID mapping:         0.040s
[2026-06-24 15:37:43] Creating network...
[2026-06-24 15:37:44]   Data loading:     0.336s
[2026-06-24 15:37:44]   Neuron creation:  0.005s
[2026-06-24 15:37:44]   Synapse creation: 0.356s
[2026-06-24 15:37:44]   Poisson inputs:   0.002s
[2026-06-24 15:37:44]   Total network:    0.734s
[2026-06-24 15:37:44] Building and running Brian2GeNN/GeNN CUDA executable...
[2026-06-24 15:38:28]   Build/codegen wall: 33.385s
[2026-06-24 15:38:28]   First run time:     12.387s
[2026-06-24 15:38:28]   First extraction:   0.000s

[2026-06-24 15:38:28]   Trial 19/32: build/run start
[2026-06-24 15:38:28] ID mapping:         0.042s
[2026-06-24 15:38:28] Creating network...
[2026-06-24 15:38:29]   Data loading:     0.390s
[2026-06-24 15:38:29]   Neuron creation:  0.006s
[2026-06-24 15:38:29]   Synapse creation: 0.368s
[2026-06-24 15:38:29]   Poisson inputs:   0.002s
[2026-06-24 15:38:29]   Total network:    0.803s
[2026-06-24 15:38:29] Building and running Brian2GeNN/GeNN CUDA executable...
[2026-06-24 15:39:14]   Build/codegen wall: 34.440s
[2026-06-24 15:39:14]   First run time:     12.414s
[2026-06-24 15:39:14]   First extraction:   0.000s

[2026-06-24 15:39:14]   Trial 20/32: build/run start
[2026-06-24 15:39:13] ID mapping:         0.044s
[2026-06-24 15:39:13] Creating network...
[2026-06-24 15:39:14]   Data loading:     0.399s
[2026-06-24 15:39:14]   Neuron creation:  0.005s
[2026-06-24 15:39:14]   Synapse creation: 0.606s
[2026-06-24 15:39:14]   Poisson inputs:   0.008s
[2026-06-24 15:39:14]   Total network:    1.140s
[2026-06-24 15:39:14] Building and running Brian2GeNN/GeNN CUDA executable...
[2026-06-24 15:40:46]   Build/codegen wall: 84.425s
[2026-06-24 15:40:46]   First run time:     12.435s
[2026-06-24 15:40:46]   First extraction:   0.000s
[2026-06-24 15:40:46]   Trial 20/32: sim 12.435s, build 84.425s, spikes 0

[2026-06-24 15:40:46]   Trial 21/32: build/run start
[2026-06-24 15:40:46] ID mapping:         0.037s
[2026-06-24 15:40:46] Creating network...
[2026-06-24 15:40:47]   Data loading:     0.380s
[2026-06-24 15:40:47]   Neuron creation:  0.006s
[2026-06-24 15:40:47]   Synapse creation: 0.361s
[2026-06-24 15:40:47]   Poisson inputs:   0.002s
[2026-06-24 15:40:47]   Total network:    0.783s
[2026-06-24 15:40:47] Building and running Brian2GeNN/GeNN CUDA executable...
[2026-06-24 15:41:33]   Build/codegen wall: 34.985s
[2026-06-24 15:41:33]   First run time:     12.360s
[2026-06-24 15:41:33]   First extraction:   0.000s

[2026-06-24 15:41:33]   Trial 22/32: build/run start
[2026-06-24 15:41:33] ID mapping:         0.040s
[2026-06-24 15:41:33] Creating network...
[2026-06-24 15:41:34]   Data loading:     0.379s
[2026-06-24 15:41:34]   Neuron creation:  0.006s
[2026-06-24 15:41:34]   Synapse creation: 0.350s
[2026-06-24 15:41:34]   Poisson inputs:   0.002s
[2026-06-24 15:41:34]   Total network:    0.771s
[2026-06-24 15:41:34] Building and running Brian2GeNN/GeNN CUDA executable...
[2026-06-24 15:42:18]   Build/codegen wall: 33.349s
[2026-06-24 15:42:18]   First run time:     12.376s
[2026-06-24 15:42:18]   First extraction:   0.000s

[2026-06-24 15:42:18]   Trial 23/32: build/run start
[2026-06-24 15:42:18] ID mapping:         0.038s
[2026-06-24 15:42:18] Creating network...
[2026-06-24 15:42:17]   Data loading:     0.393s
[2026-06-24 15:42:17]   Neuron creation:  0.006s
[2026-06-24 15:42:17]   Synapse creation: 0.406s
[2026-06-24 15:42:17]   Poisson inputs:   0.002s
[2026-06-24 15:42:17]   Total network:    0.849s
[2026-06-24 15:42:17] Building and running Brian2GeNN/GeNN CUDA executable...
[2026-06-24 15:43:01]   Build/codegen wall: 32.618s
[2026-06-24 15:43:01]   First run time:     12.406s
[2026-06-24 15:43:01]   First extraction:   0.000s

[2026-06-24 15:43:01]   Trial 24/32: build/run start
[2026-06-24 15:43:01] ID mapping:         0.035s
[2026-06-24 15:43:01] Creating network...
[2026-06-24 15:43:02]   Data loading:     0.391s
[2026-06-24 15:43:02]   Neuron creation:  0.006s
[2026-06-24 15:43:02]   Synapse creation: 0.387s
[2026-06-24 15:43:02]   Poisson inputs:   0.002s
[2026-06-24 15:43:02]   Total network:    0.820s
[2026-06-24 15:43:02] Building and running Brian2GeNN/GeNN CUDA executable...
[2026-06-24 15:43:56]   Build/codegen wall: 44.689s
[2026-06-24 15:43:56]   First run time:     12.411s
[2026-06-24 15:43:56]   First extraction:   0.000s

[2026-06-24 15:43:56]   Trial 25/32: build/run start
[2026-06-24 15:43:56] ID mapping:         0.032s
[2026-06-24 15:43:56] Creating network...
[2026-06-24 15:43:57]   Data loading:     0.293s
[2026-06-24 15:43:57]   Neuron creation:  0.004s
[2026-06-24 15:43:57]   Synapse creation: 0.355s
[2026-06-24 15:43:57]   Poisson inputs:   0.002s
[2026-06-24 15:43:57]   Total network:    0.687s
[2026-06-24 15:43:57] Building and running Brian2GeNN/GeNN CUDA executable...
[2026-06-24 15:44:38]   Build/codegen wall: 31.013s
[2026-06-24 15:44:38]   First run time:     12.348s
[2026-06-24 15:44:38]   First extraction:   0.000s
[2026-06-24 15:44:38]   Trial 25/32: sim 12.348s, build 31.013s, spikes 0

[2026-06-24 15:44:38]   Trial 26/32: build/run start
[2026-06-24 15:44:38] ID mapping:         0.035s
[2026-06-24 15:44:38] Creating network...
[2026-06-24 15:44:39]   Data loading:     0.307s
[2026-06-24 15:44:39]   Neuron creation:  0.004s
[2026-06-24 15:44:39]   Synapse creation: 0.331s
[2026-06-24 15:44:39]   Poisson inputs:   0.002s
[2026-06-24 15:44:39]   Total network:    0.677s
[2026-06-24 15:44:39] Building and running Brian2GeNN/GeNN CUDA executable...
[2026-06-24 15:45:22]   Build/codegen wall: 33.713s
[2026-06-24 15:45:22]   First run time:     12.348s
[2026-06-24 15:45:22]   First extraction:   0.000s

[2026-06-24 15:45:22]   Trial 27/32: build/run start
[2026-06-24 15:45:22] ID mapping:         0.040s
[2026-06-24 15:45:22] Creating network...
[2026-06-24 15:45:23]   Data loading:     0.395s
[2026-06-24 15:45:23]   Neuron creation:  0.005s
[2026-06-24 15:45:23]   Synapse creation: 0.353s
[2026-06-24 15:45:23]   Poisson inputs:   0.002s
[2026-06-24 15:45:23]   Total network:    0.790s
[2026-06-24 15:45:23] Building and running Brian2GeNN/GeNN CUDA executable...
[2026-06-24 15:46:07]   Build/codegen wall: 32.879s
[2026-06-24 15:46:07]   First run time:     12.373s
[2026-06-24 15:46:07]   First extraction:   0.000s

[2026-06-24 15:46:07]   Trial 28/32: build/run start
[2026-06-24 15:46:07] ID mapping:         0.033s
[2026-06-24 15:46:07] Creating network...
[2026-06-24 15:46:07]   Data loading:     0.334s
[2026-06-24 15:46:07]   Neuron creation:  0.005s
[2026-06-24 15:46:07]   Synapse creation: 0.339s
[2026-06-24 15:46:07]   Poisson inputs:   0.002s
[2026-06-24 15:46:07]   Total network:    0.711s
[2026-06-24 15:46:07] Building and running Brian2GeNN/GeNN CUDA executable...
[2026-06-24 15:46:52]   Build/codegen wall: 33.434s
[2026-06-24 15:46:52]   First run time:     12.416s
[2026-06-24 15:46:52]   First extraction:   0.000s

[2026-06-24 15:46:52]   Trial 29/32: build/run start
[2026-06-24 15:46:52] ID mapping:         0.036s
[2026-06-24 15:46:52] Creating network...
[2026-06-24 15:46:53]   Data loading:     0.364s
[2026-06-24 15:46:53]   Neuron creation:  0.005s
[2026-06-24 15:46:53]   Synapse creation: 0.352s
[2026-06-24 15:46:53]   Poisson inputs:   0.002s
[2026-06-24 15:46:53]   Total network:    0.756s
[2026-06-24 15:46:53] Building and running Brian2GeNN/GeNN CUDA executable...
[2026-06-24 15:47:33]   Build/codegen wall: 31.275s
[2026-06-24 15:47:33]   First run time:     12.354s
[2026-06-24 15:47:33]   First extraction:   0.000s

[2026-06-24 15:47:33]   Trial 30/32: build/run start
[2026-06-24 15:47:33] ID mapping:         0.033s
[2026-06-24 15:47:33] Creating network...
[2026-06-24 15:47:34]   Data loading:     0.321s
[2026-06-24 15:47:34]   Neuron creation:  0.005s
[2026-06-24 15:47:34]   Synapse creation: 0.335s
[2026-06-24 15:47:34]   Poisson inputs:   0.002s
[2026-06-24 15:47:34]   Total network:    0.697s
[2026-06-24 15:47:34] Building and running Brian2GeNN/GeNN CUDA executable...
[2026-06-24 15:48:16]   Build/codegen wall: 31.300s
[2026-06-24 15:48:16]   First run time:     12.346s
[2026-06-24 15:48:16]   First extraction:   0.000s
[2026-06-24 15:48:16]   Trial 30/32: sim 12.346s, build 31.300s, spikes 0

[2026-06-24 15:48:16]   Trial 31/32: build/run start
[2026-06-24 15:48:16] ID mapping:         0.033s
[2026-06-24 15:48:16] Creating network...
[2026-06-24 15:48:17]   Data loading:     0.405s
[2026-06-24 15:48:17]   Neuron creation:  0.007s
[2026-06-24 15:48:17]   Synapse creation: 0.420s
[2026-06-24 15:48:17]   Poisson inputs:   0.002s
[2026-06-24 15:48:17]   Total network:    0.878s
[2026-06-24 15:48:17] Building and running Brian2GeNN/GeNN CUDA executable...
[2026-06-24 15:48:57]   Build/codegen wall: 31.352s
[2026-06-24 15:48:57]   First run time:     12.343s
[2026-06-24 15:48:57]   First extraction:   0.000s

[2026-06-24 15:48:58]   Trial 32/32: build/run start
[2026-06-24 15:48:58] ID mapping:         0.037s
[2026-06-24 15:48:58] Creating network...
[2026-06-24 15:48:58]   Data loading:     0.329s
[2026-06-24 15:48:58]   Neuron creation:  0.005s
[2026-06-24 15:48:58]   Synapse creation: 0.399s
[2026-06-24 15:48:58]   Poisson inputs:   0.002s
[2026-06-24 15:48:58]   Total network:    0.784s
[2026-06-24 15:48:58] Building and running Brian2GeNN/GeNN CUDA executable...
[2026-06-24 15:49:41]   Build/codegen wall: 31.677s
[2026-06-24 15:49:41]   First run time:     12.414s
[2026-06-24 15:49:41]   First extraction:   0.000s
[2026-06-24 15:49:41]   Total simulation: 395.892s
[2026-06-24 15:49:41]   Spike extraction: 0.000s
[2026-06-24 15:49:41]   Avg per trial:    12.372s
[2026-06-24 15:49:41] Collecting results...
[2026-06-24 15:49:41]   Spike probing/output disabled; no parquet written
[2026-06-24 15:49:41]   Collection:       0.000s
[2026-06-24 15:49:41]   Save to file:     0.000s

------------------------------------------------------------
[2026-06-24 15:49:41] TIMING SUMMARY
------------------------------------------------------------
[2026-06-24 15:49:41]   Network creation:       25.161s
[2026-06-24 15:49:41]   Device build:         1175.963s
[2026-06-24 15:49:41]   Simulation:            395.892s
[2026-06-24 15:49:41]   Spike extraction:        0.000s
[2026-06-24 15:49:41]   Result processing:       0.000s
[2026-06-24 15:49:41]   -----------------------------------------
[2026-06-24 15:49:41]   TOTAL ELAPSED:        1598.205s

[2026-06-24 15:49:41]   Simulated time:          320.0s (32 x 10.0s)
[2026-06-24 15:49:41]   Realtime ratio (sim only):  0.808x
[2026-06-24 15:49:41]   Realtime ratio (total):     0.200x

[2026-06-24 15:49:41]   Active neurons:              0
[2026-06-24 15:49:41]   Total spikes:                0
------------------------------------------------------------

================================================================================
[2026-06-24 15:49:41] [20/20] BENCHMARK: t_run=100.0s, n_run=32
================================================================================
[2026-06-24 15:49:41] Device: GPU (Brian2GeNN)
[2026-06-24 15:49:41] Experiment: brian2genn_t100.0s_n32
[2026-06-24 15:49:41] Spike probing/output: disabled
[2026-06-24 15:49:41] Run label: nature_2026_05_noio
[2026-06-24 15:49:41] Round: 1
[2026-06-24 15:49:41] Running 32 independent Brian2GeNN trial(s); Brian2GeNN rebuilds for each trial.

[2026-06-24 15:49:41]   Trial 1/32: build/run start
[2026-06-24 15:49:41] ID mapping:         0.034s
[2026-06-24 15:49:41] Creating network...
[2026-06-24 15:49:42]   Data loading:     0.323s
[2026-06-24 15:49:42]   Neuron creation:  0.004s
[2026-06-24 15:49:42]   Synapse creation: 0.322s
[2026-06-24 15:49:42]   Poisson inputs:   0.002s
[2026-06-24 15:49:42]   Total network:    0.684s
[2026-06-24 15:49:42] Building and running Brian2GeNN/GeNN CUDA executable...
[2026-06-24 15:52:16]   Build/codegen wall: 37.850s
[2026-06-24 15:52:16]   First run time:     124.565s
[2026-06-24 15:52:16]   First extraction:   0.000s

[2026-06-24 15:52:16]   Trial 2/32: build/run start
[2026-06-24 15:52:16] ID mapping:         0.039s
[2026-06-24 15:52:16] Creating network...
[2026-06-24 15:52:17]   Data loading:     0.368s
[2026-06-24 15:52:17]   Neuron creation:  0.005s
[2026-06-24 15:52:17]   Synapse creation: 0.380s
[2026-06-24 15:52:17]   Poisson inputs:   0.002s
[2026-06-24 15:52:17]   Total network:    0.791s
[2026-06-24 15:52:17] Building and running Brian2GeNN/GeNN CUDA executable...
[2026-06-24 15:54:54]   Build/codegen wall: 40.077s
[2026-06-24 15:54:54]   First run time:     124.250s
[2026-06-24 15:54:54]   First extraction:   0.000s

[2026-06-24 15:54:54]   Trial 3/32: build/run start
[2026-06-24 15:54:54] ID mapping:         0.034s
[2026-06-24 15:54:54] Creating network...
[2026-06-24 15:54:55]   Data loading:     0.342s
[2026-06-24 15:54:55]   Neuron creation:  0.006s
[2026-06-24 15:54:55]   Synapse creation: 0.373s
[2026-06-24 15:54:55]   Poisson inputs:   0.002s
[2026-06-24 15:54:55]   Total network:    0.755s
[2026-06-24 15:54:55] Building and running Brian2GeNN/GeNN CUDA executable...
[2026-06-24 15:57:28]   Build/codegen wall: 36.847s
[2026-06-24 15:57:28]   First run time:     124.485s
[2026-06-24 15:57:28]   First extraction:   0.000s

[2026-06-24 15:57:28]   Trial 4/32: build/run start
[2026-06-24 15:57:28] ID mapping:         0.035s
[2026-06-24 15:57:28] Creating network...
[2026-06-24 15:57:29]   Data loading:     0.319s
[2026-06-24 15:57:29]   Neuron creation:  0.005s
[2026-06-24 15:57:29]   Synapse creation: 0.324s
[2026-06-24 15:57:29]   Poisson inputs:   0.002s
[2026-06-24 15:57:29]   Total network:    0.683s
[2026-06-24 15:57:29] Building and running Brian2GeNN/GeNN CUDA executable...
[2026-06-24 16:00:02]   Build/codegen wall: 41.807s
[2026-06-24 16:00:02]   First run time:     119.535s
[2026-06-24 16:00:02]   First extraction:   0.000s

[2026-06-24 16:00:02]   Trial 5/32: build/run start
[2026-06-24 16:00:02] ID mapping:         0.037s
[2026-06-24 16:00:02] Creating network...
[2026-06-24 16:00:03]   Data loading:     0.337s
[2026-06-24 16:00:03]   Neuron creation:  0.005s
[2026-06-24 16:00:03]   Synapse creation: 0.357s
[2026-06-24 16:00:03]   Poisson inputs:   0.002s
[2026-06-24 16:00:03]   Total network:    0.734s
[2026-06-24 16:00:03] Building and running Brian2GeNN/GeNN CUDA executable...
[2026-06-24 16:02:31]   Build/codegen wall: 36.513s
[2026-06-24 16:02:31]   First run time:     119.580s
[2026-06-24 16:02:31]   First extraction:   0.000s
[2026-06-24 16:02:31]   Trial 5/32: sim 119.580s, build 36.513s, spikes 0

[2026-06-24 16:02:31]   Trial 6/32: build/run start
[2026-06-24 16:02:31] ID mapping:         0.035s
[2026-06-24 16:02:31] Creating network...
[2026-06-24 16:02:32]   Data loading:     0.341s
[2026-06-24 16:02:32]   Neuron creation:  0.005s
[2026-06-24 16:02:32]   Synapse creation: 0.357s
[2026-06-24 16:02:32]   Poisson inputs:   0.002s
[2026-06-24 16:02:32]   Total network:    0.739s
[2026-06-24 16:02:32] Building and running Brian2GeNN/GeNN CUDA executable...
[2026-06-24 16:05:00]   Build/codegen wall: 36.666s
[2026-06-24 16:05:00]   First run time:     118.770s
[2026-06-24 16:05:00]   First extraction:   0.000s

[2026-06-24 16:05:00]   Trial 7/32: build/run start
[2026-06-24 16:05:00] ID mapping:         0.034s
[2026-06-24 16:05:00] Creating network...
[2026-06-24 16:05:01]   Data loading:     0.351s
[2026-06-24 16:05:01]   Neuron creation:  0.005s
[2026-06-24 16:05:01]   Synapse creation: 0.363s
[2026-06-24 16:05:01]   Poisson inputs:   0.002s
[2026-06-24 16:05:01]   Total network:    0.754s
[2026-06-24 16:05:01] Building and running Brian2GeNN/GeNN CUDA executable...
[2026-06-24 16:07:28]   Build/codegen wall: 36.187s
[2026-06-24 16:07:28]   First run time:     118.897s
[2026-06-24 16:07:28]   First extraction:   0.000s

[2026-06-24 16:07:28]   Trial 8/32: build/run start
[2026-06-24 16:07:28] ID mapping:         0.037s
[2026-06-24 16:07:28] Creating network...
[2026-06-24 16:07:29]   Data loading:     0.348s
[2026-06-24 16:07:29]   Neuron creation:  0.005s
[2026-06-24 16:07:29]   Synapse creation: 0.370s
[2026-06-24 16:07:29]   Poisson inputs:   0.002s
[2026-06-24 16:07:29]   Total network:    0.760s
[2026-06-24 16:07:29] Building and running Brian2GeNN/GeNN CUDA executable...
[2026-06-24 16:09:58]   Build/codegen wall: 38.302s
[2026-06-24 16:09:58]   First run time:     119.237s
[2026-06-24 16:09:58]   First extraction:   0.000s

[2026-06-24 16:09:58]   Trial 9/32: build/run start
[2026-06-24 16:09:58] ID mapping:         0.036s
[2026-06-24 16:09:58] Creating network...
[2026-06-24 16:09:59]   Data loading:     0.331s
[2026-06-24 16:09:59]   Neuron creation:  0.004s
[2026-06-24 16:09:59]   Synapse creation: 0.337s
[2026-06-24 16:09:59]   Poisson inputs:   0.002s
[2026-06-24 16:09:59]   Total network:    0.707s
[2026-06-24 16:09:59] Building and running Brian2GeNN/GeNN CUDA executable...
[2026-06-24 16:12:32]   Build/codegen wall: 36.821s
[2026-06-24 16:12:32]   First run time:     124.069s
[2026-06-24 16:12:32]   First extraction:   0.000s

[2026-06-24 16:12:32]   Trial 10/32: build/run start
[2026-06-24 16:12:32] ID mapping:         0.033s
[2026-06-24 16:12:32] Creating network...
[2026-06-24 16:12:33]   Data loading:     0.321s
[2026-06-24 16:12:33]   Neuron creation:  0.005s
[2026-06-24 16:12:33]   Synapse creation: 0.350s
[2026-06-24 16:12:33]   Poisson inputs:   0.002s
[2026-06-24 16:12:33]   Total network:    0.710s
[2026-06-24 16:12:33] Building and running Brian2GeNN/GeNN CUDA executable...
[2026-06-24 16:15:03]   Build/codegen wall: 36.970s
[2026-06-24 16:15:03]   First run time:     120.977s
[2026-06-24 16:15:03]   First extraction:   0.000s
[2026-06-24 16:15:03]   Trial 10/32: sim 120.977s, build 36.970s, spikes 0

[2026-06-24 16:15:03]   Trial 11/32: build/run start
[2026-06-24 16:15:03] ID mapping:         0.034s
[2026-06-24 16:15:03] Creating network...
[2026-06-24 16:15:04]   Data loading:     0.346s
[2026-06-24 16:15:04]   Neuron creation:  0.006s
[2026-06-24 16:15:04]   Synapse creation: 0.388s
[2026-06-24 16:15:04]   Poisson inputs:   0.002s
[2026-06-24 16:15:04]   Total network:    0.780s
[2026-06-24 16:15:04] Building and running Brian2GeNN/GeNN CUDA executable...
[2026-06-24 16:17:34]   Build/codegen wall: 37.446s
[2026-06-24 16:17:34]   First run time:     119.246s
[2026-06-24 16:17:34]   First extraction:   0.000s

[2026-06-24 16:17:34]   Trial 12/32: build/run start
[2026-06-24 16:17:34] ID mapping:         0.032s
[2026-06-24 16:17:34] Creating network...
[2026-06-24 16:17:35]   Data loading:     0.304s
[2026-06-24 16:17:35]   Neuron creation:  0.004s
[2026-06-24 16:17:35]   Synapse creation: 0.332s
[2026-06-24 16:17:35]   Poisson inputs:   0.002s
[2026-06-24 16:17:35]   Total network:    0.676s
[2026-06-24 16:17:35] Building and running Brian2GeNN/GeNN CUDA executable...
[2026-06-24 16:20:02]   Build/codegen wall: 36.537s
[2026-06-24 16:20:02]   First run time:     118.568s
[2026-06-24 16:20:02]   First extraction:   0.000s

[2026-06-24 16:20:02]   Trial 13/32: build/run start
[2026-06-24 16:20:02] ID mapping:         0.035s
[2026-06-24 16:20:02] Creating network...
[2026-06-24 16:20:03]   Data loading:     0.334s
[2026-06-24 16:20:03]   Neuron creation:  0.005s
[2026-06-24 16:20:03]   Synapse creation: 0.376s
[2026-06-24 16:20:03]   Poisson inputs:   0.002s
[2026-06-24 16:20:03]   Total network:    0.752s
[2026-06-24 16:20:03] Building and running Brian2GeNN/GeNN CUDA executable...
[2026-06-24 16:22:30]   Build/codegen wall: 36.602s
[2026-06-24 16:22:30]   First run time:     118.352s
[2026-06-24 16:22:30]   First extraction:   0.000s

[2026-06-24 16:22:30]   Trial 14/32: build/run start
[2026-06-24 16:22:30] ID mapping:         0.040s
[2026-06-24 16:22:30] Creating network...
[2026-06-24 16:22:30]   Data loading:     0.330s
[2026-06-24 16:22:30]   Neuron creation:  0.005s
[2026-06-24 16:22:30]   Synapse creation: 0.347s
[2026-06-24 16:22:30]   Poisson inputs:   0.002s
[2026-06-24 16:22:30]   Total network:    0.716s
[2026-06-24 16:22:30] Building and running Brian2GeNN/GeNN CUDA executable...
[2026-06-24 16:24:57]   Build/codegen wall: 36.074s
[2026-06-24 16:24:57]   First run time:     118.373s
[2026-06-24 16:24:57]   First extraction:   0.000s

[2026-06-24 16:24:57]   Trial 15/32: build/run start
[2026-06-24 16:24:57] ID mapping:         0.035s
[2026-06-24 16:24:57] Creating network...
[2026-06-24 16:24:58]   Data loading:     0.370s
[2026-06-24 16:24:58]   Neuron creation:  0.005s
[2026-06-24 16:24:58]   Synapse creation: 0.372s
[2026-06-24 16:24:58]   Poisson inputs:   0.002s
[2026-06-24 16:24:58]   Total network:    0.777s
[2026-06-24 16:24:58] Building and running Brian2GeNN/GeNN CUDA executable...
[2026-06-24 16:27:25]   Build/codegen wall: 36.700s
[2026-06-24 16:27:25]   First run time:     118.478s
[2026-06-24 16:27:25]   First extraction:   0.000s
[2026-06-24 16:27:25]   Trial 15/32: sim 118.478s, build 36.700s, spikes 0

[2026-06-24 16:27:25]   Trial 16/32: build/run start
[2026-06-24 16:27:25] ID mapping:         0.035s
[2026-06-24 16:27:25] Creating network...
[2026-06-24 16:27:26]   Data loading:     0.330s
[2026-06-24 16:27:26]   Neuron creation:  0.005s
[2026-06-24 16:27:26]   Synapse creation: 0.350s
[2026-06-24 16:27:26]   Poisson inputs:   0.002s
[2026-06-24 16:27:26]   Total network:    0.715s
[2026-06-24 16:27:26] Building and running Brian2GeNN/GeNN CUDA executable...
[2026-06-24 16:29:52]   Build/codegen wall: 36.074s
[2026-06-24 16:29:52]   First run time:     118.948s
[2026-06-24 16:29:52]   First extraction:   0.000s

[2026-06-24 16:29:52]   Trial 17/32: build/run start
[2026-06-24 16:29:52] ID mapping:         0.036s
[2026-06-24 16:29:52] Creating network...
[2026-06-24 16:29:53]   Data loading:     0.328s
[2026-06-24 16:29:53]   Neuron creation:  0.005s
[2026-06-24 16:29:53]   Synapse creation: 0.364s
[2026-06-24 16:29:53]   Poisson inputs:   0.002s
[2026-06-24 16:29:53]   Total network:    0.729s
[2026-06-24 16:29:53] Building and running Brian2GeNN/GeNN CUDA executable...
[2026-06-24 16:32:23]   Build/codegen wall: 37.282s
[2026-06-24 16:32:23]   First run time:     118.937s
[2026-06-24 16:32:23]   First extraction:   0.000s

[2026-06-24 16:32:23]   Trial 18/32: build/run start
[2026-06-24 16:32:23] ID mapping:         0.038s
[2026-06-24 16:32:23] Creating network...
[2026-06-24 16:32:24]   Data loading:     0.339s
[2026-06-24 16:32:24]   Neuron creation:  0.005s
[2026-06-24 16:32:24]   Synapse creation: 0.345s
[2026-06-24 16:32:24]   Poisson inputs:   0.002s
[2026-06-24 16:32:24]   Total network:    0.718s
[2026-06-24 16:32:24] Building and running Brian2GeNN/GeNN CUDA executable...
[2026-06-24 16:34:50]   Build/codegen wall: 36.396s
[2026-06-24 16:34:50]   First run time:     118.283s
[2026-06-24 16:34:50]   First extraction:   0.000s

[2026-06-24 16:34:50]   Trial 19/32: build/run start
[2026-06-24 16:34:50] ID mapping:         0.033s
[2026-06-24 16:34:50] Creating network...
[2026-06-24 16:34:51]   Data loading:     0.325s
[2026-06-24 16:34:51]   Neuron creation:  0.005s
[2026-06-24 16:34:51]   Synapse creation: 0.334s
[2026-06-24 16:34:51]   Poisson inputs:   0.002s
[2026-06-24 16:34:51]   Total network:    0.693s
[2026-06-24 16:34:51] Building and running Brian2GeNN/GeNN CUDA executable...
[2026-06-24 16:37:26]   Build/codegen wall: 37.387s
[2026-06-24 16:37:26]   First run time:     126.106s
[2026-06-24 16:37:26]   First extraction:   0.000s

[2026-06-24 16:37:26]   Trial 20/32: build/run start
[2026-06-24 16:37:26] ID mapping:         0.036s
[2026-06-24 16:37:26] Creating network...
[2026-06-24 16:37:27]   Data loading:     0.373s
[2026-06-24 16:37:27]   Neuron creation:  0.005s
[2026-06-24 16:37:27]   Synapse creation: 0.350s
[2026-06-24 16:37:27]   Poisson inputs:   0.002s
[2026-06-24 16:37:27]   Total network:    0.761s
[2026-06-24 16:37:27] Building and running Brian2GeNN/GeNN CUDA executable...
[2026-06-24 16:40:03]   Build/codegen wall: 40.798s
[2026-06-24 16:40:03]   First run time:     125.357s
[2026-06-24 16:40:03]   First extraction:   0.000s
[2026-06-24 16:40:03]   Trial 20/32: sim 125.357s, build 40.798s, spikes 0

[2026-06-24 16:40:03]   Trial 21/32: build/run start
[2026-06-24 16:40:03] ID mapping:         0.036s
[2026-06-24 16:40:03] Creating network...
[2026-06-24 16:40:04]   Data loading:     0.338s
[2026-06-24 16:40:04]   Neuron creation:  0.005s
[2026-06-24 16:40:04]   Synapse creation: 0.375s
[2026-06-24 16:40:04]   Poisson inputs:   0.002s
[2026-06-24 16:40:04]   Total network:    0.750s
[2026-06-24 16:40:04] Building and running Brian2GeNN/GeNN CUDA executable...
[2026-06-24 16:42:38]   Build/codegen wall: 37.107s
[2026-06-24 16:42:38]   First run time:     124.858s
[2026-06-24 16:42:38]   First extraction:   0.000s

[2026-06-24 16:42:38]   Trial 22/32: build/run start
[2026-06-24 16:42:38] ID mapping:         0.034s
[2026-06-24 16:42:38] Creating network...
[2026-06-24 16:42:39]   Data loading:     0.329s
[2026-06-24 16:42:39]   Neuron creation:  0.005s
[2026-06-24 16:42:39]   Synapse creation: 0.322s
[2026-06-24 16:42:39]   Poisson inputs:   0.002s
[2026-06-24 16:42:39]   Total network:    0.688s
[2026-06-24 16:42:39] Building and running Brian2GeNN/GeNN CUDA executable...
[2026-06-24 16:45:12]   Build/codegen wall: 38.212s
[2026-06-24 16:45:12]   First run time:     123.878s
[2026-06-24 16:45:12]   First extraction:   0.000s

[2026-06-24 16:45:12]   Trial 23/32: build/run start
[2026-06-24 16:45:12] ID mapping:         0.033s
[2026-06-24 16:45:12] Creating network...
[2026-06-24 16:45:13]   Data loading:     0.326s
[2026-06-24 16:45:13]   Neuron creation:  0.004s
[2026-06-24 16:45:13]   Synapse creation: 0.346s
[2026-06-24 16:45:13]   Poisson inputs:   0.002s
[2026-06-24 16:45:13]   Total network:    0.708s
[2026-06-24 16:45:13] Building and running Brian2GeNN/GeNN CUDA executable...
[2026-06-24 16:47:46]   Build/codegen wall: 36.790s
[2026-06-24 16:47:46]   First run time:     124.096s
[2026-06-24 16:47:46]   First extraction:   0.000s

[2026-06-24 16:47:46]   Trial 24/32: build/run start
[2026-06-24 16:47:46] ID mapping:         0.033s
[2026-06-24 16:47:46] Creating network...
[2026-06-24 16:47:46]   Data loading:     0.311s
[2026-06-24 16:47:46]   Neuron creation:  0.004s
[2026-06-24 16:47:46]   Synapse creation: 0.337s
[2026-06-24 16:47:46]   Poisson inputs:   0.002s
[2026-06-24 16:47:46]   Total network:    0.683s
[2026-06-24 16:47:46] Building and running Brian2GeNN/GeNN CUDA executable...
[2026-06-24 16:50:19]   Build/codegen wall: 36.717s
[2026-06-24 16:50:19]   First run time:     123.984s
[2026-06-24 16:50:19]   First extraction:   0.000s

[2026-06-24 16:50:19]   Trial 25/32: build/run start
[2026-06-24 16:50:19] ID mapping:         0.035s
[2026-06-24 16:50:19] Creating network...
[2026-06-24 16:50:20]   Data loading:     0.316s
[2026-06-24 16:50:20]   Neuron creation:  0.005s
[2026-06-24 16:50:20]   Synapse creation: 0.334s
[2026-06-24 16:50:20]   Poisson inputs:   0.002s
[2026-06-24 16:50:20]   Total network:    0.686s
[2026-06-24 16:50:20] Building and running Brian2GeNN/GeNN CUDA executable...
[2026-06-24 16:52:53]   Build/codegen wall: 37.742s
[2026-06-24 16:52:53]   First run time:     123.921s
[2026-06-24 16:52:53]   First extraction:   0.000s
[2026-06-24 16:52:53]   Trial 25/32: sim 123.921s, build 37.742s, spikes 0

[2026-06-24 16:52:53]   Trial 26/32: build/run start
[2026-06-24 16:52:53] ID mapping:         0.037s
[2026-06-24 16:52:53] Creating network...
[2026-06-24 16:52:54]   Data loading:     0.352s
[2026-06-24 16:52:54]   Neuron creation:  0.005s
[2026-06-24 16:52:54]   Synapse creation: 0.348s
[2026-06-24 16:52:54]   Poisson inputs:   0.002s
[2026-06-24 16:52:54]   Total network:    0.736s
[2026-06-24 16:52:54] Building and running Brian2GeNN/GeNN CUDA executable...
[2026-06-24 16:55:26]   Build/codegen wall: 36.980s
[2026-06-24 16:55:26]   First run time:     124.087s
[2026-06-24 16:55:26]   First extraction:   0.000s

[2026-06-24 16:55:26]   Trial 27/32: build/run start
[2026-06-24 16:55:26] ID mapping:         0.037s
[2026-06-24 16:55:26] Creating network...
[2026-06-24 16:55:27]   Data loading:     0.356s
[2026-06-24 16:55:27]   Neuron creation:  0.005s
[2026-06-24 16:55:27]   Synapse creation: 0.363s
[2026-06-24 16:55:27]   Poisson inputs:   0.002s
[2026-06-24 16:55:27]   Total network:    0.754s
[2026-06-24 16:55:27] Building and running Brian2GeNN/GeNN CUDA executable...
[2026-06-24 16:58:01]   Build/codegen wall: 38.394s
[2026-06-24 16:58:01]   First run time:     124.319s
[2026-06-24 16:58:01]   First extraction:   0.000s

[2026-06-24 16:58:01]   Trial 28/32: build/run start
[2026-06-24 16:58:01] ID mapping:         0.037s
[2026-06-24 16:58:01] Creating network...
[2026-06-24 16:58:02]   Data loading:     0.396s
[2026-06-24 16:58:02]   Neuron creation:  0.005s
[2026-06-24 16:58:02]   Synapse creation: 0.346s
[2026-06-24 16:58:02]   Poisson inputs:   0.002s
[2026-06-24 16:58:02]   Total network:    0.779s
[2026-06-24 16:58:02] Building and running Brian2GeNN/GeNN CUDA executable...
[2026-06-24 17:00:36]   Build/codegen wall: 37.868s
[2026-06-24 17:00:36]   First run time:     124.676s
[2026-06-24 17:00:36]   First extraction:   0.000s

[2026-06-24 17:00:36]   Trial 29/32: build/run start
[2026-06-24 17:00:36] ID mapping:         0.036s
[2026-06-24 17:00:36] Creating network...
[2026-06-24 17:00:37]   Data loading:     0.342s
[2026-06-24 17:00:37]   Neuron creation:  0.005s
[2026-06-24 17:00:37]   Synapse creation: 0.345s
[2026-06-24 17:00:37]   Poisson inputs:   0.002s
[2026-06-24 17:00:37]   Total network:    0.726s
[2026-06-24 17:00:37] Building and running Brian2GeNN/GeNN CUDA executable...
[2026-06-24 17:03:11]   Build/codegen wall: 38.396s
[2026-06-24 17:03:11]   First run time:     124.430s
[2026-06-24 17:03:11]   First extraction:   0.000s

[2026-06-24 17:03:11]   Trial 30/32: build/run start
[2026-06-24 17:03:11] ID mapping:         0.034s
[2026-06-24 17:03:11] Creating network...
[2026-06-24 17:03:12]   Data loading:     0.368s
[2026-06-24 17:03:12]   Neuron creation:  0.005s
[2026-06-24 17:03:12]   Synapse creation: 0.364s
[2026-06-24 17:03:12]   Poisson inputs:   0.002s
[2026-06-24 17:03:12]   Total network:    0.772s
[2026-06-24 17:03:12] Building and running Brian2GeNN/GeNN CUDA executable...
[2026-06-24 17:05:46]   Build/codegen wall: 38.348s
[2026-06-24 17:05:46]   First run time:     124.388s
[2026-06-24 17:05:46]   First extraction:   0.000s
[2026-06-24 17:05:46]   Trial 30/32: sim 124.388s, build 38.348s, spikes 0

[2026-06-24 17:05:46]   Trial 31/32: build/run start
[2026-06-24 17:05:46] ID mapping:         0.034s
[2026-06-24 17:05:46] Creating network...
[2026-06-24 17:05:47]   Data loading:     0.360s
[2026-06-24 17:05:47]   Neuron creation:  0.005s
[2026-06-24 17:05:47]   Synapse creation: 0.349s
[2026-06-24 17:05:47]   Poisson inputs:   0.002s
[2026-06-24 17:05:47]   Total network:    0.746s
[2026-06-24 17:05:47] Building and running Brian2GeNN/GeNN CUDA executable...
[2026-06-24 17:08:23]   Build/codegen wall: 38.271s
[2026-06-24 17:08:23]   First run time:     126.336s
[2026-06-24 17:08:23]   First extraction:   0.000s

[2026-06-24 17:08:23]   Trial 32/32: build/run start
[2026-06-24 17:08:23] ID mapping:         0.035s
[2026-06-24 17:08:23] Creating network...
[2026-06-24 17:08:24]   Data loading:     0.372s
[2026-06-24 17:08:24]   Neuron creation:  0.005s
[2026-06-24 17:08:24]   Synapse creation: 0.369s
[2026-06-24 17:08:24]   Poisson inputs:   0.002s
[2026-06-24 17:08:24]   Total network:    0.779s
[2026-06-24 17:08:24] Building and running Brian2GeNN/GeNN CUDA executable...
[2026-06-24 17:10:59]   Build/codegen wall: 38.660s
[2026-06-24 17:10:59]   First run time:     124.953s
[2026-06-24 17:10:59]   First extraction:   0.000s
[2026-06-24 17:10:59]   Total simulation: 3908.939s
[2026-06-24 17:10:59]   Spike extraction: 0.000s
[2026-06-24 17:10:59]   Avg per trial:    122.154s
[2026-06-24 17:10:59] Collecting results...
[2026-06-24 17:10:59]   Spike probing/output disabled; no parquet written
[2026-06-24 17:10:59]   Collection:       0.000s
[2026-06-24 17:10:59]   Save to file:     0.000s

------------------------------------------------------------
[2026-06-24 17:10:59] TIMING SUMMARY
------------------------------------------------------------
[2026-06-24 17:10:59]   Network creation:       23.439s
[2026-06-24 17:10:59]   Device build:         1202.821s
[2026-06-24 17:10:59]   Simulation:           3908.939s
[2026-06-24 17:10:59]   Spike extraction:        0.000s
[2026-06-24 17:10:59]   Result processing:       0.000s
[2026-06-24 17:10:59]   -----------------------------------------
[2026-06-24 17:10:59]   TOTAL ELAPSED:        5136.329s

[2026-06-24 17:10:59]   Simulated time:         3200.0s (32 x 100.0s)
[2026-06-24 17:10:59]   Realtime ratio (sim only):  0.819x
[2026-06-24 17:10:59]   Realtime ratio (total):     0.623x

[2026-06-24 17:10:59]   Active neurons:              0
[2026-06-24 17:10:59]   Total spikes:                0
------------------------------------------------------------


================================================================================
[2026-06-24 17:10:59] SUMMARY: Brian2GeNN (GPU)
================================================================================

   t_run |  n_run |      Setup |      Build |   Simulation |      Total |   RT Ratio |     Spikes | Status
--------------------------------------------------------------------------------------------------------------
    0.1s |      1 |      0.89s |     30.78s |        0.08s |     31.80s |     1.230x |          0 | ✓ success
    1.0s |      1 |      0.70s |     29.94s |        1.19s |     31.88s |     0.838x |          0 | ✓ success
   10.0s |      1 |      0.68s |     30.59s |       12.32s |     43.63s |     0.811x |          0 | ✓ success
  100.0s |      1 |      0.68s |     33.72s |      123.44s |    157.87s |     0.810x |          0 | ✓ success
    0.1s |      4 |      2.77s |    118.28s |        0.33s |    121.53s |     1.227x |          0 | ✓ success
    1.0s |      4 |      6.98s |    298.23s |        4.80s |    310.31s |     0.834x |          0 | ✓ success
   10.0s |      4 |      3.81s |    168.64s |       49.49s |    222.12s |     0.808x |          0 | ✓ success
  100.0s |      4 |      4.40s |    152.90s |      496.27s |    653.75s |     0.806x |          0 | ✓ success
    0.1s |      8 |      5.81s |    237.32s |        0.65s |    244.08s |     1.225x |          0 | ✓ success
    1.0s |      8 |      6.16s |    236.08s |        9.60s |    252.12s |     0.834x |          0 | ✓ success
   10.0s |      8 |      5.51s |    238.10s |       98.87s |    342.75s |     0.809x |          0 | ✓ success
  100.0s |      8 |      5.64s |    282.53s |      991.29s |   1279.74s |     0.807x |          0 | ✓ success
    0.1s |     16 |     18.21s |    755.67s |        1.31s |    776.03s |     1.223x |          0 | ✓ success
    1.0s |     16 |     25.90s |   1023.73s |       19.22s |   1070.05s |     0.832x |          0 | ✓ success
   10.0s |     16 |     16.05s |    721.33s |      198.51s |    936.73s |     0.806x |          0 | ✓ success
  100.0s |     16 |     13.12s |    648.38s |     1996.28s |   2658.44s |     0.801x |          0 | ✓ success
    0.1s |     32 |     33.01s |   1344.28s |        2.62s |   1381.39s |     1.219x |          0 | ✓ success
    1.0s |     32 |     29.35s |   1178.22s |       38.38s |   1247.26s |     0.834x |          0 | ✓ success
   10.0s |     32 |     25.16s |   1175.96s |      395.89s |   1598.20s |     0.808x |          0 | ✓ success
  100.0s |     32 |     23.44s |   1202.82s |     3908.94s |   5136.33s |     0.819x |          0 | ✓ success
--------------------------------------------------------------------------------------------------------------

[2026-06-24 17:10:59] Benchmark suite complete!
[2026-06-24 17:10:59] <<< Finished backend 1/1: Brian2GeNN (GPU)

[2026-06-24 17:10:59] All 1 backend(s) complete.
[2026-06-24 17:10:59] Results CSV: /home/buidl/GitHub-Linux/fly-brain/data/benchmark-results.csv
[2026-06-24 17:10:59] Spike outputs disabled; no spike manifest written
