
[2026-07-14 10:25:19] Starting benchmark suite
[2026-07-14 10:25:19] Backends: PyTorch, NEST GPU
[2026-07-14 10:25:19] t_run values: [0.1, 1.0, 10.0, 100.0]s
[2026-07-14 10:25:19] n_run values: [1, 4, 8, 16, 32]
[2026-07-14 10:25:19] rounds: 1
[2026-07-14 10:25:19] round start: 1
[2026-07-14 10:25:19] run label: nature_2026_07_pytorch_nest_fixed_noio
[2026-07-14 10:25:19] spike probing/output: disabled
[2026-07-14 10:25:19] Log file: data/results/nature_2026_07_pytorch_nest_fixed_noio.log
[2026-07-14 10:25:19] Experiment: Sugar GRNs (200 Hz)
[2026-07-14 10:25:19] Stimulated neurons: 21 at 200.0 Hz
[2026-07-14 10:25:19] Benchmark rounds: 1
[2026-07-14 10:25:19] Run label: nature_2026_07_pytorch_nest_fixed_noio

[2026-07-14 10:25:19] >>> Starting backend 1/2: PyTorch

================================================================================
[2026-07-14 10:25:20] BENCHMARK SUITE: PyTorch (CUDA)
================================================================================
[2026-07-14 10:25:20] Device: CUDA
[2026-07-14 10:25:20] GPU: NVIDIA GeForce RTX 4070
[2026-07-14 10:25:20] t_run values: [0.1, 1.0, 10.0, 100.0] seconds
[2026-07-14 10:25:20] n_run values: [1, 4, 8, 16, 32]
[2026-07-14 10:25:20] Run label: nature_2026_07_pytorch_nest_fixed_noio
[2026-07-14 10:25:20] Round: 1
[2026-07-14 10:25:20] Total benchmarks: 20
================================================================================

================================================================================
[2026-07-14 10:25:20] [1/20] BENCHMARK: t_run=0.1s, n_run=1
================================================================================
[2026-07-14 10:25:20] Device: CUDA
[2026-07-14 10:25:20] Steps: 1000 (dt=0.1ms)
[2026-07-14 10:25:20] Experiment: pytorch_t0.1s_n1
[2026-07-14 10:25:20] Spike probing/output: disabled
[2026-07-14 10:25:20] Run label: nature_2026_07_pytorch_nest_fixed_noio
[2026-07-14 10:25:20] Round: 1
[2026-07-14 10:25:20] ID mapping:         0.049s
[2026-07-14 10:25:20] Loading weights...
[2026-07-14 10:25:21]   Weight loading:   1.135s
[2026-07-14 10:25:21]   Neurons: 138639, Batch: 1
[2026-07-14 10:25:21] Creating model...
[2026-07-14 10:25:21]   Model creation:   0.035s
[2026-07-14 10:25:21]   Total setup:      1.170s
[2026-07-14 10:25:21]   VRAM after setup: 1.38 GB
[2026-07-14 10:25:21] Running simulation (1000 steps, 1 trial(s) batched)...
[2026-07-14 10:25:22]   Simulation time:  0.715s
[2026-07-14 10:25:22]   Avg per trial:    0.715s
[2026-07-14 10:25:22]   VRAM used:        1.40 GB
[2026-07-14 10:25:22] Collecting results...
[2026-07-14 10:25:22]   Spike probing/output disabled; no parquet written
[2026-07-14 10:25:22]   Collection:       0.000s
[2026-07-14 10:25:22]   Save to file:     0.000s

------------------------------------------------------------
[2026-07-14 10:25:22] TIMING SUMMARY
------------------------------------------------------------
[2026-07-14 10:25:22]   Model setup:             1.170s
[2026-07-14 10:25:22]   Simulation:              0.715s
[2026-07-14 10:25:22]   Result processing:       0.000s
[2026-07-14 10:25:22]   -----------------------------------------
[2026-07-14 10:25:22]   TOTAL ELAPSED:           1.934s

[2026-07-14 10:25:22]   Simulated time:            0.1s (1 x 0.1s)
[2026-07-14 10:25:22]   Realtime ratio (sim only):  0.140x
[2026-07-14 10:25:22]   Realtime ratio (total):     0.052x

[2026-07-14 10:25:22]   Active neurons:              0
[2026-07-14 10:25:22]   Total spikes:                0
------------------------------------------------------------

================================================================================
[2026-07-14 10:25:22] [2/20] BENCHMARK: t_run=1.0s, n_run=1
================================================================================
[2026-07-14 10:25:22] Device: CUDA
[2026-07-14 10:25:22] Steps: 10000 (dt=0.1ms)
[2026-07-14 10:25:22] Experiment: pytorch_t1.0s_n1
[2026-07-14 10:25:22] Spike probing/output: disabled
[2026-07-14 10:25:22] Run label: nature_2026_07_pytorch_nest_fixed_noio
[2026-07-14 10:25:22] Round: 1
[2026-07-14 10:25:22] ID mapping:         0.041s
[2026-07-14 10:25:22] Loading weights...
[2026-07-14 10:25:23]   Weight loading:   1.013s
[2026-07-14 10:25:23]   Neurons: 138639, Batch: 1
[2026-07-14 10:25:23] Creating model...
[2026-07-14 10:25:23]   Model creation:   0.001s
[2026-07-14 10:25:23]   Total setup:      1.013s
[2026-07-14 10:25:23]   VRAM after setup: 1.40 GB
[2026-07-14 10:25:23] Running simulation (10000 steps, 1 trial(s) batched)...
[2026-07-14 10:25:24]   Progress: 10% (1000/10000) - 0.7s elapsed
[2026-07-14 10:25:24]   Progress: 20% (2000/10000) - 1.3s elapsed
[2026-07-14 10:25:25]   Progress: 30% (3000/10000) - 2.0s elapsed
[2026-07-14 10:25:26]   Progress: 40% (4000/10000) - 2.6s elapsed
[2026-07-14 10:25:25]   Progress: 50% (5000/10000) - 3.3s elapsed
[2026-07-14 10:25:26]   Progress: 60% (6000/10000) - 3.9s elapsed
[2026-07-14 10:25:26]   Progress: 70% (7000/10000) - 4.6s elapsed
[2026-07-14 10:25:27]   Progress: 80% (8000/10000) - 5.2s elapsed
[2026-07-14 10:25:28]   Progress: 90% (9000/10000) - 5.9s elapsed
[2026-07-14 10:25:28]   Progress: 100% (10000/10000) - 6.5s elapsed
[2026-07-14 10:25:28]   Simulation time:  6.546s
[2026-07-14 10:25:28]   Avg per trial:    6.546s
[2026-07-14 10:25:28]   VRAM used:        1.41 GB
[2026-07-14 10:25:28] Collecting results...
[2026-07-14 10:25:28]   Spike probing/output disabled; no parquet written
[2026-07-14 10:25:28]   Collection:       0.000s
[2026-07-14 10:25:28]   Save to file:     0.000s

------------------------------------------------------------
[2026-07-14 10:25:28] TIMING SUMMARY
------------------------------------------------------------
[2026-07-14 10:25:28]   Model setup:             1.013s
[2026-07-14 10:25:28]   Simulation:              6.546s
[2026-07-14 10:25:28]   Result processing:       0.000s
[2026-07-14 10:25:28]   -----------------------------------------
[2026-07-14 10:25:28]   TOTAL ELAPSED:           7.600s

[2026-07-14 10:25:28]   Simulated time:            1.0s (1 x 1.0s)
[2026-07-14 10:25:28]   Realtime ratio (sim only):  0.153x
[2026-07-14 10:25:28]   Realtime ratio (total):     0.132x

[2026-07-14 10:25:28]   Active neurons:              0
[2026-07-14 10:25:28]   Total spikes:                0
------------------------------------------------------------

================================================================================
[2026-07-14 10:25:28] [3/20] BENCHMARK: t_run=10.0s, n_run=1
================================================================================
[2026-07-14 10:25:28] Device: CUDA
[2026-07-14 10:25:28] Steps: 100000 (dt=0.1ms)
[2026-07-14 10:25:28] Experiment: pytorch_t10.0s_n1
[2026-07-14 10:25:28] Spike probing/output: disabled
[2026-07-14 10:25:28] Run label: nature_2026_07_pytorch_nest_fixed_noio
[2026-07-14 10:25:28] Round: 1
[2026-07-14 10:25:28] ID mapping:         0.035s
[2026-07-14 10:25:28] Loading weights...
[2026-07-14 10:25:29]   Weight loading:   0.851s
[2026-07-14 10:25:29]   Neurons: 138639, Batch: 1
[2026-07-14 10:25:29] Creating model...
[2026-07-14 10:25:29]   Model creation:   0.001s
[2026-07-14 10:25:29]   Total setup:      0.852s
[2026-07-14 10:25:29]   VRAM after setup: 1.41 GB
[2026-07-14 10:25:29] Running simulation (100000 steps, 1 trial(s) batched)...
[2026-07-14 10:25:36]   Progress: 10% (10000/100000) - 6.5s elapsed
[2026-07-14 10:25:42]   Progress: 20% (20000/100000) - 13.1s elapsed
[2026-07-14 10:25:49]   Progress: 30% (30000/100000) - 19.6s elapsed
[2026-07-14 10:25:55]   Progress: 40% (40000/100000) - 26.1s elapsed
[2026-07-14 10:26:01]   Progress: 50% (50000/100000) - 32.6s elapsed
[2026-07-14 10:26:07]   Progress: 60% (60000/100000) - 39.0s elapsed
[2026-07-14 10:26:14]   Progress: 70% (70000/100000) - 45.6s elapsed
[2026-07-14 10:26:20]   Progress: 80% (80000/100000) - 52.1s elapsed
[2026-07-14 10:26:27]   Progress: 90% (90000/100000) - 58.6s elapsed
[2026-07-14 10:26:32]   Progress: 100% (100000/100000) - 65.1s elapsed
[2026-07-14 10:26:32]   Simulation time:  65.093s
[2026-07-14 10:26:32]   Avg per trial:    65.093s
[2026-07-14 10:26:32]   VRAM used:        1.41 GB
[2026-07-14 10:26:32] Collecting results...
[2026-07-14 10:26:32]   Spike probing/output disabled; no parquet written
[2026-07-14 10:26:32]   Collection:       0.000s
[2026-07-14 10:26:32]   Save to file:     0.000s

------------------------------------------------------------
[2026-07-14 10:26:32] TIMING SUMMARY
------------------------------------------------------------
[2026-07-14 10:26:32]   Model setup:             0.852s
[2026-07-14 10:26:32]   Simulation:             65.093s
[2026-07-14 10:26:32]   Result processing:       0.000s
[2026-07-14 10:26:32]   -----------------------------------------
[2026-07-14 10:26:32]   TOTAL ELAPSED:          65.980s

[2026-07-14 10:26:32]   Simulated time:           10.0s (1 x 10.0s)
[2026-07-14 10:26:32]   Realtime ratio (sim only):  0.154x
[2026-07-14 10:26:32]   Realtime ratio (total):     0.152x

[2026-07-14 10:26:32]   Active neurons:              0
[2026-07-14 10:26:32]   Total spikes:                0
------------------------------------------------------------

================================================================================
[2026-07-14 10:26:32] [4/20] BENCHMARK: t_run=100.0s, n_run=1
================================================================================
[2026-07-14 10:26:32] Device: CUDA
[2026-07-14 10:26:32] Steps: 1000000 (dt=0.1ms)
[2026-07-14 10:26:32] Experiment: pytorch_t100.0s_n1
[2026-07-14 10:26:32] Spike probing/output: disabled
[2026-07-14 10:26:32] Run label: nature_2026_07_pytorch_nest_fixed_noio
[2026-07-14 10:26:32] Round: 1
[2026-07-14 10:26:32] ID mapping:         0.041s
[2026-07-14 10:26:32] Loading weights...
[2026-07-14 10:26:33]   Weight loading:   0.992s
[2026-07-14 10:26:33]   Neurons: 138639, Batch: 1
[2026-07-14 10:26:33] Creating model...
[2026-07-14 10:26:33]   Model creation:   0.001s
[2026-07-14 10:26:33]   Total setup:      0.993s
[2026-07-14 10:26:33]   VRAM after setup: 1.41 GB
[2026-07-14 10:26:33] Running simulation (1000000 steps, 1 trial(s) batched)...
[2026-07-14 10:27:36]   Progress: 10% (100000/1000000) - 64.9s elapsed
[2026-07-14 10:28:39]   Progress: 20% (200000/1000000) - 130.7s elapsed
[2026-07-14 10:29:42]   Progress: 30% (300000/1000000) - 195.6s elapsed
[2026-07-14 10:30:45]   Progress: 40% (400000/1000000) - 260.7s elapsed
[2026-07-14 10:31:47]   Progress: 50% (500000/1000000) - 325.8s elapsed
[2026-07-14 10:32:50]   Progress: 60% (600000/1000000) - 390.7s elapsed
[2026-07-14 10:33:53]   Progress: 70% (700000/1000000) - 455.7s elapsed
[2026-07-14 10:34:56]   Progress: 80% (800000/1000000) - 521.5s elapsed
[2026-07-14 10:35:59]   Progress: 90% (900000/1000000) - 586.4s elapsed
[2026-07-14 10:37:01]   Progress: 100% (1000000/1000000) - 651.3s elapsed
[2026-07-14 10:37:01]   Simulation time:  651.351s
[2026-07-14 10:37:01]   Avg per trial:    651.351s
[2026-07-14 10:37:01]   VRAM used:        1.41 GB
[2026-07-14 10:37:01] Collecting results...
[2026-07-14 10:37:01]   Spike probing/output disabled; no parquet written
[2026-07-14 10:37:01]   Collection:       0.000s
[2026-07-14 10:37:01]   Save to file:     0.000s

------------------------------------------------------------
[2026-07-14 10:37:01] TIMING SUMMARY
------------------------------------------------------------
[2026-07-14 10:37:01]   Model setup:             0.993s
[2026-07-14 10:37:01]   Simulation:            651.351s
[2026-07-14 10:37:01]   Result processing:       0.000s
[2026-07-14 10:37:01]   -----------------------------------------
[2026-07-14 10:37:01]   TOTAL ELAPSED:         652.385s

[2026-07-14 10:37:01]   Simulated time:          100.0s (1 x 100.0s)
[2026-07-14 10:37:01]   Realtime ratio (sim only):  0.154x
[2026-07-14 10:37:01]   Realtime ratio (total):     0.153x

[2026-07-14 10:37:01]   Active neurons:              0
[2026-07-14 10:37:01]   Total spikes:                0
------------------------------------------------------------

================================================================================
[2026-07-14 10:37:01] [5/20] BENCHMARK: t_run=0.1s, n_run=4
================================================================================
[2026-07-14 10:37:01] Device: CUDA
[2026-07-14 10:37:01] Steps: 1000 (dt=0.1ms)
[2026-07-14 10:37:01] Experiment: pytorch_t0.1s_n4
[2026-07-14 10:37:01] Spike probing/output: disabled
[2026-07-14 10:37:01] Run label: nature_2026_07_pytorch_nest_fixed_noio
[2026-07-14 10:37:01] Round: 1
[2026-07-14 10:37:01] ID mapping:         0.034s
[2026-07-14 10:37:01] Loading weights...
[2026-07-14 10:37:02]   Weight loading:   0.888s
[2026-07-14 10:37:02]   Neurons: 138639, Batch: 4
[2026-07-14 10:37:02] Creating model...
[2026-07-14 10:37:02]   Model creation:   0.001s
[2026-07-14 10:37:02]   Total setup:      0.890s
[2026-07-14 10:37:02]   VRAM after setup: 1.45 GB
[2026-07-14 10:37:02] Running simulation (1000 steps, 4 trial(s) batched)...
[2026-07-14 10:37:05]   Simulation time:  2.919s
[2026-07-14 10:37:05]   Avg per trial:    0.730s
[2026-07-14 10:37:05]   VRAM used:        1.49 GB
[2026-07-14 10:37:05] Collecting results...
[2026-07-14 10:37:05]   Spike probing/output disabled; no parquet written
[2026-07-14 10:37:05]   Collection:       0.000s
[2026-07-14 10:37:05]   Save to file:     0.000s

------------------------------------------------------------
[2026-07-14 10:37:05] TIMING SUMMARY
------------------------------------------------------------
[2026-07-14 10:37:05]   Model setup:             0.890s
[2026-07-14 10:37:05]   Simulation:              2.919s
[2026-07-14 10:37:05]   Result processing:       0.000s
[2026-07-14 10:37:05]   -----------------------------------------
[2026-07-14 10:37:05]   TOTAL ELAPSED:           3.843s

[2026-07-14 10:37:05]   Simulated time:            0.4s (4 x 0.1s)
[2026-07-14 10:37:05]   Realtime ratio (sim only):  0.137x
[2026-07-14 10:37:05]   Realtime ratio (total):     0.104x

[2026-07-14 10:37:05]   Active neurons:              0
[2026-07-14 10:37:05]   Total spikes:                0
------------------------------------------------------------

================================================================================
[2026-07-14 10:37:05] [6/20] BENCHMARK: t_run=1.0s, n_run=4
================================================================================
[2026-07-14 10:37:05] Device: CUDA
[2026-07-14 10:37:05] Steps: 10000 (dt=0.1ms)
[2026-07-14 10:37:05] Experiment: pytorch_t1.0s_n4
[2026-07-14 10:37:05] Spike probing/output: disabled
[2026-07-14 10:37:05] Run label: nature_2026_07_pytorch_nest_fixed_noio
[2026-07-14 10:37:05] Round: 1
[2026-07-14 10:37:05] ID mapping:         0.037s
[2026-07-14 10:37:05] Loading weights...
[2026-07-14 10:37:06]   Weight loading:   0.865s
[2026-07-14 10:37:06]   Neurons: 138639, Batch: 4
[2026-07-14 10:37:06] Creating model...
[2026-07-14 10:37:06]   Model creation:   0.001s
[2026-07-14 10:37:06]   Total setup:      0.866s
[2026-07-14 10:37:06]   VRAM after setup: 1.49 GB
[2026-07-14 10:37:06] Running simulation (10000 steps, 4 trial(s) batched)...
[2026-07-14 10:37:09]   Progress: 10% (1000/10000) - 2.8s elapsed
[2026-07-14 10:37:12]   Progress: 20% (2000/10000) - 5.7s elapsed
[2026-07-14 10:37:15]   Progress: 30% (3000/10000) - 8.6s elapsed
[2026-07-14 10:37:18]   Progress: 40% (4000/10000) - 11.5s elapsed
[2026-07-14 10:37:21]   Progress: 50% (5000/10000) - 14.4s elapsed
[2026-07-14 10:37:22]   Progress: 60% (6000/10000) - 17.3s elapsed
[2026-07-14 10:37:25]   Progress: 70% (7000/10000) - 20.2s elapsed
[2026-07-14 10:37:28]   Progress: 80% (8000/10000) - 23.1s elapsed
[2026-07-14 10:37:31]   Progress: 90% (9000/10000) - 26.0s elapsed
[2026-07-14 10:37:34]   Progress: 100% (10000/10000) - 28.9s elapsed
[2026-07-14 10:37:34]   Simulation time:  28.984s
[2026-07-14 10:37:34]   Avg per trial:    7.246s
[2026-07-14 10:37:34]   VRAM used:        1.49 GB
[2026-07-14 10:37:34] Collecting results...
[2026-07-14 10:37:34]   Spike probing/output disabled; no parquet written
[2026-07-14 10:37:34]   Collection:       0.000s
[2026-07-14 10:37:34]   Save to file:     0.000s

------------------------------------------------------------
[2026-07-14 10:37:34] TIMING SUMMARY
------------------------------------------------------------
[2026-07-14 10:37:34]   Model setup:             0.866s
[2026-07-14 10:37:34]   Simulation:             28.984s
[2026-07-14 10:37:34]   Result processing:       0.000s
[2026-07-14 10:37:34]   -----------------------------------------
[2026-07-14 10:37:34]   TOTAL ELAPSED:          29.888s

[2026-07-14 10:37:34]   Simulated time:            4.0s (4 x 1.0s)
[2026-07-14 10:37:34]   Realtime ratio (sim only):  0.138x
[2026-07-14 10:37:34]   Realtime ratio (total):     0.134x

[2026-07-14 10:37:34]   Active neurons:              0
[2026-07-14 10:37:34]   Total spikes:                0
------------------------------------------------------------

================================================================================
[2026-07-14 10:37:34] [7/20] BENCHMARK: t_run=10.0s, n_run=4
================================================================================
[2026-07-14 10:37:34] Device: CUDA
[2026-07-14 10:37:34] Steps: 100000 (dt=0.1ms)
[2026-07-14 10:37:34] Experiment: pytorch_t10.0s_n4
[2026-07-14 10:37:34] Spike probing/output: disabled
[2026-07-14 10:37:34] Run label: nature_2026_07_pytorch_nest_fixed_noio
[2026-07-14 10:37:34] Round: 1
[2026-07-14 10:37:34] ID mapping:         0.034s
[2026-07-14 10:37:34] Loading weights...
[2026-07-14 10:37:35]   Weight loading:   0.851s
[2026-07-14 10:37:35]   Neurons: 138639, Batch: 4
[2026-07-14 10:37:35] Creating model...
[2026-07-14 10:37:35]   Model creation:   0.001s
[2026-07-14 10:37:35]   Total setup:      0.851s
[2026-07-14 10:37:35]   VRAM after setup: 1.49 GB
[2026-07-14 10:37:35] Running simulation (100000 steps, 4 trial(s) batched)...
[2026-07-14 10:38:03]   Progress: 10% (10000/100000) - 28.9s elapsed
[2026-07-14 10:38:31]   Progress: 20% (20000/100000) - 58.0s elapsed
[2026-07-14 10:38:58]   Progress: 30% (30000/100000) - 87.0s elapsed
[2026-07-14 10:39:26]   Progress: 40% (40000/100000) - 116.1s elapsed
[2026-07-14 10:39:55]   Progress: 50% (50000/100000) - 145.1s elapsed
[2026-07-14 10:40:23]   Progress: 60% (60000/100000) - 174.2s elapsed
[2026-07-14 10:40:51]   Progress: 70% (70000/100000) - 203.3s elapsed
[2026-07-14 10:41:19]   Progress: 80% (80000/100000) - 232.3s elapsed
[2026-07-14 10:41:47]   Progress: 90% (90000/100000) - 261.4s elapsed
[2026-07-14 10:42:15]   Progress: 100% (100000/100000) - 290.5s elapsed
[2026-07-14 10:42:15]   Simulation time:  290.548s
[2026-07-14 10:42:15]   Avg per trial:    72.637s
[2026-07-14 10:42:15]   VRAM used:        1.49 GB
[2026-07-14 10:42:15] Collecting results...
[2026-07-14 10:42:15]   Spike probing/output disabled; no parquet written
[2026-07-14 10:42:15]   Collection:       0.000s
[2026-07-14 10:42:15]   Save to file:     0.000s

------------------------------------------------------------
[2026-07-14 10:42:15] TIMING SUMMARY
------------------------------------------------------------
[2026-07-14 10:42:15]   Model setup:             0.851s
[2026-07-14 10:42:15]   Simulation:            290.548s
[2026-07-14 10:42:15]   Result processing:       0.000s
[2026-07-14 10:42:15]   -----------------------------------------
[2026-07-14 10:42:15]   TOTAL ELAPSED:         291.434s

[2026-07-14 10:42:15]   Simulated time:           40.0s (4 x 10.0s)
[2026-07-14 10:42:15]   Realtime ratio (sim only):  0.138x
[2026-07-14 10:42:15]   Realtime ratio (total):     0.137x

[2026-07-14 10:42:15]   Active neurons:              0
[2026-07-14 10:42:15]   Total spikes:                0
------------------------------------------------------------

================================================================================
[2026-07-14 10:42:15] [8/20] BENCHMARK: t_run=100.0s, n_run=4
================================================================================
[2026-07-14 10:42:15] Device: CUDA
[2026-07-14 10:42:15] Steps: 1000000 (dt=0.1ms)
[2026-07-14 10:42:15] Experiment: pytorch_t100.0s_n4
[2026-07-14 10:42:15] Spike probing/output: disabled
[2026-07-14 10:42:15] Run label: nature_2026_07_pytorch_nest_fixed_noio
[2026-07-14 10:42:15] Round: 1
[2026-07-14 10:42:15] ID mapping:         0.036s
[2026-07-14 10:42:15] Loading weights...
[2026-07-14 10:42:16]   Weight loading:   0.924s
[2026-07-14 10:42:16]   Neurons: 138639, Batch: 4
[2026-07-14 10:42:16] Creating model...
[2026-07-14 10:42:16]   Model creation:   0.001s
[2026-07-14 10:42:16]   Total setup:      0.924s
[2026-07-14 10:42:16]   VRAM after setup: 1.49 GB
[2026-07-14 10:42:16] Running simulation (1000000 steps, 4 trial(s) batched)...
[2026-07-14 10:46:56]   Progress: 10% (100000/1000000) - 290.3s elapsed
[2026-07-14 10:51:35]   Progress: 20% (200000/1000000) - 580.9s elapsed
[2026-07-14 10:56:15]   Progress: 30% (300000/1000000) - 871.6s elapsed
[2026-07-14 11:00:55]   Progress: 40% (400000/1000000) - 1162.3s elapsed
[2026-07-14 11:05:35]   Progress: 50% (500000/1000000) - 1453.1s elapsed
[2026-07-14 11:10:15]   Progress: 60% (600000/1000000) - 1744.0s elapsed
[2026-07-14 11:14:55]   Progress: 70% (700000/1000000) - 2035.2s elapsed
[2026-07-14 11:19:34]   Progress: 80% (800000/1000000) - 2326.2s elapsed
[2026-07-14 11:24:14]   Progress: 90% (900000/1000000) - 2617.3s elapsed
[2026-07-14 11:28:54]   Progress: 100% (1000000/1000000) - 2908.6s elapsed
[2026-07-14 11:28:54]   Simulation time:  2908.648s
[2026-07-14 11:28:54]   Avg per trial:    727.162s
[2026-07-14 11:28:54]   VRAM used:        1.49 GB
[2026-07-14 11:28:54] Collecting results...
[2026-07-14 11:28:54]   Spike probing/output disabled; no parquet written
[2026-07-14 11:28:54]   Collection:       0.000s
[2026-07-14 11:28:54]   Save to file:     0.000s

------------------------------------------------------------
[2026-07-14 11:28:54] TIMING SUMMARY
------------------------------------------------------------
[2026-07-14 11:28:54]   Model setup:             0.924s
[2026-07-14 11:28:54]   Simulation:           2908.648s
[2026-07-14 11:28:54]   Result processing:       0.000s
[2026-07-14 11:28:54]   -----------------------------------------
[2026-07-14 11:28:54]   TOTAL ELAPSED:        2909.608s

[2026-07-14 11:28:54]   Simulated time:          400.0s (4 x 100.0s)
[2026-07-14 11:28:54]   Realtime ratio (sim only):  0.138x
[2026-07-14 11:28:54]   Realtime ratio (total):     0.137x

[2026-07-14 11:28:54]   Active neurons:              0
[2026-07-14 11:28:54]   Total spikes:                0
------------------------------------------------------------

================================================================================
[2026-07-14 11:28:54] [9/20] BENCHMARK: t_run=0.1s, n_run=8
================================================================================
[2026-07-14 11:28:54] Device: CUDA
[2026-07-14 11:28:54] Steps: 1000 (dt=0.1ms)
[2026-07-14 11:28:54] Experiment: pytorch_t0.1s_n8
[2026-07-14 11:28:54] Spike probing/output: disabled
[2026-07-14 11:28:54] Run label: nature_2026_07_pytorch_nest_fixed_noio
[2026-07-14 11:28:54] Round: 1
[2026-07-14 11:28:54] ID mapping:         0.034s
[2026-07-14 11:28:54] Loading weights...
[2026-07-14 11:28:55]   Weight loading:   0.887s
[2026-07-14 11:28:55]   Neurons: 138639, Batch: 8
[2026-07-14 11:28:55] Creating model...
[2026-07-14 11:28:55]   Model creation:   0.002s
[2026-07-14 11:28:55]   Total setup:      0.888s
[2026-07-14 11:28:55]   VRAM after setup: 1.57 GB
[2026-07-14 11:28:55] Running simulation (1000 steps, 8 trial(s) batched)...
[2026-07-14 11:28:59]   Simulation time:  4.502s
[2026-07-14 11:28:59]   Avg per trial:    0.563s
[2026-07-14 11:28:59]   VRAM used:        1.65 GB
[2026-07-14 11:28:59] Collecting results...
[2026-07-14 11:28:59]   Spike probing/output disabled; no parquet written
[2026-07-14 11:28:59]   Collection:       0.000s
[2026-07-14 11:28:59]   Save to file:     0.000s

------------------------------------------------------------
[2026-07-14 11:28:59] TIMING SUMMARY
------------------------------------------------------------
[2026-07-14 11:28:59]   Model setup:             0.888s
[2026-07-14 11:28:59]   Simulation:              4.502s
[2026-07-14 11:28:59]   Result processing:       0.000s
[2026-07-14 11:28:59]   -----------------------------------------
[2026-07-14 11:28:59]   TOTAL ELAPSED:           5.424s

[2026-07-14 11:28:59]   Simulated time:            0.8s (8 x 0.1s)
[2026-07-14 11:28:59]   Realtime ratio (sim only):  0.178x
[2026-07-14 11:28:59]   Realtime ratio (total):     0.147x

[2026-07-14 11:28:59]   Active neurons:              0
[2026-07-14 11:28:59]   Total spikes:                0
------------------------------------------------------------

================================================================================
[2026-07-14 11:28:59] [10/20] BENCHMARK: t_run=1.0s, n_run=8
================================================================================
[2026-07-14 11:28:59] Device: CUDA
[2026-07-14 11:28:59] Steps: 10000 (dt=0.1ms)
[2026-07-14 11:28:59] Experiment: pytorch_t1.0s_n8
[2026-07-14 11:28:59] Spike probing/output: disabled
[2026-07-14 11:28:59] Run label: nature_2026_07_pytorch_nest_fixed_noio
[2026-07-14 11:28:59] Round: 1
[2026-07-14 11:28:59] ID mapping:         0.032s
[2026-07-14 11:28:59] Loading weights...
[2026-07-14 11:29:00]   Weight loading:   0.876s
[2026-07-14 11:29:00]   Neurons: 138639, Batch: 8
[2026-07-14 11:29:00] Creating model...
[2026-07-14 11:29:00]   Model creation:   0.001s
[2026-07-14 11:29:00]   Total setup:      0.877s
[2026-07-14 11:29:00]   VRAM after setup: 1.65 GB
[2026-07-14 11:29:00] Running simulation (10000 steps, 8 trial(s) batched)...
[2026-07-14 11:29:04]   Progress: 10% (1000/10000) - 4.4s elapsed
[2026-07-14 11:29:09]   Progress: 20% (2000/10000) - 8.9s elapsed
[2026-07-14 11:29:13]   Progress: 30% (3000/10000) - 13.4s elapsed
[2026-07-14 11:29:18]   Progress: 40% (4000/10000) - 17.9s elapsed
[2026-07-14 11:29:21]   Progress: 50% (5000/10000) - 22.4s elapsed
[2026-07-14 11:29:26]   Progress: 60% (6000/10000) - 26.9s elapsed
[2026-07-14 11:29:30]   Progress: 70% (7000/10000) - 31.4s elapsed
[2026-07-14 11:29:35]   Progress: 80% (8000/10000) - 35.9s elapsed
[2026-07-14 11:29:39]   Progress: 90% (9000/10000) - 40.4s elapsed
[2026-07-14 11:29:44]   Progress: 100% (10000/10000) - 44.9s elapsed
[2026-07-14 11:29:44]   Simulation time:  45.063s
[2026-07-14 11:29:44]   Avg per trial:    5.633s
[2026-07-14 11:29:44]   VRAM used:        1.65 GB
[2026-07-14 11:29:44] Collecting results...
[2026-07-14 11:29:44]   Spike probing/output disabled; no parquet written
[2026-07-14 11:29:44]   Collection:       0.000s
[2026-07-14 11:29:44]   Save to file:     0.000s

------------------------------------------------------------
[2026-07-14 11:29:44] TIMING SUMMARY
------------------------------------------------------------
[2026-07-14 11:29:44]   Model setup:             0.877s
[2026-07-14 11:29:44]   Simulation:             45.063s
[2026-07-14 11:29:44]   Result processing:       0.000s
[2026-07-14 11:29:44]   -----------------------------------------
[2026-07-14 11:29:44]   TOTAL ELAPSED:          45.972s

[2026-07-14 11:29:44]   Simulated time:            8.0s (8 x 1.0s)
[2026-07-14 11:29:44]   Realtime ratio (sim only):  0.178x
[2026-07-14 11:29:44]   Realtime ratio (total):     0.174x

[2026-07-14 11:29:44]   Active neurons:              0
[2026-07-14 11:29:44]   Total spikes:                0
------------------------------------------------------------

================================================================================
[2026-07-14 11:29:44] [11/20] BENCHMARK: t_run=10.0s, n_run=8
================================================================================
[2026-07-14 11:29:44] Device: CUDA
[2026-07-14 11:29:44] Steps: 100000 (dt=0.1ms)
[2026-07-14 11:29:44] Experiment: pytorch_t10.0s_n8
[2026-07-14 11:29:44] Spike probing/output: disabled
[2026-07-14 11:29:44] Run label: nature_2026_07_pytorch_nest_fixed_noio
[2026-07-14 11:29:44] Round: 1
[2026-07-14 11:29:44] ID mapping:         0.032s
[2026-07-14 11:29:44] Loading weights...
[2026-07-14 11:29:45]   Weight loading:   0.870s
[2026-07-14 11:29:45]   Neurons: 138639, Batch: 8
[2026-07-14 11:29:45] Creating model...
[2026-07-14 11:29:45]   Model creation:   0.001s
[2026-07-14 11:29:45]   Total setup:      0.871s
[2026-07-14 11:29:45]   VRAM after setup: 1.65 GB
[2026-07-14 11:29:45] Running simulation (100000 steps, 8 trial(s) batched)...
[2026-07-14 11:30:27]   Progress: 10% (10000/100000) - 44.9s elapsed
[2026-07-14 11:31:11]   Progress: 20% (20000/100000) - 90.0s elapsed
[2026-07-14 11:31:53]   Progress: 30% (30000/100000) - 135.1s elapsed
[2026-07-14 11:32:37]   Progress: 40% (40000/100000) - 180.2s elapsed
[2026-07-14 11:33:21]   Progress: 50% (50000/100000) - 225.3s elapsed
[2026-07-14 11:34:04]   Progress: 60% (60000/100000) - 270.3s elapsed
[2026-07-14 11:34:47]   Progress: 70% (70000/100000) - 315.4s elapsed
[2026-07-14 11:35:30]   Progress: 80% (80000/100000) - 360.5s elapsed
[2026-07-14 11:36:14]   Progress: 90% (90000/100000) - 405.5s elapsed
[2026-07-14 11:36:58]   Progress: 100% (100000/100000) - 450.6s elapsed
[2026-07-14 11:36:58]   Simulation time:  450.721s
[2026-07-14 11:36:58]   Avg per trial:    56.340s
[2026-07-14 11:36:58]   VRAM used:        1.65 GB
[2026-07-14 11:36:58] Collecting results...
[2026-07-14 11:36:58]   Spike probing/output disabled; no parquet written
[2026-07-14 11:36:58]   Collection:       0.000s
[2026-07-14 11:36:58]   Save to file:     0.000s

------------------------------------------------------------
[2026-07-14 11:36:58] TIMING SUMMARY
------------------------------------------------------------
[2026-07-14 11:36:58]   Model setup:             0.871s
[2026-07-14 11:36:58]   Simulation:            450.721s
[2026-07-14 11:36:58]   Result processing:       0.000s
[2026-07-14 11:36:58]   -----------------------------------------
[2026-07-14 11:36:58]   TOTAL ELAPSED:         451.624s

[2026-07-14 11:36:58]   Simulated time:           80.0s (8 x 10.0s)
[2026-07-14 11:36:58]   Realtime ratio (sim only):  0.177x
[2026-07-14 11:36:58]   Realtime ratio (total):     0.177x

[2026-07-14 11:36:58]   Active neurons:              0
[2026-07-14 11:36:58]   Total spikes:                0
------------------------------------------------------------

================================================================================
[2026-07-14 11:36:58] [12/20] BENCHMARK: t_run=100.0s, n_run=8
================================================================================
[2026-07-14 11:36:58] Device: CUDA
[2026-07-14 11:36:58] Steps: 1000000 (dt=0.1ms)
[2026-07-14 11:36:58] Experiment: pytorch_t100.0s_n8
[2026-07-14 11:36:58] Spike probing/output: disabled
[2026-07-14 11:36:58] Run label: nature_2026_07_pytorch_nest_fixed_noio
[2026-07-14 11:36:58] Round: 1
[2026-07-14 11:36:58] ID mapping:         0.033s
[2026-07-14 11:36:58] Loading weights...
[2026-07-14 11:36:59]   Weight loading:   0.882s
[2026-07-14 11:36:59]   Neurons: 138639, Batch: 8
[2026-07-14 11:36:59] Creating model...
[2026-07-14 11:36:59]   Model creation:   0.001s
[2026-07-14 11:36:59]   Total setup:      0.884s
[2026-07-14 11:36:59]   VRAM after setup: 1.65 GB
[2026-07-14 11:36:59] Running simulation (1000000 steps, 8 trial(s) batched)...
[2026-07-14 11:44:11]   Progress: 10% (100000/1000000) - 450.8s elapsed
[2026-07-14 11:51:24]   Progress: 20% (200000/1000000) - 902.0s elapsed
[2026-07-14 11:58:37]   Progress: 30% (300000/1000000) - 1353.4s elapsed
[2026-07-14 12:05:50]   Progress: 40% (400000/1000000) - 1804.9s elapsed
[2026-07-14 12:13:03]   Progress: 50% (500000/1000000) - 2256.7s elapsed
[2026-07-14 12:20:16]   Progress: 60% (600000/1000000) - 2708.6s elapsed
[2026-07-14 12:27:29]   Progress: 70% (700000/1000000) - 3160.8s elapsed
[2026-07-14 12:34:42]   Progress: 80% (800000/1000000) - 3613.1s elapsed
[2026-07-14 12:41:55]   Progress: 90% (900000/1000000) - 4065.7s elapsed
[2026-07-14 12:49:08]   Progress: 100% (1000000/1000000) - 4518.6s elapsed
[2026-07-14 12:49:08]   Simulation time:  4518.745s
[2026-07-14 12:49:08]   Avg per trial:    564.843s
[2026-07-14 12:49:08]   VRAM used:        1.65 GB
[2026-07-14 12:49:08] Collecting results...
[2026-07-14 12:49:08]   Spike probing/output disabled; no parquet written
[2026-07-14 12:49:08]   Collection:       0.000s
[2026-07-14 12:49:08]   Save to file:     0.000s

------------------------------------------------------------
[2026-07-14 12:49:08] TIMING SUMMARY
------------------------------------------------------------
[2026-07-14 12:49:08]   Model setup:             0.884s
[2026-07-14 12:49:08]   Simulation:           4518.745s
[2026-07-14 12:49:08]   Result processing:       0.000s
[2026-07-14 12:49:08]   -----------------------------------------
[2026-07-14 12:49:08]   TOTAL ELAPSED:        4519.662s

[2026-07-14 12:49:08]   Simulated time:          800.0s (8 x 100.0s)
[2026-07-14 12:49:08]   Realtime ratio (sim only):  0.177x
[2026-07-14 12:49:08]   Realtime ratio (total):     0.177x

[2026-07-14 12:49:08]   Active neurons:              0
[2026-07-14 12:49:08]   Total spikes:                0
------------------------------------------------------------

================================================================================
[2026-07-14 12:49:08] [13/20] BENCHMARK: t_run=0.1s, n_run=16
================================================================================
[2026-07-14 12:49:08] Device: CUDA
[2026-07-14 12:49:08] Steps: 1000 (dt=0.1ms)
[2026-07-14 12:49:08] Experiment: pytorch_t0.1s_n16
[2026-07-14 12:49:08] Spike probing/output: disabled
[2026-07-14 12:49:08] Run label: nature_2026_07_pytorch_nest_fixed_noio
[2026-07-14 12:49:08] Round: 1
[2026-07-14 12:49:08] ID mapping:         0.034s
[2026-07-14 12:49:08] Loading weights...
[2026-07-14 12:49:09]   Weight loading:   0.868s
[2026-07-14 12:49:09]   Neurons: 138639, Batch: 16
[2026-07-14 12:49:09] Creating model...
[2026-07-14 12:49:09]   Model creation:   0.002s
[2026-07-14 12:49:09]   Total setup:      0.870s
[2026-07-14 12:49:09]   VRAM after setup: 1.81 GB
[2026-07-14 12:49:09] Running simulation (1000 steps, 16 trial(s) batched)...
[2026-07-14 12:49:16]   Simulation time:  8.763s
[2026-07-14 12:49:16]   Avg per trial:    0.548s
[2026-07-14 12:49:16]   VRAM used:        1.97 GB
[2026-07-14 12:49:16] Collecting results...
[2026-07-14 12:49:16]   Spike probing/output disabled; no parquet written
[2026-07-14 12:49:16]   Collection:       0.000s
[2026-07-14 12:49:16]   Save to file:     0.000s

------------------------------------------------------------
[2026-07-14 12:49:16] TIMING SUMMARY
------------------------------------------------------------
[2026-07-14 12:49:16]   Model setup:             0.870s
[2026-07-14 12:49:16]   Simulation:              8.763s
[2026-07-14 12:49:16]   Result processing:       0.000s
[2026-07-14 12:49:16]   -----------------------------------------
[2026-07-14 12:49:16]   TOTAL ELAPSED:           9.666s

[2026-07-14 12:49:16]   Simulated time:            1.6s (16 x 0.1s)
[2026-07-14 12:49:16]   Realtime ratio (sim only):  0.183x
[2026-07-14 12:49:16]   Realtime ratio (total):     0.166x

[2026-07-14 12:49:16]   Active neurons:              0
[2026-07-14 12:49:16]   Total spikes:                0
------------------------------------------------------------

================================================================================
[2026-07-14 12:49:16] [14/20] BENCHMARK: t_run=1.0s, n_run=16
================================================================================
[2026-07-14 12:49:16] Device: CUDA
[2026-07-14 12:49:16] Steps: 10000 (dt=0.1ms)
[2026-07-14 12:49:16] Experiment: pytorch_t1.0s_n16
[2026-07-14 12:49:16] Spike probing/output: disabled
[2026-07-14 12:49:16] Run label: nature_2026_07_pytorch_nest_fixed_noio
[2026-07-14 12:49:16] Round: 1
[2026-07-14 12:49:16] ID mapping:         0.033s
[2026-07-14 12:49:16] Loading weights...
[2026-07-14 12:49:17]   Weight loading:   0.890s
[2026-07-14 12:49:17]   Neurons: 138639, Batch: 16
[2026-07-14 12:49:17] Creating model...
[2026-07-14 12:49:17]   Model creation:   0.001s
[2026-07-14 12:49:17]   Total setup:      0.891s
[2026-07-14 12:49:17]   VRAM after setup: 1.97 GB
[2026-07-14 12:49:17] Running simulation (10000 steps, 16 trial(s) batched)...
[2026-07-14 12:49:26]   Progress: 10% (1000/10000) - 8.5s elapsed
[2026-07-14 12:49:34]   Progress: 20% (2000/10000) - 17.3s elapsed
[2026-07-14 12:49:42]   Progress: 30% (3000/10000) - 26.0s elapsed
[2026-07-14 12:49:51]   Progress: 40% (4000/10000) - 34.8s elapsed
[2026-07-14 12:49:59]   Progress: 50% (5000/10000) - 43.6s elapsed
[2026-07-14 12:50:08]   Progress: 60% (6000/10000) - 52.4s elapsed
[2026-07-14 12:50:15]   Progress: 70% (7000/10000) - 61.1s elapsed
[2026-07-14 12:50:24]   Progress: 80% (8000/10000) - 69.9s elapsed
[2026-07-14 12:50:33]   Progress: 90% (9000/10000) - 78.7s elapsed
[2026-07-14 12:50:40]   Progress: 100% (10000/10000) - 87.4s elapsed
[2026-07-14 12:50:41]   Simulation time:  87.716s
[2026-07-14 12:50:41]   Avg per trial:    5.482s
[2026-07-14 12:50:41]   VRAM used:        1.97 GB
[2026-07-14 12:50:41] Collecting results...
[2026-07-14 12:50:41]   Spike probing/output disabled; no parquet written
[2026-07-14 12:50:41]   Collection:       0.000s
[2026-07-14 12:50:41]   Save to file:     0.000s

------------------------------------------------------------
[2026-07-14 12:50:41] TIMING SUMMARY
------------------------------------------------------------
[2026-07-14 12:50:41]   Model setup:             0.891s
[2026-07-14 12:50:41]   Simulation:             87.716s
[2026-07-14 12:50:41]   Result processing:       0.000s
[2026-07-14 12:50:41]   -----------------------------------------
[2026-07-14 12:50:41]   TOTAL ELAPSED:          88.639s

[2026-07-14 12:50:41]   Simulated time:           16.0s (16 x 1.0s)
[2026-07-14 12:50:41]   Realtime ratio (sim only):  0.182x
[2026-07-14 12:50:41]   Realtime ratio (total):     0.181x

[2026-07-14 12:50:41]   Active neurons:              0
[2026-07-14 12:50:41]   Total spikes:                0
------------------------------------------------------------

================================================================================
[2026-07-14 12:50:41] [15/20] BENCHMARK: t_run=10.0s, n_run=16
================================================================================
[2026-07-14 12:50:41] Device: CUDA
[2026-07-14 12:50:41] Steps: 100000 (dt=0.1ms)
[2026-07-14 12:50:41] Experiment: pytorch_t10.0s_n16
[2026-07-14 12:50:41] Spike probing/output: disabled
[2026-07-14 12:50:41] Run label: nature_2026_07_pytorch_nest_fixed_noio
[2026-07-14 12:50:41] Round: 1
[2026-07-14 12:50:41] ID mapping:         0.035s
[2026-07-14 12:50:41] Loading weights...
[2026-07-14 12:50:42]   Weight loading:   0.884s
[2026-07-14 12:50:42]   Neurons: 138639, Batch: 16
[2026-07-14 12:50:42] Creating model...
[2026-07-14 12:50:42]   Model creation:   0.001s
[2026-07-14 12:50:42]   Total setup:      0.885s
[2026-07-14 12:50:42]   VRAM after setup: 1.97 GB
[2026-07-14 12:50:42] Running simulation (100000 steps, 16 trial(s) batched)...
[2026-07-14 12:52:06]   Progress: 10% (10000/100000) - 87.0s elapsed
[2026-07-14 12:53:29]   Progress: 20% (20000/100000) - 174.2s elapsed
[2026-07-14 12:54:51]   Progress: 30% (30000/100000) - 261.4s elapsed
[2026-07-14 12:56:16]   Progress: 40% (40000/100000) - 348.6s elapsed
[2026-07-14 12:57:39]   Progress: 50% (50000/100000) - 435.9s elapsed
[2026-07-14 12:59:02]   Progress: 60% (60000/100000) - 523.2s elapsed
[2026-07-14 13:00:26]   Progress: 70% (70000/100000) - 610.4s elapsed
[2026-07-14 13:01:49]   Progress: 80% (80000/100000) - 697.7s elapsed
[2026-07-14 13:03:12]   Progress: 90% (90000/100000) - 785.0s elapsed
[2026-07-14 13:04:35]   Progress: 100% (100000/100000) - 872.6s elapsed
[2026-07-14 13:04:35]   Simulation time:  872.854s
[2026-07-14 13:04:35]   Avg per trial:    54.553s
[2026-07-14 13:04:35]   VRAM used:        1.97 GB
[2026-07-14 13:04:35] Collecting results...
[2026-07-14 13:04:35]   Spike probing/output disabled; no parquet written
[2026-07-14 13:04:35]   Collection:       0.000s
[2026-07-14 13:04:35]   Save to file:     0.000s

------------------------------------------------------------
[2026-07-14 13:04:35] TIMING SUMMARY
------------------------------------------------------------
[2026-07-14 13:04:35]   Model setup:             0.885s
[2026-07-14 13:04:35]   Simulation:            872.854s
[2026-07-14 13:04:35]   Result processing:       0.000s
[2026-07-14 13:04:35]   -----------------------------------------
[2026-07-14 13:04:35]   TOTAL ELAPSED:         873.773s

[2026-07-14 13:04:35]   Simulated time:          160.0s (16 x 10.0s)
[2026-07-14 13:04:35]   Realtime ratio (sim only):  0.183x
[2026-07-14 13:04:35]   Realtime ratio (total):     0.183x

[2026-07-14 13:04:35]   Active neurons:              0
[2026-07-14 13:04:35]   Total spikes:                0
------------------------------------------------------------

================================================================================
[2026-07-14 13:04:35] [16/20] BENCHMARK: t_run=100.0s, n_run=16
================================================================================
[2026-07-14 13:04:35] Device: CUDA
[2026-07-14 13:04:35] Steps: 1000000 (dt=0.1ms)
[2026-07-14 13:04:35] Experiment: pytorch_t100.0s_n16
[2026-07-14 13:04:35] Spike probing/output: disabled
[2026-07-14 13:04:35] Run label: nature_2026_07_pytorch_nest_fixed_noio
[2026-07-14 13:04:35] Round: 1
[2026-07-14 13:04:36] ID mapping:         0.035s
[2026-07-14 13:04:36] Loading weights...
[2026-07-14 13:04:36]   Weight loading:   0.879s
[2026-07-14 13:04:36]   Neurons: 138639, Batch: 16
[2026-07-14 13:04:36] Creating model...
[2026-07-14 13:04:36]   Model creation:   0.001s
[2026-07-14 13:04:36]   Total setup:      0.879s
[2026-07-14 13:04:36]   VRAM after setup: 1.97 GB
[2026-07-14 13:04:36] Running simulation (1000000 steps, 16 trial(s) batched)...
[2026-07-14 13:18:44]   Progress: 10% (100000/1000000) - 887.1s elapsed
[2026-07-14 13:32:44]   Progress: 20% (200000/1000000) - 1768.1s elapsed
[2026-07-14 13:46:44]   Progress: 30% (300000/1000000) - 2649.8s elapsed
[2026-07-14 14:00:37]   Progress: 40% (400000/1000000) - 3520.7s elapsed
[2026-07-14 14:14:23]   Progress: 50% (500000/1000000) - 4374.7s elapsed
[2026-07-14 14:28:13]   Progress: 60% (600000/1000000) - 5241.0s elapsed
[2026-07-14 14:42:10]   Progress: 70% (700000/1000000) - 6118.4s elapsed
[2026-07-14 14:55:50]   Progress: 80% (800000/1000000) - 6980.8s elapsed
[2026-07-14 15:09:28]   Progress: 90% (900000/1000000) - 7842.4s elapsed
[2026-07-14 15:23:18]   Progress: 100% (1000000/1000000) - 8717.5s elapsed
[2026-07-14 15:23:18]   Simulation time:  8717.725s
[2026-07-14 15:23:18]   Avg per trial:    544.858s
[2026-07-14 15:23:18]   VRAM used:        1.97 GB
[2026-07-14 15:23:18] Collecting results...
[2026-07-14 15:23:18]   Spike probing/output disabled; no parquet written
[2026-07-14 15:23:18]   Collection:       0.000s
[2026-07-14 15:23:18]   Save to file:     0.000s

------------------------------------------------------------
[2026-07-14 15:23:18] TIMING SUMMARY
------------------------------------------------------------
[2026-07-14 15:23:18]   Model setup:             0.879s
[2026-07-14 15:23:18]   Simulation:           8717.725s
[2026-07-14 15:23:18]   Result processing:       0.000s
[2026-07-14 15:23:18]   -----------------------------------------
[2026-07-14 15:23:18]   TOTAL ELAPSED:        8718.640s

[2026-07-14 15:23:18]   Simulated time:         1600.0s (16 x 100.0s)
[2026-07-14 15:23:18]   Realtime ratio (sim only):  0.184x
[2026-07-14 15:23:18]   Realtime ratio (total):     0.184x

[2026-07-14 15:23:18]   Active neurons:              0
[2026-07-14 15:23:18]   Total spikes:                0
------------------------------------------------------------

================================================================================
[2026-07-14 15:23:18] [17/20] BENCHMARK: t_run=0.1s, n_run=32
================================================================================
[2026-07-14 15:23:18] Device: CUDA
[2026-07-14 15:23:18] Steps: 1000 (dt=0.1ms)
[2026-07-14 15:23:18] Experiment: pytorch_t0.1s_n32
[2026-07-14 15:23:18] Spike probing/output: disabled
[2026-07-14 15:23:18] Run label: nature_2026_07_pytorch_nest_fixed_noio
[2026-07-14 15:23:18] Round: 1
[2026-07-14 15:23:18] ID mapping:         0.034s
[2026-07-14 15:23:18] Loading weights...
[2026-07-14 15:23:19]   Weight loading:   0.958s
[2026-07-14 15:23:19]   Neurons: 138639, Batch: 32
[2026-07-14 15:23:19] Creating model...
[2026-07-14 15:23:19]   Model creation:   0.003s
[2026-07-14 15:23:19]   Total setup:      0.960s
[2026-07-14 15:23:19]   VRAM after setup: 2.28 GB
[2026-07-14 15:23:19] Running simulation (1000 steps, 32 trial(s) batched)...
[2026-07-14 15:23:37]   Simulation time:  17.799s
[2026-07-14 15:23:37]   Avg per trial:    0.556s
[2026-07-14 15:23:37]   VRAM used:        2.60 GB
[2026-07-14 15:23:37] Collecting results...
[2026-07-14 15:23:37]   Spike probing/output disabled; no parquet written
[2026-07-14 15:23:37]   Collection:       0.000s
[2026-07-14 15:23:37]   Save to file:     0.000s

------------------------------------------------------------
[2026-07-14 15:23:37] TIMING SUMMARY
------------------------------------------------------------
[2026-07-14 15:23:37]   Model setup:             0.960s
[2026-07-14 15:23:37]   Simulation:             17.799s
[2026-07-14 15:23:37]   Result processing:       0.000s
[2026-07-14 15:23:37]   -----------------------------------------
[2026-07-14 15:23:37]   TOTAL ELAPSED:          18.794s

[2026-07-14 15:23:37]   Simulated time:            3.2s (32 x 0.1s)
[2026-07-14 15:23:37]   Realtime ratio (sim only):  0.180x
[2026-07-14 15:23:37]   Realtime ratio (total):     0.170x

[2026-07-14 15:23:37]   Active neurons:              0
[2026-07-14 15:23:37]   Total spikes:                0
------------------------------------------------------------

================================================================================
[2026-07-14 15:23:37] [18/20] BENCHMARK: t_run=1.0s, n_run=32
================================================================================
[2026-07-14 15:23:37] Device: CUDA
[2026-07-14 15:23:37] Steps: 10000 (dt=0.1ms)
[2026-07-14 15:23:37] Experiment: pytorch_t1.0s_n32
[2026-07-14 15:23:37] Spike probing/output: disabled
[2026-07-14 15:23:37] Run label: nature_2026_07_pytorch_nest_fixed_noio
[2026-07-14 15:23:37] Round: 1
[2026-07-14 15:23:37] ID mapping:         0.034s
[2026-07-14 15:23:37] Loading weights...
[2026-07-14 15:23:38]   Weight loading:   0.888s
[2026-07-14 15:23:38]   Neurons: 138639, Batch: 32
[2026-07-14 15:23:38] Creating model...
[2026-07-14 15:23:38]   Model creation:   0.001s
[2026-07-14 15:23:38]   Total setup:      0.889s
[2026-07-14 15:23:38]   VRAM after setup: 2.60 GB
[2026-07-14 15:23:38] Running simulation (10000 steps, 32 trial(s) batched)...
[2026-07-14 15:23:54]   Progress: 10% (1000/10000) - 17.5s elapsed
[2026-07-14 15:24:10]   Progress: 20% (2000/10000) - 35.3s elapsed
[2026-07-14 15:24:28]   Progress: 30% (3000/10000) - 53.1s elapsed
[2026-07-14 15:24:44]   Progress: 40% (4000/10000) - 70.9s elapsed
[2026-07-14 15:25:02]   Progress: 50% (5000/10000) - 88.8s elapsed
[2026-07-14 15:25:18]   Progress: 60% (6000/10000) - 106.6s elapsed
[2026-07-14 15:25:36]   Progress: 70% (7000/10000) - 124.4s elapsed
[2026-07-14 15:25:52]   Progress: 80% (8000/10000) - 142.2s elapsed
[2026-07-14 15:26:10]   Progress: 90% (9000/10000) - 160.0s elapsed
[2026-07-14 15:26:26]   Progress: 100% (10000/10000) - 177.9s elapsed
[2026-07-14 15:26:26]   Simulation time:  178.468s
[2026-07-14 15:26:26]   Avg per trial:    5.577s
[2026-07-14 15:26:26]   VRAM used:        2.60 GB
[2026-07-14 15:26:26] Collecting results...
[2026-07-14 15:26:26]   Spike probing/output disabled; no parquet written
[2026-07-14 15:26:26]   Collection:       0.000s
[2026-07-14 15:26:26]   Save to file:     0.000s

------------------------------------------------------------
[2026-07-14 15:26:26] TIMING SUMMARY
------------------------------------------------------------
[2026-07-14 15:26:26]   Model setup:             0.889s
[2026-07-14 15:26:26]   Simulation:            178.468s
[2026-07-14 15:26:26]   Result processing:       0.000s
[2026-07-14 15:26:26]   -----------------------------------------
[2026-07-14 15:26:26]   TOTAL ELAPSED:         179.391s

[2026-07-14 15:26:26]   Simulated time:           32.0s (32 x 1.0s)
[2026-07-14 15:26:26]   Realtime ratio (sim only):  0.179x
[2026-07-14 15:26:26]   Realtime ratio (total):     0.178x

[2026-07-14 15:26:26]   Active neurons:              0
[2026-07-14 15:26:26]   Total spikes:                0
------------------------------------------------------------

================================================================================
[2026-07-14 15:26:26] [19/20] BENCHMARK: t_run=10.0s, n_run=32
================================================================================
[2026-07-14 15:26:26] Device: CUDA
[2026-07-14 15:26:26] Steps: 100000 (dt=0.1ms)
[2026-07-14 15:26:26] Experiment: pytorch_t10.0s_n32
[2026-07-14 15:26:26] Spike probing/output: disabled
[2026-07-14 15:26:26] Run label: nature_2026_07_pytorch_nest_fixed_noio
[2026-07-14 15:26:26] Round: 1
[2026-07-14 15:26:26] ID mapping:         0.037s
[2026-07-14 15:26:26] Loading weights...
[2026-07-14 15:26:27]   Weight loading:   0.919s
[2026-07-14 15:26:27]   Neurons: 138639, Batch: 32
[2026-07-14 15:26:27] Creating model...
[2026-07-14 15:26:27]   Model creation:   0.001s
[2026-07-14 15:26:27]   Total setup:      0.920s
[2026-07-14 15:26:27]   VRAM after setup: 2.60 GB
[2026-07-14 15:26:27] Running simulation (100000 steps, 32 trial(s) batched)...
[2026-07-14 15:29:18]   Progress: 10% (10000/100000) - 180.7s elapsed
[2026-07-14 15:32:11]   Progress: 20% (20000/100000) - 362.3s elapsed
[2026-07-14 15:35:00]   Progress: 30% (30000/100000) - 542.0s elapsed
[2026-07-14 15:37:51]   Progress: 40% (40000/100000) - 721.5s elapsed
[2026-07-14 15:40:40]   Progress: 50% (50000/100000) - 900.6s elapsed
[2026-07-14 15:43:34]   Progress: 60% (60000/100000) - 1084.8s elapsed
[2026-07-14 15:46:30]   Progress: 70% (70000/100000) - 1270.1s elapsed
[2026-07-14 15:49:24]   Progress: 80% (80000/100000) - 1454.3s elapsed
[2026-07-14 15:52:17]   Progress: 90% (90000/100000) - 1638.1s elapsed
[2026-07-14 15:55:11]   Progress: 100% (100000/100000) - 1821.1s elapsed
[2026-07-14 15:55:12]   Simulation time:  1821.647s
[2026-07-14 15:55:12]   Avg per trial:    56.926s
[2026-07-14 15:55:12]   VRAM used:        2.60 GB
[2026-07-14 15:55:12] Collecting results...
[2026-07-14 15:55:12]   Spike probing/output disabled; no parquet written
[2026-07-14 15:55:12]   Collection:       0.000s
[2026-07-14 15:55:12]   Save to file:     0.000s

------------------------------------------------------------
[2026-07-14 15:55:12] TIMING SUMMARY
------------------------------------------------------------
[2026-07-14 15:55:12]   Model setup:             0.920s
[2026-07-14 15:55:12]   Simulation:           1821.647s
[2026-07-14 15:55:12]   Result processing:       0.000s
[2026-07-14 15:55:12]   -----------------------------------------
[2026-07-14 15:55:12]   TOTAL ELAPSED:        1822.604s

[2026-07-14 15:55:12]   Simulated time:          320.0s (32 x 10.0s)
[2026-07-14 15:55:12]   Realtime ratio (sim only):  0.176x
[2026-07-14 15:55:12]   Realtime ratio (total):     0.176x

[2026-07-14 15:55:12]   Active neurons:              0
[2026-07-14 15:55:12]   Total spikes:                0
------------------------------------------------------------

================================================================================
[2026-07-14 15:55:12] [20/20] BENCHMARK: t_run=100.0s, n_run=32
================================================================================
[2026-07-14 15:55:12] Device: CUDA
[2026-07-14 15:55:12] Steps: 1000000 (dt=0.1ms)
[2026-07-14 15:55:12] Experiment: pytorch_t100.0s_n32
[2026-07-14 15:55:12] Spike probing/output: disabled
[2026-07-14 15:55:12] Run label: nature_2026_07_pytorch_nest_fixed_noio
[2026-07-14 15:55:12] Round: 1
[2026-07-14 15:55:12] ID mapping:         0.037s
[2026-07-14 15:55:12] Loading weights...
[2026-07-14 15:55:13]   Weight loading:   1.006s
[2026-07-14 15:55:13]   Neurons: 138639, Batch: 32
[2026-07-14 15:55:13] Creating model...
[2026-07-14 15:55:13]   Model creation:   0.001s
[2026-07-14 15:55:13]   Total setup:      1.006s
[2026-07-14 15:55:13]   VRAM after setup: 2.60 GB
[2026-07-14 15:55:13] Running simulation (1000000 steps, 32 trial(s) batched)...
[2026-07-14 16:24:00]   Progress: 10% (100000/1000000) - 1828.5s elapsed
[2026-07-14 16:52:17]   Progress: 20% (200000/1000000) - 3629.1s elapsed
[2026-07-14 17:21:00]   Progress: 30% (300000/1000000) - 5456.9s elapsed
[2026-07-14 17:49:38]   Progress: 40% (400000/1000000) - 7282.7s elapsed
[2026-07-14 18:18:29]   Progress: 50% (500000/1000000) - 9124.5s elapsed
[2026-07-14 18:47:17]   Progress: 60% (600000/1000000) - 10970.3s elapsed
[2026-07-14 19:16:10]   Progress: 70% (700000/1000000) - 12820.1s elapsed
[2026-07-14 19:45:04]   Progress: 80% (800000/1000000) - 14674.2s elapsed
[2026-07-14 20:13:56]   Progress: 90% (900000/1000000) - 16529.5s elapsed
[2026-07-14 20:42:50]   Progress: 100% (1000000/1000000) - 18391.2s elapsed
[2026-07-14 20:42:51]   Simulation time:  18391.769s
[2026-07-14 20:42:51]   Avg per trial:    574.743s
[2026-07-14 20:42:51]   VRAM used:        2.60 GB
[2026-07-14 20:42:51] Collecting results...
[2026-07-14 20:42:51]   Spike probing/output disabled; no parquet written
[2026-07-14 20:42:51]   Collection:       0.000s
[2026-07-14 20:42:51]   Save to file:     0.000s

------------------------------------------------------------
[2026-07-14 20:42:51] TIMING SUMMARY
------------------------------------------------------------
[2026-07-14 20:42:51]   Model setup:             1.006s
[2026-07-14 20:42:51]   Simulation:          18391.769s
[2026-07-14 20:42:51]   Result processing:       0.000s
[2026-07-14 20:42:51]   -----------------------------------------
[2026-07-14 20:42:51]   TOTAL ELAPSED:       18392.812s

[2026-07-14 20:42:51]   Simulated time:         3200.0s (32 x 100.0s)
[2026-07-14 20:42:51]   Realtime ratio (sim only):  0.174x
[2026-07-14 20:42:51]   Realtime ratio (total):     0.174x

[2026-07-14 20:42:51]   Active neurons:              0
[2026-07-14 20:42:51]   Total spikes:                0
------------------------------------------------------------


================================================================================
[2026-07-14 20:42:51] SUMMARY: PyTorch (CUDA)
================================================================================

   t_run |  n_run |      Setup |      Build |   Simulation |      Total |   RT Ratio |     Spikes | Status
--------------------------------------------------------------------------------------------------------------
    0.1s |      1 |      1.17s |      0.00s |        0.71s |      1.93s |     0.140x |          0 | ✓ success
    1.0s |      1 |      1.01s |      0.00s |        6.55s |      7.60s |     0.153x |          0 | ✓ success
   10.0s |      1 |      0.85s |      0.00s |       65.09s |     65.98s |     0.154x |          0 | ✓ success
  100.0s |      1 |      0.99s |      0.00s |      651.35s |    652.39s |     0.154x |          0 | ✓ success
    0.1s |      4 |      0.89s |      0.00s |        2.92s |      3.84s |     0.137x |          0 | ✓ success
    1.0s |      4 |      0.87s |      0.00s |       28.98s |     29.89s |     0.138x |          0 | ✓ success
   10.0s |      4 |      0.85s |      0.00s |      290.55s |    291.43s |     0.138x |          0 | ✓ success
  100.0s |      4 |      0.92s |      0.00s |     2908.65s |   2909.61s |     0.138x |          0 | ✓ success
    0.1s |      8 |      0.89s |      0.00s |        4.50s |      5.42s |     0.178x |          0 | ✓ success
    1.0s |      8 |      0.88s |      0.00s |       45.06s |     45.97s |     0.178x |          0 | ✓ success
   10.0s |      8 |      0.87s |      0.00s |      450.72s |    451.62s |     0.177x |          0 | ✓ success
  100.0s |      8 |      0.88s |      0.00s |     4518.75s |   4519.66s |     0.177x |          0 | ✓ success
    0.1s |     16 |      0.87s |      0.00s |        8.76s |      9.67s |     0.183x |          0 | ✓ success
    1.0s |     16 |      0.89s |      0.00s |       87.72s |     88.64s |     0.182x |          0 | ✓ success
   10.0s |     16 |      0.88s |      0.00s |      872.85s |    873.77s |     0.183x |          0 | ✓ success
  100.0s |     16 |      0.88s |      0.00s |     8717.72s |   8718.64s |     0.184x |          0 | ✓ success
    0.1s |     32 |      0.96s |      0.00s |       17.80s |     18.79s |     0.180x |          0 | ✓ success
    1.0s |     32 |      0.89s |      0.00s |      178.47s |    179.39s |     0.179x |          0 | ✓ success
   10.0s |     32 |      0.92s |      0.00s |     1821.65s |   1822.60s |     0.176x |          0 | ✓ success
  100.0s |     32 |      1.01s |      0.00s |    18391.77s |  18392.81s |     0.174x |          0 | ✓ success
--------------------------------------------------------------------------------------------------------------

[2026-07-14 20:42:51] Benchmark suite complete!
[2026-07-14 20:42:51] <<< Finished backend 1/2: PyTorch

[2026-07-14 20:42:51] >>> Starting backend 2/2: NEST GPU

================================================================================
[2026-07-14 20:42:51] BENCHMARK SUITE: NEST GPU
================================================================================
[2026-07-14 20:42:51] Device: GPU (NEST GPU, custom user_m1 neuron)
[2026-07-14 20:42:51] t_run values: [0.1, 1.0, 10.0, 100.0] seconds
[2026-07-14 20:42:51] n_run values: [1, 4, 8, 16, 32]
[2026-07-14 20:42:51] Run label: nature_2026_07_pytorch_nest_fixed_noio
[2026-07-14 20:42:51] Round: 1
[2026-07-14 20:42:51] Total benchmarks: 20
================================================================================

================================================================================
[2026-07-14 20:42:51] [1/20] BENCHMARK: t_run=0.1s, n_run=1
================================================================================
[2026-07-14 20:42:51] Device: GPU (NEST GPU, user_m1 neuron)
[2026-07-14 20:42:51] Experiment: nestgpu_t0.1s_n1
[2026-07-14 20:42:51] Spike probing/output: disabled
[2026-07-14 20:42:51] Run label: nature_2026_07_pytorch_nest_fixed_noio
[2026-07-14 20:42:51] Round: 1
[2026-07-14 20:42:51] Each trial runs in a separate subprocess (NEST GPU limitation)
[2026-07-14 20:42:51]   Spawning trial 1/1...
[2026-07-14 20:42:56]     Trial 1/1: net=4.40s, sim=0.17s, retrieval=0.00s, spikes=0

------------------------------------------------------------
[2026-07-14 20:42:56] TIMING SUMMARY
------------------------------------------------------------
[2026-07-14 20:42:56]   Network creation (avg):      4.395s
[2026-07-14 20:42:56]   Simulation (total):          0.169s
[2026-07-14 20:42:56]   Simulation (avg/trial):      0.169s
[2026-07-14 20:42:56]   Spike retrieval (avg):       0.000s
[2026-07-14 20:42:56]   Total wall time:             5.726s
[2026-07-14 20:42:56]   -----------------------------------------
[2026-07-14 20:42:56]   Simulated time:                0.1s (1 x 0.1s)
[2026-07-14 20:42:56]   Realtime ratio (sim):        0.593x
[2026-07-14 20:42:56]   Realtime ratio (total):      0.017x

[2026-07-14 20:42:56]   Active neurons:                  0
[2026-07-14 20:42:56]   Total spikes:                    0
------------------------------------------------------------

================================================================================
[2026-07-14 20:42:56] [2/20] BENCHMARK: t_run=1.0s, n_run=1
================================================================================
[2026-07-14 20:42:56] Device: GPU (NEST GPU, user_m1 neuron)
[2026-07-14 20:42:56] Experiment: nestgpu_t1.0s_n1
[2026-07-14 20:42:56] Spike probing/output: disabled
[2026-07-14 20:42:56] Run label: nature_2026_07_pytorch_nest_fixed_noio
[2026-07-14 20:42:56] Round: 1
[2026-07-14 20:42:56] Each trial runs in a separate subprocess (NEST GPU limitation)
[2026-07-14 20:42:56]   Spawning trial 1/1...
[2026-07-14 20:43:02]     Trial 1/1: net=3.51s, sim=1.28s, retrieval=0.00s, spikes=0

------------------------------------------------------------
[2026-07-14 20:43:02] TIMING SUMMARY
------------------------------------------------------------
[2026-07-14 20:43:02]   Network creation (avg):      3.507s
[2026-07-14 20:43:02]   Simulation (total):          1.278s
[2026-07-14 20:43:02]   Simulation (avg/trial):      1.278s
[2026-07-14 20:43:02]   Spike retrieval (avg):       0.000s
[2026-07-14 20:43:02]   Total wall time:             5.643s
[2026-07-14 20:43:02]   -----------------------------------------
[2026-07-14 20:43:02]   Simulated time:                1.0s (1 x 1.0s)
[2026-07-14 20:43:02]   Realtime ratio (sim):        0.782x
[2026-07-14 20:43:02]   Realtime ratio (total):      0.177x

[2026-07-14 20:43:02]   Active neurons:                  0
[2026-07-14 20:43:02]   Total spikes:                    0
------------------------------------------------------------

================================================================================
[2026-07-14 20:43:02] [3/20] BENCHMARK: t_run=10.0s, n_run=1
================================================================================
[2026-07-14 20:43:02] Device: GPU (NEST GPU, user_m1 neuron)
[2026-07-14 20:43:02] Experiment: nestgpu_t10.0s_n1
[2026-07-14 20:43:02] Spike probing/output: disabled
[2026-07-14 20:43:02] Run label: nature_2026_07_pytorch_nest_fixed_noio
[2026-07-14 20:43:02] Round: 1
[2026-07-14 20:43:02] Each trial runs in a separate subprocess (NEST GPU limitation)
[2026-07-14 20:43:02]   Spawning trial 1/1...
[2026-07-14 20:43:20]     Trial 1/1: net=4.26s, sim=12.78s, retrieval=0.00s, spikes=0

------------------------------------------------------------
[2026-07-14 20:43:20] TIMING SUMMARY
------------------------------------------------------------
[2026-07-14 20:43:20]   Network creation (avg):      4.264s
[2026-07-14 20:43:20]   Simulation (total):         12.775s
[2026-07-14 20:43:20]   Simulation (avg/trial):     12.775s
[2026-07-14 20:43:20]   Spike retrieval (avg):       0.000s
[2026-07-14 20:43:20]   Total wall time:            17.997s
[2026-07-14 20:43:20]   -----------------------------------------
[2026-07-14 20:43:20]   Simulated time:               10.0s (1 x 10.0s)
[2026-07-14 20:43:20]   Realtime ratio (sim):        0.783x
[2026-07-14 20:43:20]   Realtime ratio (total):      0.556x

[2026-07-14 20:43:20]   Active neurons:                  0
[2026-07-14 20:43:20]   Total spikes:                    0
------------------------------------------------------------

================================================================================
[2026-07-14 20:43:20] [4/20] BENCHMARK: t_run=100.0s, n_run=1
================================================================================
[2026-07-14 20:43:20] Device: GPU (NEST GPU, user_m1 neuron)
[2026-07-14 20:43:20] Experiment: nestgpu_t100.0s_n1
[2026-07-14 20:43:20] Spike probing/output: disabled
[2026-07-14 20:43:20] Run label: nature_2026_07_pytorch_nest_fixed_noio
[2026-07-14 20:43:20] Round: 1
[2026-07-14 20:43:20] Each trial runs in a separate subprocess (NEST GPU limitation)
[2026-07-14 20:43:20]   Spawning trial 1/1...
[2026-07-14 20:45:20]     Trial 1/1: net=3.51s, sim=126.60s, retrieval=0.00s, spikes=0

------------------------------------------------------------
[2026-07-14 20:45:20] TIMING SUMMARY
------------------------------------------------------------
[2026-07-14 20:45:20]   Network creation (avg):      3.506s
[2026-07-14 20:45:20]   Simulation (total):        126.602s
[2026-07-14 20:45:20]   Simulation (avg/trial):    126.602s
[2026-07-14 20:45:20]   Spike retrieval (avg):       0.000s
[2026-07-14 20:45:20]   Total wall time:           130.991s
[2026-07-14 20:45:20]   -----------------------------------------
[2026-07-14 20:45:20]   Simulated time:              100.0s (1 x 100.0s)
[2026-07-14 20:45:20]   Realtime ratio (sim):        0.790x
[2026-07-14 20:45:20]   Realtime ratio (total):      0.763x

[2026-07-14 20:45:20]   Active neurons:                  0
[2026-07-14 20:45:20]   Total spikes:                    0
------------------------------------------------------------

================================================================================
[2026-07-14 20:45:20] [5/20] BENCHMARK: t_run=0.1s, n_run=4
================================================================================
[2026-07-14 20:45:20] Device: GPU (NEST GPU, user_m1 neuron)
[2026-07-14 20:45:20] Experiment: nestgpu_t0.1s_n4
[2026-07-14 20:45:20] Spike probing/output: disabled
[2026-07-14 20:45:20] Run label: nature_2026_07_pytorch_nest_fixed_noio
[2026-07-14 20:45:20] Round: 1
[2026-07-14 20:45:20] Each trial runs in a separate subprocess (NEST GPU limitation)
[2026-07-14 20:45:20]   Spawning trial 1/4...
[2026-07-14 20:45:24]     Trial 1/4: net=3.44s, sim=0.16s, retrieval=0.00s, spikes=0
[2026-07-14 20:45:24]   Spawning trial 2/4...
[2026-07-14 20:45:30]     Trial 2/4: net=4.40s, sim=0.18s, retrieval=0.00s, spikes=0
[2026-07-14 20:45:30]   Spawning trial 3/4...
[2026-07-14 20:45:36]     Trial 3/4: net=4.54s, sim=0.16s, retrieval=0.00s, spikes=0
[2026-07-14 20:45:36]   Spawning trial 4/4...
[2026-07-14 20:45:42]     Trial 4/4: net=4.90s, sim=0.17s, retrieval=0.00s, spikes=0

------------------------------------------------------------
[2026-07-14 20:45:42] TIMING SUMMARY
------------------------------------------------------------
[2026-07-14 20:45:42]   Network creation (avg):      4.323s
[2026-07-14 20:45:42]   Simulation (total):          0.669s
[2026-07-14 20:45:42]   Simulation (avg/trial):      0.167s
[2026-07-14 20:45:42]   Spike retrieval (avg):       0.000s
[2026-07-14 20:45:42]   Total wall time:            21.738s
[2026-07-14 20:45:42]   -----------------------------------------
[2026-07-14 20:45:42]   Simulated time:                0.4s (4 x 0.1s)
[2026-07-14 20:45:42]   Realtime ratio (sim):        0.598x
[2026-07-14 20:45:42]   Realtime ratio (total):      0.018x

[2026-07-14 20:45:42]   Active neurons:                  0
[2026-07-14 20:45:42]   Total spikes:                    0
------------------------------------------------------------

================================================================================
[2026-07-14 20:45:42] [6/20] BENCHMARK: t_run=1.0s, n_run=4
================================================================================
[2026-07-14 20:45:42] Device: GPU (NEST GPU, user_m1 neuron)
[2026-07-14 20:45:42] Experiment: nestgpu_t1.0s_n4
[2026-07-14 20:45:42] Spike probing/output: disabled
[2026-07-14 20:45:42] Run label: nature_2026_07_pytorch_nest_fixed_noio
[2026-07-14 20:45:42] Round: 1
[2026-07-14 20:45:42] Each trial runs in a separate subprocess (NEST GPU limitation)
[2026-07-14 20:45:42]   Spawning trial 1/4...
[2026-07-14 20:45:48]     Trial 1/4: net=4.38s, sim=1.33s, retrieval=0.00s, spikes=0
[2026-07-14 20:45:48]   Spawning trial 2/4...
[2026-07-14 20:45:53]     Trial 2/4: net=4.33s, sim=1.28s, retrieval=0.00s, spikes=0
[2026-07-14 20:45:53]   Spawning trial 3/4...
[2026-07-14 20:45:59]     Trial 3/4: net=3.58s, sim=1.27s, retrieval=0.00s, spikes=0
[2026-07-14 20:45:59]   Spawning trial 4/4...
[2026-07-14 20:46:05]     Trial 4/4: net=4.31s, sim=1.37s, retrieval=0.00s, spikes=0

------------------------------------------------------------
[2026-07-14 20:46:05] TIMING SUMMARY
------------------------------------------------------------
[2026-07-14 20:46:05]   Network creation (avg):      4.151s
[2026-07-14 20:46:05]   Simulation (total):          5.240s
[2026-07-14 20:46:05]   Simulation (avg/trial):      1.310s
[2026-07-14 20:46:05]   Spike retrieval (avg):       0.000s
[2026-07-14 20:46:05]   Total wall time:            25.887s
[2026-07-14 20:46:05]   -----------------------------------------
[2026-07-14 20:46:05]   Simulated time:                4.0s (4 x 1.0s)
[2026-07-14 20:46:05]   Realtime ratio (sim):        0.763x
[2026-07-14 20:46:05]   Realtime ratio (total):      0.155x

[2026-07-14 20:46:05]   Active neurons:                  0
[2026-07-14 20:46:05]   Total spikes:                    0
------------------------------------------------------------

================================================================================
[2026-07-14 20:46:05] [7/20] BENCHMARK: t_run=10.0s, n_run=4
================================================================================
[2026-07-14 20:46:05] Device: GPU (NEST GPU, user_m1 neuron)
[2026-07-14 20:46:05] Experiment: nestgpu_t10.0s_n4
[2026-07-14 20:46:05] Spike probing/output: disabled
[2026-07-14 20:46:05] Run label: nature_2026_07_pytorch_nest_fixed_noio
[2026-07-14 20:46:05] Round: 1
[2026-07-14 20:46:05] Each trial runs in a separate subprocess (NEST GPU limitation)
[2026-07-14 20:46:05]   Spawning trial 1/4...
[2026-07-14 20:46:21]     Trial 1/4: net=3.52s, sim=13.07s, retrieval=0.00s, spikes=0
[2026-07-14 20:46:21]   Spawning trial 2/4...
[2026-07-14 20:46:38]     Trial 2/4: net=3.44s, sim=13.13s, retrieval=0.00s, spikes=0
[2026-07-14 20:46:38]   Spawning trial 3/4...
[2026-07-14 20:46:53]     Trial 3/4: net=3.49s, sim=12.58s, retrieval=0.00s, spikes=0
[2026-07-14 20:46:53]   Spawning trial 4/4...
[2026-07-14 20:47:10]     Trial 4/4: net=3.43s, sim=12.71s, retrieval=0.00s, spikes=0

------------------------------------------------------------
[2026-07-14 20:47:10] TIMING SUMMARY
------------------------------------------------------------
[2026-07-14 20:47:10]   Network creation (avg):      3.469s
[2026-07-14 20:47:10]   Simulation (total):         51.489s
[2026-07-14 20:47:10]   Simulation (avg/trial):     12.872s
[2026-07-14 20:47:10]   Spike retrieval (avg):       0.000s
[2026-07-14 20:47:10]   Total wall time:            68.826s
[2026-07-14 20:47:10]   -----------------------------------------
[2026-07-14 20:47:10]   Simulated time:               40.0s (4 x 10.0s)
[2026-07-14 20:47:10]   Realtime ratio (sim):        0.777x
[2026-07-14 20:47:10]   Realtime ratio (total):      0.581x

[2026-07-14 20:47:10]   Active neurons:                  0
[2026-07-14 20:47:10]   Total spikes:                    0
------------------------------------------------------------

================================================================================
[2026-07-14 20:47:10] [8/20] BENCHMARK: t_run=100.0s, n_run=4
================================================================================
[2026-07-14 20:47:10] Device: GPU (NEST GPU, user_m1 neuron)
[2026-07-14 20:47:10] Experiment: nestgpu_t100.0s_n4
[2026-07-14 20:47:10] Spike probing/output: disabled
[2026-07-14 20:47:10] Run label: nature_2026_07_pytorch_nest_fixed_noio
[2026-07-14 20:47:10] Round: 1
[2026-07-14 20:47:10] Each trial runs in a separate subprocess (NEST GPU limitation)
[2026-07-14 20:47:10]   Spawning trial 1/4...
[2026-07-14 20:49:12]     Trial 1/4: net=3.39s, sim=126.75s, retrieval=0.00s, spikes=0
[2026-07-14 20:49:12]   Spawning trial 2/4...
[2026-07-14 20:51:14]     Trial 2/4: net=3.37s, sim=126.81s, retrieval=0.00s, spikes=0
[2026-07-14 20:51:14]   Spawning trial 3/4...
[2026-07-14 20:53:17]     Trial 3/4: net=3.51s, sim=128.36s, retrieval=0.00s, spikes=0
[2026-07-14 20:53:17]   Spawning trial 4/4...
[2026-07-14 20:55:01]     Trial 4/4: net=3.54s, sim=108.07s, retrieval=0.00s, spikes=0

------------------------------------------------------------
[2026-07-14 20:55:01] TIMING SUMMARY
------------------------------------------------------------
[2026-07-14 20:55:01]   Network creation (avg):      3.455s
[2026-07-14 20:55:01]   Simulation (total):        489.993s
[2026-07-14 20:55:01]   Simulation (avg/trial):    122.498s
[2026-07-14 20:55:01]   Spike retrieval (avg):       0.000s
[2026-07-14 20:55:01]   Total wall time:           507.191s
[2026-07-14 20:55:01]   -----------------------------------------
[2026-07-14 20:55:01]   Simulated time:              400.0s (4 x 100.0s)
[2026-07-14 20:55:01]   Realtime ratio (sim):        0.816x
[2026-07-14 20:55:01]   Realtime ratio (total):      0.789x

[2026-07-14 20:55:01]   Active neurons:                  0
[2026-07-14 20:55:01]   Total spikes:                    0
------------------------------------------------------------

================================================================================
[2026-07-14 20:55:01] [9/20] BENCHMARK: t_run=0.1s, n_run=8
================================================================================
[2026-07-14 20:55:01] Device: GPU (NEST GPU, user_m1 neuron)
[2026-07-14 20:55:01] Experiment: nestgpu_t0.1s_n8
[2026-07-14 20:55:01] Spike probing/output: disabled
[2026-07-14 20:55:01] Run label: nature_2026_07_pytorch_nest_fixed_noio
[2026-07-14 20:55:01] Round: 1
[2026-07-14 20:55:01] Each trial runs in a separate subprocess (NEST GPU limitation)
[2026-07-14 20:55:01]   Spawning trial 1/8...
[2026-07-14 20:55:05]     Trial 1/8: net=3.42s, sim=0.14s, retrieval=0.00s, spikes=0
[2026-07-14 20:55:05]   Spawning trial 2/8...
[2026-07-14 20:55:11]     Trial 2/8: net=4.43s, sim=0.15s, retrieval=0.00s, spikes=0
[2026-07-14 20:55:11]   Spawning trial 3/8...
[2026-07-14 20:55:16]     Trial 3/8: net=4.26s, sim=0.15s, retrieval=0.00s, spikes=0
[2026-07-14 20:55:16]   Spawning trial 4/8...
[2026-07-14 20:55:21]     Trial 4/8: net=4.11s, sim=0.14s, retrieval=0.00s, spikes=0
[2026-07-14 20:55:21]   Spawning trial 5/8...
[2026-07-14 20:55:24]     Trial 5/8: net=4.24s, sim=0.14s, retrieval=0.00s, spikes=0
[2026-07-14 20:55:24]   Spawning trial 6/8...
[2026-07-14 20:55:30]     Trial 6/8: net=4.46s, sim=0.15s, retrieval=0.00s, spikes=0
[2026-07-14 20:55:30]   Spawning trial 7/8...
[2026-07-14 20:55:36]     Trial 7/8: net=4.51s, sim=0.14s, retrieval=0.00s, spikes=0
[2026-07-14 20:55:36]   Spawning trial 8/8...
[2026-07-14 20:55:41]     Trial 8/8: net=4.67s, sim=0.16s, retrieval=0.00s, spikes=0

------------------------------------------------------------
[2026-07-14 20:55:41] TIMING SUMMARY
------------------------------------------------------------
[2026-07-14 20:55:41]   Network creation (avg):      4.264s
[2026-07-14 20:55:41]   Simulation (total):          1.169s
[2026-07-14 20:55:41]   Simulation (avg/trial):      0.146s
[2026-07-14 20:55:41]   Spike retrieval (avg):       0.000s
[2026-07-14 20:55:41]   Total wall time:            42.827s
[2026-07-14 20:55:41]   -----------------------------------------
[2026-07-14 20:55:41]   Simulated time:                0.8s (8 x 0.1s)
[2026-07-14 20:55:41]   Realtime ratio (sim):        0.684x
[2026-07-14 20:55:41]   Realtime ratio (total):      0.019x

[2026-07-14 20:55:41]   Active neurons:                  0
[2026-07-14 20:55:41]   Total spikes:                    0
------------------------------------------------------------

================================================================================
[2026-07-14 20:55:41] [10/20] BENCHMARK: t_run=1.0s, n_run=8
================================================================================
[2026-07-14 20:55:41] Device: GPU (NEST GPU, user_m1 neuron)
[2026-07-14 20:55:41] Experiment: nestgpu_t1.0s_n8
[2026-07-14 20:55:41] Spike probing/output: disabled
[2026-07-14 20:55:41] Run label: nature_2026_07_pytorch_nest_fixed_noio
[2026-07-14 20:55:41] Round: 1
[2026-07-14 20:55:41] Each trial runs in a separate subprocess (NEST GPU limitation)
[2026-07-14 20:55:41]   Spawning trial 1/8...
[2026-07-14 20:55:48]     Trial 1/8: net=4.31s, sim=1.18s, retrieval=0.00s, spikes=0
[2026-07-14 20:55:48]   Spawning trial 2/8...
[2026-07-14 20:55:52]     Trial 2/8: net=4.54s, sim=1.17s, retrieval=0.00s, spikes=0
[2026-07-14 20:55:52]   Spawning trial 3/8...
[2026-07-14 20:55:58]     Trial 3/8: net=3.98s, sim=1.10s, retrieval=0.00s, spikes=0
[2026-07-14 20:55:58]   Spawning trial 4/8...
[2026-07-14 20:56:05]     Trial 4/8: net=4.52s, sim=1.13s, retrieval=0.00s, spikes=0
[2026-07-14 20:56:05]   Spawning trial 5/8...
[2026-07-14 20:56:11]     Trial 5/8: net=3.52s, sim=1.14s, retrieval=0.00s, spikes=0
[2026-07-14 20:56:11]   Spawning trial 6/8...
[2026-07-14 20:56:16]     Trial 6/8: net=3.42s, sim=1.10s, retrieval=0.00s, spikes=0
[2026-07-14 20:56:16]   Spawning trial 7/8...
[2026-07-14 20:56:19]     Trial 7/8: net=3.70s, sim=1.12s, retrieval=0.00s, spikes=0
[2026-07-14 20:56:19]   Spawning trial 8/8...
[2026-07-14 20:56:25]     Trial 8/8: net=3.43s, sim=1.09s, retrieval=0.00s, spikes=0

------------------------------------------------------------
[2026-07-14 20:56:25] TIMING SUMMARY
------------------------------------------------------------
[2026-07-14 20:56:25]   Network creation (avg):      3.929s
[2026-07-14 20:56:25]   Simulation (total):          9.023s
[2026-07-14 20:56:25]   Simulation (avg/trial):      1.128s
[2026-07-14 20:56:25]   Spike retrieval (avg):       0.000s
[2026-07-14 20:56:25]   Total wall time:            47.724s
[2026-07-14 20:56:25]   -----------------------------------------
[2026-07-14 20:56:25]   Simulated time:                8.0s (8 x 1.0s)
[2026-07-14 20:56:25]   Realtime ratio (sim):        0.887x
[2026-07-14 20:56:25]   Realtime ratio (total):      0.168x

[2026-07-14 20:56:25]   Active neurons:                  0
[2026-07-14 20:56:25]   Total spikes:                    0
------------------------------------------------------------

================================================================================
[2026-07-14 20:56:25] [11/20] BENCHMARK: t_run=10.0s, n_run=8
================================================================================
[2026-07-14 20:56:25] Device: GPU (NEST GPU, user_m1 neuron)
[2026-07-14 20:56:25] Experiment: nestgpu_t10.0s_n8
[2026-07-14 20:56:25] Spike probing/output: disabled
[2026-07-14 20:56:25] Run label: nature_2026_07_pytorch_nest_fixed_noio
[2026-07-14 20:56:25] Round: 1
[2026-07-14 20:56:25] Each trial runs in a separate subprocess (NEST GPU limitation)
[2026-07-14 20:56:25]   Spawning trial 1/8...
[2026-07-14 20:56:40]     Trial 1/8: net=3.49s, sim=11.09s, retrieval=0.00s, spikes=0
[2026-07-14 20:56:40]   Spawning trial 2/8...
[2026-07-14 20:56:53]     Trial 2/8: net=3.39s, sim=10.71s, retrieval=0.00s, spikes=0
[2026-07-14 20:56:53]   Spawning trial 3/8...
[2026-07-14 20:57:08]     Trial 3/8: net=3.41s, sim=10.65s, retrieval=0.00s, spikes=0
[2026-07-14 20:57:08]   Spawning trial 4/8...
[2026-07-14 20:57:21]     Trial 4/8: net=3.42s, sim=10.87s, retrieval=0.00s, spikes=0
[2026-07-14 20:57:21]   Spawning trial 5/8...
[2026-07-14 20:57:36]     Trial 5/8: net=3.42s, sim=11.05s, retrieval=0.00s, spikes=0
[2026-07-14 20:57:36]   Spawning trial 6/8...
[2026-07-14 20:57:51]     Trial 6/8: net=3.72s, sim=10.81s, retrieval=0.00s, spikes=0
[2026-07-14 20:57:51]   Spawning trial 7/8...
[2026-07-14 20:58:06]     Trial 7/8: net=3.40s, sim=12.27s, retrieval=0.00s, spikes=0
[2026-07-14 20:58:06]   Spawning trial 8/8...
[2026-07-14 20:58:20]     Trial 8/8: net=3.55s, sim=12.60s, retrieval=0.00s, spikes=0

------------------------------------------------------------
[2026-07-14 20:58:20] TIMING SUMMARY
------------------------------------------------------------
[2026-07-14 20:58:20]   Network creation (avg):      3.476s
[2026-07-14 20:58:20]   Simulation (total):         90.058s
[2026-07-14 20:58:20]   Simulation (avg/trial):     11.257s
[2026-07-14 20:58:20]   Spike retrieval (avg):       0.000s
[2026-07-14 20:58:20]   Total wall time:           124.745s
[2026-07-14 20:58:20]   -----------------------------------------
[2026-07-14 20:58:20]   Simulated time:               80.0s (8 x 10.0s)
[2026-07-14 20:58:20]   Realtime ratio (sim):        0.888x
[2026-07-14 20:58:20]   Realtime ratio (total):      0.641x

[2026-07-14 20:58:20]   Active neurons:                  0
[2026-07-14 20:58:20]   Total spikes:                    0
------------------------------------------------------------

================================================================================
[2026-07-14 20:58:20] [12/20] BENCHMARK: t_run=100.0s, n_run=8
================================================================================
[2026-07-14 20:58:20] Device: GPU (NEST GPU, user_m1 neuron)
[2026-07-14 20:58:20] Experiment: nestgpu_t100.0s_n8
[2026-07-14 20:58:20] Spike probing/output: disabled
[2026-07-14 20:58:20] Run label: nature_2026_07_pytorch_nest_fixed_noio
[2026-07-14 20:58:20] Round: 1
[2026-07-14 20:58:20] Each trial runs in a separate subprocess (NEST GPU limitation)
[2026-07-14 20:58:20]   Spawning trial 1/8...
[2026-07-14 21:00:22]     Trial 1/8: net=3.44s, sim=126.70s, retrieval=0.00s, spikes=0
[2026-07-14 21:00:22]   Spawning trial 2/8...
[2026-07-14 21:02:22]     Trial 2/8: net=3.42s, sim=124.12s, retrieval=0.00s, spikes=0
[2026-07-14 21:02:22]   Spawning trial 3/8...
[2026-07-14 21:04:23]     Trial 3/8: net=3.41s, sim=125.31s, retrieval=0.00s, spikes=0
[2026-07-14 21:04:23]   Spawning trial 4/8...
[2026-07-14 21:06:22]     Trial 4/8: net=3.46s, sim=123.57s, retrieval=0.00s, spikes=0
[2026-07-14 21:06:22]   Spawning trial 5/8...
[2026-07-14 21:08:21]     Trial 5/8: net=3.48s, sim=121.63s, retrieval=0.00s, spikes=0
[2026-07-14 21:08:21]   Spawning trial 6/8...
[2026-07-14 21:10:17]     Trial 6/8: net=3.63s, sim=121.09s, retrieval=0.00s, spikes=0
[2026-07-14 21:10:17]   Spawning trial 7/8...
[2026-07-14 21:12:16]     Trial 7/8: net=3.44s, sim=123.61s, retrieval=0.00s, spikes=0
[2026-07-14 21:12:16]   Spawning trial 8/8...
[2026-07-14 21:14:13]     Trial 8/8: net=3.43s, sim=121.42s, retrieval=0.00s, spikes=0

------------------------------------------------------------
[2026-07-14 21:14:13] TIMING SUMMARY
------------------------------------------------------------
[2026-07-14 21:14:13]   Network creation (avg):      3.463s
[2026-07-14 21:14:13]   Simulation (total):        987.446s
[2026-07-14 21:14:13]   Simulation (avg/trial):    123.431s
[2026-07-14 21:14:13]   Spike retrieval (avg):       0.000s
[2026-07-14 21:14:13]   Total wall time:          1022.075s
[2026-07-14 21:14:13]   -----------------------------------------
[2026-07-14 21:14:13]   Simulated time:              800.0s (8 x 100.0s)
[2026-07-14 21:14:13]   Realtime ratio (sim):        0.810x
[2026-07-14 21:14:13]   Realtime ratio (total):      0.783x

[2026-07-14 21:14:13]   Active neurons:                  0
[2026-07-14 21:14:13]   Total spikes:                    0
------------------------------------------------------------

================================================================================
[2026-07-14 21:14:13] [13/20] BENCHMARK: t_run=0.1s, n_run=16
================================================================================
[2026-07-14 21:14:13] Device: GPU (NEST GPU, user_m1 neuron)
[2026-07-14 21:14:13] Experiment: nestgpu_t0.1s_n16
[2026-07-14 21:14:13] Spike probing/output: disabled
[2026-07-14 21:14:13] Run label: nature_2026_07_pytorch_nest_fixed_noio
[2026-07-14 21:14:13] Round: 1
[2026-07-14 21:14:13] Each trial runs in a separate subprocess (NEST GPU limitation)
[2026-07-14 21:14:13]   Spawning trial 1/16...
[2026-07-14 21:14:18]     Trial 1/16: net=3.41s, sim=0.16s, retrieval=0.00s, spikes=0
[2026-07-14 21:14:18]   Spawning trial 2/16...
[2026-07-14 21:14:21]     Trial 2/16: net=4.39s, sim=0.17s, retrieval=0.00s, spikes=0
[2026-07-14 21:14:21]   Spawning trial 3/16...
[2026-07-14 21:14:26]     Trial 3/16: net=3.70s, sim=0.15s, retrieval=0.00s, spikes=0
[2026-07-14 21:14:26]   Spawning trial 4/16...
[2026-07-14 21:14:30]     Trial 4/16: net=3.46s, sim=0.16s, retrieval=0.00s, spikes=0
[2026-07-14 21:14:30]   Spawning trial 5/16...
[2026-07-14 21:14:35]     Trial 5/16: net=3.62s, sim=0.16s, retrieval=0.00s, spikes=0
[2026-07-14 21:14:35]   Spawning trial 6/16...
[2026-07-14 21:14:40]     Trial 6/16: net=3.86s, sim=0.16s, retrieval=0.00s, spikes=0
[2026-07-14 21:14:40]   Spawning trial 7/16...
[2026-07-14 21:14:44]     Trial 7/16: net=3.61s, sim=0.16s, retrieval=0.00s, spikes=0
[2026-07-14 21:14:44]   Spawning trial 8/16...
[2026-07-14 21:14:49]     Trial 8/16: net=4.02s, sim=0.16s, retrieval=0.00s, spikes=0
[2026-07-14 21:14:49]   Spawning trial 9/16...
[2026-07-14 21:14:52]     Trial 9/16: net=3.67s, sim=0.16s, retrieval=0.00s, spikes=0
[2026-07-14 21:14:52]   Spawning trial 10/16...
[2026-07-14 21:14:56]     Trial 10/16: net=3.39s, sim=0.15s, retrieval=0.00s, spikes=0
[2026-07-14 21:14:56]   Spawning trial 11/16...
[2026-07-14 21:15:02]     Trial 11/16: net=4.15s, sim=0.16s, retrieval=0.00s, spikes=0
[2026-07-14 21:15:02]   Spawning trial 12/16...
[2026-07-14 21:15:07]     Trial 12/16: net=4.33s, sim=0.16s, retrieval=0.00s, spikes=0
[2026-07-14 21:15:07]   Spawning trial 13/16...
[2026-07-14 21:15:12]     Trial 13/16: net=3.75s, sim=0.16s, retrieval=0.00s, spikes=0
[2026-07-14 21:15:12]   Spawning trial 14/16...
[2026-07-14 21:15:16]     Trial 14/16: net=3.51s, sim=0.16s, retrieval=0.00s, spikes=0
[2026-07-14 21:15:16]   Spawning trial 15/16...
[2026-07-14 21:15:22]     Trial 15/16: net=4.17s, sim=0.16s, retrieval=0.00s, spikes=0
[2026-07-14 21:15:22]   Spawning trial 16/16...
[2026-07-14 21:15:24]     Trial 16/16: net=3.84s, sim=0.16s, retrieval=0.00s, spikes=0

------------------------------------------------------------
[2026-07-14 21:15:24] TIMING SUMMARY
------------------------------------------------------------
[2026-07-14 21:15:24]   Network creation (avg):      3.804s
[2026-07-14 21:15:24]   Simulation (total):          2.548s
[2026-07-14 21:15:24]   Simulation (avg/trial):      0.159s
[2026-07-14 21:15:24]   Spike retrieval (avg):       0.000s
[2026-07-14 21:15:24]   Total wall time:            77.814s
[2026-07-14 21:15:24]   -----------------------------------------
[2026-07-14 21:15:24]   Simulated time:                1.6s (16 x 0.1s)
[2026-07-14 21:15:24]   Realtime ratio (sim):        0.628x
[2026-07-14 21:15:24]   Realtime ratio (total):      0.021x

[2026-07-14 21:15:24]   Active neurons:                  0
[2026-07-14 21:15:24]   Total spikes:                    0
------------------------------------------------------------

================================================================================
[2026-07-14 21:15:24] [14/20] BENCHMARK: t_run=1.0s, n_run=16
================================================================================
[2026-07-14 21:15:24] Device: GPU (NEST GPU, user_m1 neuron)
[2026-07-14 21:15:24] Experiment: nestgpu_t1.0s_n16
[2026-07-14 21:15:24] Spike probing/output: disabled
[2026-07-14 21:15:24] Run label: nature_2026_07_pytorch_nest_fixed_noio
[2026-07-14 21:15:24] Round: 1
[2026-07-14 21:15:24] Each trial runs in a separate subprocess (NEST GPU limitation)
[2026-07-14 21:15:24]   Spawning trial 1/16...
[2026-07-14 21:15:30]     Trial 1/16: net=3.61s, sim=1.22s, retrieval=0.00s, spikes=0
[2026-07-14 21:15:30]   Spawning trial 2/16...
[2026-07-14 21:15:37]     Trial 2/16: net=4.68s, sim=1.27s, retrieval=0.00s, spikes=0
[2026-07-14 21:15:37]   Spawning trial 3/16...
[2026-07-14 21:15:43]     Trial 3/16: net=3.80s, sim=1.22s, retrieval=0.00s, spikes=0
[2026-07-14 21:15:43]   Spawning trial 4/16...
[2026-07-14 21:15:49]     Trial 4/16: net=4.56s, sim=1.27s, retrieval=0.00s, spikes=0
[2026-07-14 21:15:49]   Spawning trial 5/16...
[2026-07-14 21:15:53]     Trial 5/16: net=3.54s, sim=1.28s, retrieval=0.00s, spikes=0
[2026-07-14 21:15:53]   Spawning trial 6/16...
[2026-07-14 21:15:58]     Trial 6/16: net=3.46s, sim=1.21s, retrieval=0.00s, spikes=0
[2026-07-14 21:15:58]   Spawning trial 7/16...
[2026-07-14 21:16:04]     Trial 7/16: net=3.48s, sim=1.25s, retrieval=0.00s, spikes=0
[2026-07-14 21:16:04]   Spawning trial 8/16...
[2026-07-14 21:16:10]     Trial 8/16: net=3.49s, sim=1.27s, retrieval=0.00s, spikes=0
[2026-07-14 21:16:10]   Spawning trial 9/16...
[2026-07-14 21:16:15]     Trial 9/16: net=3.45s, sim=1.28s, retrieval=0.00s, spikes=0
[2026-07-14 21:16:15]   Spawning trial 10/16...
[2026-07-14 21:16:21]     Trial 10/16: net=3.44s, sim=1.24s, retrieval=0.00s, spikes=0
[2026-07-14 21:16:21]   Spawning trial 11/16...
[2026-07-14 21:16:24]     Trial 11/16: net=3.54s, sim=1.25s, retrieval=0.00s, spikes=0
[2026-07-14 21:16:24]   Spawning trial 12/16...
[2026-07-14 21:16:30]     Trial 12/16: net=3.45s, sim=1.26s, retrieval=0.00s, spikes=0
[2026-07-14 21:16:30]   Spawning trial 13/16...
[2026-07-14 21:16:35]     Trial 13/16: net=3.47s, sim=1.32s, retrieval=0.00s, spikes=0
[2026-07-14 21:16:35]   Spawning trial 14/16...
[2026-07-14 21:16:41]     Trial 14/16: net=3.61s, sim=1.27s, retrieval=0.00s, spikes=0
[2026-07-14 21:16:41]   Spawning trial 15/16...
[2026-07-14 21:16:47]     Trial 15/16: net=3.39s, sim=1.23s, retrieval=0.00s, spikes=0
[2026-07-14 21:16:47]   Spawning trial 16/16...
[2026-07-14 21:16:50]     Trial 16/16: net=3.57s, sim=1.24s, retrieval=0.00s, spikes=0

------------------------------------------------------------
[2026-07-14 21:16:50] TIMING SUMMARY
------------------------------------------------------------
[2026-07-14 21:16:50]   Network creation (avg):      3.660s
[2026-07-14 21:16:50]   Simulation (total):         20.102s
[2026-07-14 21:16:50]   Simulation (avg/trial):      1.256s
[2026-07-14 21:16:50]   Spike retrieval (avg):       0.000s
[2026-07-14 21:16:50]   Total wall time:            92.587s
[2026-07-14 21:16:50]   -----------------------------------------
[2026-07-14 21:16:50]   Simulated time:               16.0s (16 x 1.0s)
[2026-07-14 21:16:50]   Realtime ratio (sim):        0.796x
[2026-07-14 21:16:50]   Realtime ratio (total):      0.173x

[2026-07-14 21:16:50]   Active neurons:                  0
[2026-07-14 21:16:50]   Total spikes:                    0
------------------------------------------------------------

================================================================================
[2026-07-14 21:16:50] [15/20] BENCHMARK: t_run=10.0s, n_run=16
================================================================================
[2026-07-14 21:16:50] Device: GPU (NEST GPU, user_m1 neuron)
[2026-07-14 21:16:50] Experiment: nestgpu_t10.0s_n16
[2026-07-14 21:16:50] Spike probing/output: disabled
[2026-07-14 21:16:50] Run label: nature_2026_07_pytorch_nest_fixed_noio
[2026-07-14 21:16:50] Round: 1
[2026-07-14 21:16:50] Each trial runs in a separate subprocess (NEST GPU limitation)
[2026-07-14 21:16:50]   Spawning trial 1/16...
[2026-07-14 21:17:06]     Trial 1/16: net=3.43s, sim=12.04s, retrieval=0.00s, spikes=0
[2026-07-14 21:17:06]   Spawning trial 2/16...
[2026-07-14 21:17:21]     Trial 2/16: net=3.63s, sim=12.21s, retrieval=0.00s, spikes=0
[2026-07-14 21:17:21]   Spawning trial 3/16...
[2026-07-14 21:17:38]     Trial 3/16: net=3.70s, sim=12.39s, retrieval=0.00s, spikes=0
[2026-07-14 21:17:38]   Spawning trial 4/16...
[2026-07-14 21:17:51]     Trial 4/16: net=3.57s, sim=10.85s, retrieval=0.00s, spikes=0
[2026-07-14 21:17:51]   Spawning trial 5/16...
[2026-07-14 21:18:06]     Trial 5/16: net=3.43s, sim=10.62s, retrieval=0.00s, spikes=0
[2026-07-14 21:18:06]   Spawning trial 6/16...
[2026-07-14 21:18:21]     Trial 6/16: net=3.56s, sim=10.67s, retrieval=0.00s, spikes=0
[2026-07-14 21:18:21]   Spawning trial 7/16...
[2026-07-14 21:18:34]     Trial 7/16: net=3.66s, sim=10.90s, retrieval=0.00s, spikes=0
[2026-07-14 21:18:34]   Spawning trial 8/16...
[2026-07-14 21:18:50]     Trial 8/16: net=3.69s, sim=10.63s, retrieval=0.00s, spikes=0
[2026-07-14 21:18:50]   Spawning trial 9/16...
[2026-07-14 21:19:02]     Trial 9/16: net=3.50s, sim=10.67s, retrieval=0.00s, spikes=0
[2026-07-14 21:19:02]   Spawning trial 10/16...
[2026-07-14 21:19:17]     Trial 10/16: net=3.44s, sim=10.74s, retrieval=0.00s, spikes=0
[2026-07-14 21:19:17]   Spawning trial 11/16...
[2026-07-14 21:19:30]     Trial 11/16: net=3.39s, sim=10.76s, retrieval=0.00s, spikes=0
[2026-07-14 21:19:30]   Spawning trial 12/16...
[2026-07-14 21:19:46]     Trial 12/16: net=3.56s, sim=10.93s, retrieval=0.00s, spikes=0
[2026-07-14 21:19:46]   Spawning trial 13/16...
[2026-07-14 21:19:58]     Trial 13/16: net=3.56s, sim=10.62s, retrieval=0.00s, spikes=0
[2026-07-14 21:19:58]   Spawning trial 14/16...
[2026-07-14 21:20:14]     Trial 14/16: net=3.49s, sim=10.78s, retrieval=0.00s, spikes=0
[2026-07-14 21:20:14]   Spawning trial 15/16...
[2026-07-14 21:20:27]     Trial 15/16: net=3.45s, sim=10.81s, retrieval=0.00s, spikes=0
[2026-07-14 21:20:27]   Spawning trial 16/16...
[2026-07-14 21:20:42]     Trial 16/16: net=3.44s, sim=11.04s, retrieval=0.00s, spikes=0

------------------------------------------------------------
[2026-07-14 21:20:42] TIMING SUMMARY
------------------------------------------------------------
[2026-07-14 21:20:42]   Network creation (avg):      3.531s
[2026-07-14 21:20:42]   Simulation (total):        176.659s
[2026-07-14 21:20:42]   Simulation (avg/trial):     11.041s
[2026-07-14 21:20:42]   Spike retrieval (avg):       0.000s
[2026-07-14 21:20:42]   Total wall time:           247.458s
[2026-07-14 21:20:42]   -----------------------------------------
[2026-07-14 21:20:42]   Simulated time:              160.0s (16 x 10.0s)
[2026-07-14 21:20:42]   Realtime ratio (sim):        0.906x
[2026-07-14 21:20:42]   Realtime ratio (total):      0.647x

[2026-07-14 21:20:42]   Active neurons:                  0
[2026-07-14 21:20:42]   Total spikes:                    0
------------------------------------------------------------

================================================================================
[2026-07-14 21:20:42] [16/20] BENCHMARK: t_run=100.0s, n_run=16
================================================================================
[2026-07-14 21:20:42] Device: GPU (NEST GPU, user_m1 neuron)
[2026-07-14 21:20:42] Experiment: nestgpu_t100.0s_n16
[2026-07-14 21:20:42] Spike probing/output: disabled
[2026-07-14 21:20:42] Run label: nature_2026_07_pytorch_nest_fixed_noio
[2026-07-14 21:20:42] Round: 1
[2026-07-14 21:20:42] Each trial runs in a separate subprocess (NEST GPU limitation)
[2026-07-14 21:20:42]   Spawning trial 1/16...
[2026-07-14 21:22:26]     Trial 1/16: net=3.43s, sim=108.82s, retrieval=0.00s, spikes=0
[2026-07-14 21:22:26]   Spawning trial 2/16...
[2026-07-14 21:24:14]     Trial 2/16: net=3.53s, sim=109.94s, retrieval=0.00s, spikes=0
[2026-07-14 21:24:14]   Spawning trial 3/16...
[2026-07-14 21:26:10]     Trial 3/16: net=3.42s, sim=120.86s, retrieval=0.00s, spikes=0
[2026-07-14 21:26:10]   Spawning trial 4/16...
[2026-07-14 21:28:06]     Trial 4/16: net=3.42s, sim=120.84s, retrieval=0.00s, spikes=0
[2026-07-14 21:28:06]   Spawning trial 5/16...
[2026-07-14 21:29:50]     Trial 5/16: net=3.65s, sim=109.23s, retrieval=0.00s, spikes=0
[2026-07-14 21:29:50]   Spawning trial 6/16...
[2026-07-14 21:31:35]     Trial 6/16: net=3.44s, sim=107.36s, retrieval=0.00s, spikes=0
[2026-07-14 21:31:35]   Spawning trial 7/16...
[2026-07-14 21:33:20]     Trial 7/16: net=3.68s, sim=107.23s, retrieval=0.00s, spikes=0
[2026-07-14 21:33:20]   Spawning trial 8/16...
[2026-07-14 21:35:03]     Trial 8/16: net=3.40s, sim=107.87s, retrieval=0.00s, spikes=0
[2026-07-14 21:35:03]   Spawning trial 9/16...
[2026-07-14 21:36:39]     Trial 9/16: net=3.56s, sim=98.52s, retrieval=0.00s, spikes=0
[2026-07-14 21:36:39]   Spawning trial 10/16...
[2026-07-14 21:38:17]     Trial 10/16: net=3.46s, sim=100.56s, retrieval=0.00s, spikes=0
[2026-07-14 21:38:17]   Spawning trial 11/16...
[2026-07-14 21:39:51]     Trial 11/16: net=3.40s, sim=99.14s, retrieval=0.00s, spikes=0
[2026-07-14 21:39:51]   Spawning trial 12/16...
[2026-07-14 21:41:29]     Trial 12/16: net=3.66s, sim=101.02s, retrieval=0.00s, spikes=0
[2026-07-14 21:41:29]   Spawning trial 13/16...
[2026-07-14 21:43:08]     Trial 13/16: net=3.50s, sim=101.38s, retrieval=0.00s, spikes=0
[2026-07-14 21:43:08]   Spawning trial 14/16...
[2026-07-14 21:44:46]     Trial 14/16: net=3.47s, sim=100.52s, retrieval=0.00s, spikes=0
[2026-07-14 21:44:46]   Spawning trial 15/16...
[2026-07-14 21:46:22]     Trial 15/16: net=3.49s, sim=100.37s, retrieval=0.00s, spikes=0
[2026-07-14 21:46:22]   Spawning trial 16/16...
[2026-07-14 21:48:01]     Trial 16/16: net=3.48s, sim=101.61s, retrieval=0.00s, spikes=0

------------------------------------------------------------
[2026-07-14 21:48:01] TIMING SUMMARY
------------------------------------------------------------
[2026-07-14 21:48:01]   Network creation (avg):      3.500s
[2026-07-14 21:48:01]   Simulation (total):       1695.282s
[2026-07-14 21:48:01]   Simulation (avg/trial):    105.955s
[2026-07-14 21:48:01]   Spike retrieval (avg):       0.000s
[2026-07-14 21:48:01]   Total wall time:          1765.531s
[2026-07-14 21:48:01]   -----------------------------------------
[2026-07-14 21:48:01]   Simulated time:             1600.0s (16 x 100.0s)
[2026-07-14 21:48:01]   Realtime ratio (sim):        0.944x
[2026-07-14 21:48:01]   Realtime ratio (total):      0.906x

[2026-07-14 21:48:01]   Active neurons:                  0
[2026-07-14 21:48:01]   Total spikes:                    0
------------------------------------------------------------

================================================================================
[2026-07-14 21:48:01] [17/20] BENCHMARK: t_run=0.1s, n_run=32
================================================================================
[2026-07-14 21:48:01] Device: GPU (NEST GPU, user_m1 neuron)
[2026-07-14 21:48:01] Experiment: nestgpu_t0.1s_n32
[2026-07-14 21:48:01] Spike probing/output: disabled
[2026-07-14 21:48:01] Run label: nature_2026_07_pytorch_nest_fixed_noio
[2026-07-14 21:48:01] Round: 1
[2026-07-14 21:48:01] Each trial runs in a separate subprocess (NEST GPU limitation)
[2026-07-14 21:48:01]   Spawning trial 1/32...
[2026-07-14 21:48:06]     Trial 1/32: net=3.49s, sim=0.14s, retrieval=0.00s, spikes=0
[2026-07-14 21:48:06]   Spawning trial 2/32...
[2026-07-14 21:48:11]     Trial 2/32: net=4.61s, sim=0.13s, retrieval=0.00s, spikes=0
[2026-07-14 21:48:11]   Spawning trial 3/32...
[2026-07-14 21:48:16]     Trial 3/32: net=3.51s, sim=0.13s, retrieval=0.00s, spikes=0
[2026-07-14 21:48:16]   Spawning trial 4/32...
[2026-07-14 21:48:20]     Trial 4/32: net=3.39s, sim=0.14s, retrieval=0.00s, spikes=0
[2026-07-14 21:48:20]   Spawning trial 5/32...
[2026-07-14 21:48:23]     Trial 5/32: net=4.42s, sim=0.14s, retrieval=0.00s, spikes=0
[2026-07-14 21:48:23]   Spawning trial 6/32...
[2026-07-14 21:48:28]     Trial 6/32: net=3.78s, sim=0.14s, retrieval=0.00s, spikes=0
[2026-07-14 21:48:28]   Spawning trial 7/32...
[2026-07-14 21:48:34]     Trial 7/32: net=4.45s, sim=0.15s, retrieval=0.00s, spikes=0
[2026-07-14 21:48:34]   Spawning trial 8/32...
[2026-07-14 21:48:39]     Trial 8/32: net=4.55s, sim=0.14s, retrieval=0.00s, spikes=0
[2026-07-14 21:48:39]   Spawning trial 9/32...
[2026-07-14 21:48:44]     Trial 9/32: net=3.60s, sim=0.14s, retrieval=0.00s, spikes=0
[2026-07-14 21:48:44]   Spawning trial 10/32...
[2026-07-14 21:48:49]     Trial 10/32: net=3.45s, sim=0.14s, retrieval=0.00s, spikes=0
[2026-07-14 21:48:49]   Spawning trial 11/32...
[2026-07-14 21:48:52]     Trial 11/32: net=4.45s, sim=0.14s, retrieval=0.00s, spikes=0
[2026-07-14 21:48:52]   Spawning trial 12/32...
[2026-07-14 21:48:57]     Trial 12/32: net=3.78s, sim=0.14s, retrieval=0.00s, spikes=0
[2026-07-14 21:48:57]   Spawning trial 13/32...
[2026-07-14 21:49:01]     Trial 13/32: net=3.57s, sim=0.14s, retrieval=0.00s, spikes=0
[2026-07-14 21:49:01]   Spawning trial 14/32...
[2026-07-14 21:49:06]     Trial 14/32: net=3.68s, sim=0.14s, retrieval=0.00s, spikes=0
[2026-07-14 21:49:06]   Spawning trial 15/32...
[2026-07-14 21:49:11]     Trial 15/32: net=3.49s, sim=0.15s, retrieval=0.00s, spikes=0
[2026-07-14 21:49:11]   Spawning trial 16/32...
[2026-07-14 21:49:16]     Trial 16/32: net=4.25s, sim=0.14s, retrieval=0.00s, spikes=0
[2026-07-14 21:49:16]   Spawning trial 17/32...
[2026-07-14 21:49:19]     Trial 17/32: net=4.25s, sim=0.14s, retrieval=0.00s, spikes=0
[2026-07-14 21:49:19]   Spawning trial 18/32...
[2026-07-14 21:49:24]     Trial 18/32: net=4.49s, sim=0.14s, retrieval=0.00s, spikes=0
[2026-07-14 21:49:24]   Spawning trial 19/32...
[2026-07-14 21:49:30]     Trial 19/32: net=4.54s, sim=0.16s, retrieval=0.00s, spikes=0
[2026-07-14 21:49:30]   Spawning trial 20/32...
[2026-07-14 21:49:35]     Trial 20/32: net=3.65s, sim=0.14s, retrieval=0.00s, spikes=0
[2026-07-14 21:49:35]   Spawning trial 21/32...
[2026-07-14 21:49:39]     Trial 21/32: net=3.50s, sim=0.14s, retrieval=0.00s, spikes=0
[2026-07-14 21:49:39]   Spawning trial 22/32...
[2026-07-14 21:49:45]     Trial 22/32: net=4.44s, sim=0.14s, retrieval=0.00s, spikes=0
[2026-07-14 21:49:45]   Spawning trial 23/32...
[2026-07-14 21:49:49]     Trial 23/32: net=3.52s, sim=0.14s, retrieval=0.00s, spikes=0
[2026-07-14 21:49:49]   Spawning trial 24/32...
[2026-07-14 21:49:51]     Trial 24/32: net=3.59s, sim=0.16s, retrieval=0.00s, spikes=0
[2026-07-14 21:49:51]   Spawning trial 25/32...
[2026-07-14 21:49:56]     Trial 25/32: net=3.55s, sim=0.15s, retrieval=0.00s, spikes=0
[2026-07-14 21:49:56]   Spawning trial 26/32...
[2026-07-14 21:50:01]     Trial 26/32: net=4.36s, sim=0.14s, retrieval=0.00s, spikes=0
[2026-07-14 21:50:01]   Spawning trial 27/32...
[2026-07-14 21:50:06]     Trial 27/32: net=3.52s, sim=0.14s, retrieval=0.00s, spikes=0
[2026-07-14 21:50:06]   Spawning trial 28/32...
[2026-07-14 21:50:11]     Trial 28/32: net=3.50s, sim=0.13s, retrieval=0.00s, spikes=0
[2026-07-14 21:50:11]   Spawning trial 29/32...
[2026-07-14 21:50:16]     Trial 29/32: net=4.36s, sim=0.15s, retrieval=0.00s, spikes=0
[2026-07-14 21:50:16]   Spawning trial 30/32...
[2026-07-14 21:50:19]     Trial 30/32: net=4.29s, sim=0.14s, retrieval=0.00s, spikes=0
[2026-07-14 21:50:19]   Spawning trial 31/32...
[2026-07-14 21:50:24]     Trial 31/32: net=3.54s, sim=0.13s, retrieval=0.00s, spikes=0
[2026-07-14 21:50:24]   Spawning trial 32/32...
[2026-07-14 21:50:28]     Trial 32/32: net=3.49s, sim=0.14s, retrieval=0.00s, spikes=0

------------------------------------------------------------
[2026-07-14 21:50:28] TIMING SUMMARY
------------------------------------------------------------
[2026-07-14 21:50:28]   Network creation (avg):      3.908s
[2026-07-14 21:50:28]   Simulation (total):          4.487s
[2026-07-14 21:50:28]   Simulation (avg/trial):      0.140s
[2026-07-14 21:50:28]   Spike retrieval (avg):       0.000s
[2026-07-14 21:50:28]   Total wall time:           158.640s
[2026-07-14 21:50:28]   -----------------------------------------
[2026-07-14 21:50:28]   Simulated time:                3.2s (32 x 0.1s)
[2026-07-14 21:50:28]   Realtime ratio (sim):        0.713x
[2026-07-14 21:50:28]   Realtime ratio (total):      0.020x

[2026-07-14 21:50:28]   Active neurons:                  0
[2026-07-14 21:50:28]   Total spikes:                    0
------------------------------------------------------------

================================================================================
[2026-07-14 21:50:28] [18/20] BENCHMARK: t_run=1.0s, n_run=32
================================================================================
[2026-07-14 21:50:28] Device: GPU (NEST GPU, user_m1 neuron)
[2026-07-14 21:50:28] Experiment: nestgpu_t1.0s_n32
[2026-07-14 21:50:28] Spike probing/output: disabled
[2026-07-14 21:50:28] Run label: nature_2026_07_pytorch_nest_fixed_noio
[2026-07-14 21:50:28] Round: 1
[2026-07-14 21:50:28] Each trial runs in a separate subprocess (NEST GPU limitation)
[2026-07-14 21:50:28]   Spawning trial 1/32...
[2026-07-14 21:50:34]     Trial 1/32: net=3.71s, sim=1.00s, retrieval=0.00s, spikes=0
[2026-07-14 21:50:34]   Spawning trial 2/32...
[2026-07-14 21:50:40]     Trial 2/32: net=4.46s, sim=1.07s, retrieval=0.00s, spikes=0
[2026-07-14 21:50:40]   Spawning trial 3/32...
[2026-07-14 21:50:45]     Trial 3/32: net=3.54s, sim=1.00s, retrieval=0.00s, spikes=0
[2026-07-14 21:50:45]   Spawning trial 4/32...
[2026-07-14 21:50:48]     Trial 4/32: net=3.47s, sim=1.04s, retrieval=0.00s, spikes=0
[2026-07-14 21:50:48]   Spawning trial 5/32...
[2026-07-14 21:50:54]     Trial 5/32: net=3.50s, sim=1.06s, retrieval=0.00s, spikes=0
[2026-07-14 21:50:54]   Spawning trial 6/32...
[2026-07-14 21:50:59]     Trial 6/32: net=3.43s, sim=1.03s, retrieval=0.00s, spikes=0
[2026-07-14 21:50:59]   Spawning trial 7/32...
[2026-07-14 21:51:05]     Trial 7/32: net=3.62s, sim=1.01s, retrieval=0.00s, spikes=0
[2026-07-14 21:51:05]   Spawning trial 8/32...
[2026-07-14 21:51:10]     Trial 8/32: net=3.54s, sim=1.04s, retrieval=0.00s, spikes=0
[2026-07-14 21:51:10]   Spawning trial 9/32...
[2026-07-14 21:51:15]     Trial 9/32: net=3.38s, sim=1.00s, retrieval=0.00s, spikes=0
[2026-07-14 21:51:15]   Spawning trial 10/32...
[2026-07-14 21:51:18]     Trial 10/32: net=3.33s, sim=1.01s, retrieval=0.00s, spikes=0
[2026-07-14 21:51:18]   Spawning trial 11/32...
[2026-07-14 21:51:24]     Trial 11/32: net=3.42s, sim=1.01s, retrieval=0.00s, spikes=0
[2026-07-14 21:51:24]   Spawning trial 12/32...
[2026-07-14 21:51:29]     Trial 12/32: net=3.38s, sim=1.03s, retrieval=0.00s, spikes=0
[2026-07-14 21:51:29]   Spawning trial 13/32...
[2026-07-14 21:51:34]     Trial 13/32: net=3.66s, sim=1.03s, retrieval=0.00s, spikes=0
[2026-07-14 21:51:34]   Spawning trial 14/32...
[2026-07-14 21:51:41]     Trial 14/32: net=4.51s, sim=1.13s, retrieval=0.00s, spikes=0
[2026-07-14 21:51:41]   Spawning trial 15/32...
[2026-07-14 21:51:46]     Trial 15/32: net=3.39s, sim=1.09s, retrieval=0.00s, spikes=0
[2026-07-14 21:51:46]   Spawning trial 16/32...
[2026-07-14 21:51:49]     Trial 16/32: net=3.45s, sim=1.11s, retrieval=0.00s, spikes=0
[2026-07-14 21:51:49]   Spawning trial 17/32...
[2026-07-14 21:51:55]     Trial 17/32: net=3.52s, sim=1.07s, retrieval=0.00s, spikes=0
[2026-07-14 21:51:55]   Spawning trial 18/32...
[2026-07-14 21:52:00]     Trial 18/32: net=3.48s, sim=1.05s, retrieval=0.00s, spikes=0
[2026-07-14 21:52:00]   Spawning trial 19/32...
[2026-07-14 21:52:06]     Trial 19/32: net=3.59s, sim=1.08s, retrieval=0.00s, spikes=0
[2026-07-14 21:52:06]   Spawning trial 20/32...
[2026-07-14 21:52:11]     Trial 20/32: net=3.53s, sim=1.07s, retrieval=0.00s, spikes=0
[2026-07-14 21:52:11]   Spawning trial 21/32...
[2026-07-14 21:52:16]     Trial 21/32: net=3.47s, sim=1.07s, retrieval=0.00s, spikes=0
[2026-07-14 21:52:16]   Spawning trial 22/32...
[2026-07-14 21:52:19]     Trial 22/32: net=3.37s, sim=1.09s, retrieval=0.00s, spikes=0
[2026-07-14 21:52:19]   Spawning trial 23/32...
[2026-07-14 21:52:25]     Trial 23/32: net=3.44s, sim=1.08s, retrieval=0.00s, spikes=0
[2026-07-14 21:52:25]   Spawning trial 24/32...
[2026-07-14 21:52:30]     Trial 24/32: net=3.47s, sim=1.11s, retrieval=0.00s, spikes=0
[2026-07-14 21:52:30]   Spawning trial 25/32...
[2026-07-14 21:52:36]     Trial 25/32: net=3.65s, sim=1.11s, retrieval=0.00s, spikes=0
[2026-07-14 21:52:36]   Spawning trial 26/32...
[2026-07-14 21:52:42]     Trial 26/32: net=4.57s, sim=1.03s, retrieval=0.00s, spikes=0
[2026-07-14 21:52:42]   Spawning trial 27/32...
[2026-07-14 21:52:48]     Trial 27/32: net=3.44s, sim=1.06s, retrieval=0.00s, spikes=0
[2026-07-14 21:52:48]   Spawning trial 28/32...
[2026-07-14 21:52:51]     Trial 28/32: net=3.47s, sim=1.17s, retrieval=0.00s, spikes=0
[2026-07-14 21:52:51]   Spawning trial 29/32...
[2026-07-14 21:52:56]     Trial 29/32: net=3.51s, sim=1.01s, retrieval=0.00s, spikes=0
[2026-07-14 21:52:56]   Spawning trial 30/32...
[2026-07-14 21:53:02]     Trial 30/32: net=3.49s, sim=0.98s, retrieval=0.00s, spikes=0
[2026-07-14 21:53:02]   Spawning trial 31/32...
[2026-07-14 21:53:07]     Trial 31/32: net=3.47s, sim=0.99s, retrieval=0.00s, spikes=0
[2026-07-14 21:53:07]   Spawning trial 32/32...
[2026-07-14 21:53:13]     Trial 32/32: net=3.61s, sim=1.01s, retrieval=0.00s, spikes=0

------------------------------------------------------------
[2026-07-14 21:53:13] TIMING SUMMARY
------------------------------------------------------------
[2026-07-14 21:53:13]   Network creation (avg):      3.590s
[2026-07-14 21:53:13]   Simulation (total):         33.637s
[2026-07-14 21:53:13]   Simulation (avg/trial):      1.051s
[2026-07-14 21:53:13]   Spike retrieval (avg):       0.000s
[2026-07-14 21:53:13]   Total wall time:           176.018s
[2026-07-14 21:53:13]   -----------------------------------------
[2026-07-14 21:53:13]   Simulated time:               32.0s (32 x 1.0s)
[2026-07-14 21:53:13]   Realtime ratio (sim):        0.951x
[2026-07-14 21:53:13]   Realtime ratio (total):      0.182x

[2026-07-14 21:53:13]   Active neurons:                  0
[2026-07-14 21:53:13]   Total spikes:                    0
------------------------------------------------------------

================================================================================
[2026-07-14 21:53:13] [19/20] BENCHMARK: t_run=10.0s, n_run=32
================================================================================
[2026-07-14 21:53:13] Device: GPU (NEST GPU, user_m1 neuron)
[2026-07-14 21:53:13] Experiment: nestgpu_t10.0s_n32
[2026-07-14 21:53:13] Spike probing/output: disabled
[2026-07-14 21:53:13] Run label: nature_2026_07_pytorch_nest_fixed_noio
[2026-07-14 21:53:13] Round: 1
[2026-07-14 21:53:13] Each trial runs in a separate subprocess (NEST GPU limitation)
[2026-07-14 21:53:13]   Spawning trial 1/32...
[2026-07-14 21:53:26]     Trial 1/32: net=4.31s, sim=10.23s, retrieval=0.00s, spikes=0
[2026-07-14 21:53:26]   Spawning trial 2/32...
[2026-07-14 21:53:40]     Trial 2/32: net=3.45s, sim=10.54s, retrieval=0.00s, spikes=0
[2026-07-14 21:53:40]   Spawning trial 3/32...
[2026-07-14 21:53:52]     Trial 3/32: net=3.41s, sim=9.90s, retrieval=0.00s, spikes=0
[2026-07-14 21:53:52]   Spawning trial 4/32...
[2026-07-14 21:54:07]     Trial 4/32: net=3.52s, sim=9.90s, retrieval=0.00s, spikes=0
[2026-07-14 21:54:07]   Spawning trial 5/32...
[2026-07-14 21:54:19]     Trial 5/32: net=3.56s, sim=9.89s, retrieval=0.00s, spikes=0
[2026-07-14 21:54:19]   Spawning trial 6/32...
[2026-07-14 21:54:33]     Trial 6/32: net=3.39s, sim=10.03s, retrieval=0.00s, spikes=0
[2026-07-14 21:54:33]   Spawning trial 7/32...
[2026-07-14 21:54:48]     Trial 7/32: net=3.62s, sim=10.04s, retrieval=0.00s, spikes=0
[2026-07-14 21:54:48]   Spawning trial 8/32...
[2026-07-14 21:54:59]     Trial 8/32: net=3.49s, sim=9.91s, retrieval=0.00s, spikes=0
[2026-07-14 21:54:59]   Spawning trial 9/32...
[2026-07-14 21:55:14]     Trial 9/32: net=3.42s, sim=10.11s, retrieval=0.00s, spikes=0
[2026-07-14 21:55:14]   Spawning trial 10/32...
[2026-07-14 21:55:26]     Trial 10/32: net=3.42s, sim=9.93s, retrieval=0.00s, spikes=0
[2026-07-14 21:55:26]   Spawning trial 11/32...
[2026-07-14 21:55:40]     Trial 11/32: net=3.44s, sim=10.26s, retrieval=0.00s, spikes=0
[2026-07-14 21:55:40]   Spawning trial 12/32...
[2026-07-14 21:55:52]     Trial 12/32: net=3.39s, sim=9.96s, retrieval=0.00s, spikes=0
[2026-07-14 21:55:52]   Spawning trial 13/32...
[2026-07-14 21:56:06]     Trial 13/32: net=3.46s, sim=9.95s, retrieval=0.00s, spikes=0
[2026-07-14 21:56:06]   Spawning trial 14/32...
[2026-07-14 21:56:18]     Trial 14/32: net=3.56s, sim=9.74s, retrieval=0.00s, spikes=0
[2026-07-14 21:56:18]   Spawning trial 15/32...
[2026-07-14 21:56:33]     Trial 15/32: net=3.39s, sim=10.02s, retrieval=0.00s, spikes=0
[2026-07-14 21:56:33]   Spawning trial 16/32...
[2026-07-14 21:56:47]     Trial 16/32: net=3.67s, sim=9.90s, retrieval=0.00s, spikes=0
[2026-07-14 21:56:47]   Spawning trial 17/32...
[2026-07-14 21:57:00]     Trial 17/32: net=3.53s, sim=11.05s, retrieval=0.00s, spikes=0
[2026-07-14 21:57:00]   Spawning trial 18/32...
[2026-07-14 21:57:16]     Trial 18/32: net=3.43s, sim=11.02s, retrieval=0.00s, spikes=0
[2026-07-14 21:57:16]   Spawning trial 19/32...
[2026-07-14 21:57:29]     Trial 19/32: net=3.43s, sim=10.88s, retrieval=0.00s, spikes=0
[2026-07-14 21:57:29]   Spawning trial 20/32...
[2026-07-14 21:57:44]     Trial 20/32: net=3.61s, sim=11.25s, retrieval=0.00s, spikes=0
[2026-07-14 21:57:44]   Spawning trial 21/32...
[2026-07-14 21:57:57]     Trial 21/32: net=3.43s, sim=11.14s, retrieval=0.00s, spikes=0
[2026-07-14 21:57:57]   Spawning trial 22/32...
[2026-07-14 21:58:13]     Trial 22/32: net=3.48s, sim=11.12s, retrieval=0.00s, spikes=0
[2026-07-14 21:58:13]   Spawning trial 23/32...
[2026-07-14 21:58:26]     Trial 23/32: net=3.38s, sim=10.80s, retrieval=0.00s, spikes=0
[2026-07-14 21:58:26]   Spawning trial 24/32...
[2026-07-14 21:58:41]     Trial 24/32: net=3.55s, sim=11.25s, retrieval=0.00s, spikes=0
[2026-07-14 21:58:41]   Spawning trial 25/32...
[2026-07-14 21:58:54]     Trial 25/32: net=3.42s, sim=10.98s, retrieval=0.00s, spikes=0
[2026-07-14 21:58:54]   Spawning trial 26/32...
[2026-07-14 21:59:10]     Trial 26/32: net=3.54s, sim=11.07s, retrieval=0.00s, spikes=0
[2026-07-14 21:59:10]   Spawning trial 27/32...
[2026-07-14 21:59:22]     Trial 27/32: net=3.39s, sim=10.77s, retrieval=0.00s, spikes=0
[2026-07-14 21:59:22]   Spawning trial 28/32...
[2026-07-14 21:59:38]     Trial 28/32: net=3.47s, sim=11.20s, retrieval=0.00s, spikes=0
[2026-07-14 21:59:38]   Spawning trial 29/32...
[2026-07-14 21:59:51]     Trial 29/32: net=3.74s, sim=10.99s, retrieval=0.00s, spikes=0
[2026-07-14 21:59:51]   Spawning trial 30/32...
[2026-07-14 22:00:07]     Trial 30/32: net=3.50s, sim=10.97s, retrieval=0.00s, spikes=0
[2026-07-14 22:00:07]   Spawning trial 31/32...
[2026-07-14 22:00:20]     Trial 31/32: net=3.53s, sim=10.92s, retrieval=0.00s, spikes=0
[2026-07-14 22:00:20]   Spawning trial 32/32...
[2026-07-14 22:00:35]     Trial 32/32: net=3.41s, sim=11.16s, retrieval=0.00s, spikes=0

------------------------------------------------------------
[2026-07-14 22:00:35] TIMING SUMMARY
------------------------------------------------------------
[2026-07-14 22:00:35]   Network creation (avg):      3.511s
[2026-07-14 22:00:35]   Simulation (total):        336.867s
[2026-07-14 22:00:35]   Simulation (avg/trial):     10.527s
[2026-07-14 22:00:35]   Spike retrieval (avg):       0.000s
[2026-07-14 22:00:35]   Total wall time:           477.174s
[2026-07-14 22:00:35]   -----------------------------------------
[2026-07-14 22:00:35]   Simulated time:              320.0s (32 x 10.0s)
[2026-07-14 22:00:35]   Realtime ratio (sim):        0.950x
[2026-07-14 22:00:35]   Realtime ratio (total):      0.671x

[2026-07-14 22:00:35]   Active neurons:                  0
[2026-07-14 22:00:35]   Total spikes:                    0
------------------------------------------------------------

================================================================================
[2026-07-14 22:00:35] [20/20] BENCHMARK: t_run=100.0s, n_run=32
================================================================================
[2026-07-14 22:00:35] Device: GPU (NEST GPU, user_m1 neuron)
[2026-07-14 22:00:35] Experiment: nestgpu_t100.0s_n32
[2026-07-14 22:00:35] Spike probing/output: disabled
[2026-07-14 22:00:35] Run label: nature_2026_07_pytorch_nest_fixed_noio
[2026-07-14 22:00:35] Round: 1
[2026-07-14 22:00:35] Each trial runs in a separate subprocess (NEST GPU limitation)
[2026-07-14 22:00:35]   Spawning trial 1/32...
[2026-07-14 22:02:19]     Trial 1/32: net=3.58s, sim=109.14s, retrieval=0.00s, spikes=0
[2026-07-14 22:02:19]   Spawning trial 2/32...
[2026-07-14 22:04:07]     Trial 2/32: net=3.47s, sim=110.21s, retrieval=0.00s, spikes=0
[2026-07-14 22:04:07]   Spawning trial 3/32...
[2026-07-14 22:05:46]     Trial 3/32: net=3.55s, sim=101.12s, retrieval=0.00s, spikes=0
[2026-07-14 22:05:46]   Spawning trial 4/32...
[2026-07-14 22:07:22]     Trial 4/32: net=3.54s, sim=101.58s, retrieval=0.00s, spikes=0
[2026-07-14 22:07:22]   Spawning trial 5/32...
[2026-07-14 22:09:02]     Trial 5/32: net=3.47s, sim=102.05s, retrieval=0.00s, spikes=0
[2026-07-14 22:09:02]   Spawning trial 6/32...
[2026-07-14 22:10:40]     Trial 6/32: net=3.57s, sim=100.69s, retrieval=0.00s, spikes=0
[2026-07-14 22:10:40]   Spawning trial 7/32...
[2026-07-14 22:12:18]     Trial 7/32: net=3.41s, sim=100.54s, retrieval=0.00s, spikes=0
[2026-07-14 22:12:18]   Spawning trial 8/32...
[2026-07-14 22:13:53]     Trial 8/32: net=3.41s, sim=100.70s, retrieval=0.00s, spikes=0
[2026-07-14 22:13:53]   Spawning trial 9/32...
[2026-07-14 22:15:31]     Trial 9/32: net=3.55s, sim=100.26s, retrieval=0.00s, spikes=0
[2026-07-14 22:15:31]   Spawning trial 10/32...
[2026-07-14 22:17:10]     Trial 10/32: net=3.53s, sim=101.12s, retrieval=0.00s, spikes=0
[2026-07-14 22:17:10]   Spawning trial 11/32...
[2026-07-14 22:18:47]     Trial 11/32: net=3.44s, sim=102.19s, retrieval=0.00s, spikes=0
[2026-07-14 22:18:47]   Spawning trial 12/32...
[2026-07-14 22:20:25]     Trial 12/32: net=3.56s, sim=98.61s, retrieval=0.00s, spikes=0
[2026-07-14 22:20:25]   Spawning trial 13/32...
[2026-07-14 22:22:04]     Trial 13/32: net=3.79s, sim=96.65s, retrieval=0.00s, spikes=0
[2026-07-14 22:22:04]   Spawning trial 14/32...
[2026-07-14 22:23:41]     Trial 14/32: net=3.28s, sim=95.82s, retrieval=0.00s, spikes=0
[2026-07-14 22:23:41]   Spawning trial 15/32...
[2026-07-14 22:25:18]     Trial 15/32: net=3.36s, sim=94.83s, retrieval=0.00s, spikes=0
[2026-07-14 22:25:18]   Spawning trial 16/32...
[2026-07-14 22:26:56]     Trial 16/32: net=3.31s, sim=95.42s, retrieval=0.00s, spikes=0
[2026-07-14 22:26:56]   Spawning trial 17/32...
[2026-07-14 22:28:36]     Trial 17/32: net=3.27s, sim=97.45s, retrieval=0.00s, spikes=0
[2026-07-14 22:28:36]   Spawning trial 18/32...
[2026-07-14 22:30:13]     Trial 18/32: net=3.35s, sim=95.02s, retrieval=0.00s, spikes=0
[2026-07-14 22:30:13]   Spawning trial 19/32...
[2026-07-14 22:31:51]     Trial 19/32: net=3.22s, sim=94.03s, retrieval=0.00s, spikes=0
[2026-07-14 22:31:51]   Spawning trial 20/32...
[2026-07-14 22:33:30]     Trial 20/32: net=3.39s, sim=94.01s, retrieval=0.00s, spikes=0
[2026-07-14 22:33:30]   Spawning trial 21/32...
[2026-07-14 22:35:07]     Trial 21/32: net=3.18s, sim=93.73s, retrieval=0.00s, spikes=0
[2026-07-14 22:35:07]   Spawning trial 22/32...
[2026-07-14 22:36:53]     Trial 22/32: net=3.18s, sim=101.43s, retrieval=0.00s, spikes=0
[2026-07-14 22:36:53]   Spawning trial 23/32...
[2026-07-14 22:38:39]     Trial 23/32: net=3.27s, sim=101.74s, retrieval=0.00s, spikes=0
[2026-07-14 22:38:39]   Spawning trial 24/32...
[2026-07-14 22:40:24]     Trial 24/32: net=3.15s, sim=101.57s, retrieval=0.00s, spikes=0
[2026-07-14 22:40:24]   Spawning trial 25/32...
[2026-07-14 22:42:11]     Trial 25/32: net=3.28s, sim=102.80s, retrieval=0.00s, spikes=0
[2026-07-14 22:42:11]   Spawning trial 26/32...
[2026-07-14 22:43:56]     Trial 26/32: net=3.23s, sim=100.78s, retrieval=0.00s, spikes=0
[2026-07-14 22:43:56]   Spawning trial 27/32...
[2026-07-14 22:45:42]     Trial 27/32: net=3.21s, sim=101.93s, retrieval=0.00s, spikes=0
[2026-07-14 22:45:42]   Spawning trial 28/32...
[2026-07-14 22:47:28]     Trial 28/32: net=3.15s, sim=102.20s, retrieval=0.00s, spikes=0
[2026-07-14 22:47:28]   Spawning trial 29/32...
[2026-07-14 22:49:14]     Trial 29/32: net=3.21s, sim=102.40s, retrieval=0.00s, spikes=0
[2026-07-14 22:49:14]   Spawning trial 30/32...
[2026-07-14 22:51:00]     Trial 30/32: net=3.17s, sim=101.67s, retrieval=0.00s, spikes=0
[2026-07-14 22:51:00]   Spawning trial 31/32...
[2026-07-14 22:52:46]     Trial 31/32: net=3.25s, sim=102.22s, retrieval=0.00s, spikes=0
[2026-07-14 22:52:46]   Spawning trial 32/32...
[2026-07-14 22:54:39]     Trial 32/32: net=3.33s, sim=108.49s, retrieval=0.00s, spikes=0

------------------------------------------------------------
[2026-07-14 22:54:39] TIMING SUMMARY
------------------------------------------------------------
[2026-07-14 22:54:39]   Network creation (avg):      3.364s
[2026-07-14 22:54:39]   Simulation (total):       3212.393s
[2026-07-14 22:54:39]   Simulation (avg/trial):    100.387s
[2026-07-14 22:54:39]   Spike retrieval (avg):       0.000s
[2026-07-14 22:54:39]   Total wall time:          3347.402s
[2026-07-14 22:54:39]   -----------------------------------------
[2026-07-14 22:54:39]   Simulated time:             3200.0s (32 x 100.0s)
[2026-07-14 22:54:39]   Realtime ratio (sim):        0.996x
[2026-07-14 22:54:39]   Realtime ratio (total):      0.956x

[2026-07-14 22:54:39]   Active neurons:                  0
[2026-07-14 22:54:39]   Total spikes:                    0
------------------------------------------------------------


================================================================================
[2026-07-14 22:54:39] SUMMARY: NEST GPU
================================================================================

   t_run |  n_run |      Setup |      Build |   Simulation |      Total |   RT Ratio |     Spikes | Status
--------------------------------------------------------------------------------------------------------------
    0.1s |      1 |      4.40s |      0.00s |        0.17s |      5.73s |     0.593x |          0 | ✓ success
    1.0s |      1 |      3.51s |      0.00s |        1.28s |      5.64s |     0.782x |          0 | ✓ success
   10.0s |      1 |      4.26s |      0.00s |       12.78s |     18.00s |     0.783x |          0 | ✓ success
  100.0s |      1 |      3.51s |      0.00s |      126.60s |    130.99s |     0.790x |          0 | ✓ success
    0.1s |      4 |      4.32s |      0.00s |        0.67s |     21.74s |     0.598x |          0 | ✓ success
    1.0s |      4 |      4.15s |      0.00s |        5.24s |     25.89s |     0.763x |          0 | ✓ success
   10.0s |      4 |      3.47s |      0.00s |       51.49s |     68.83s |     0.777x |          0 | ✓ success
  100.0s |      4 |      3.45s |      0.00s |      489.99s |    507.19s |     0.816x |          0 | ✓ success
    0.1s |      8 |      4.26s |      0.00s |        1.17s |     42.83s |     0.684x |          0 | ✓ success
    1.0s |      8 |      3.93s |      0.00s |        9.02s |     47.72s |     0.887x |          0 | ✓ success
   10.0s |      8 |      3.48s |      0.00s |       90.06s |    124.75s |     0.888x |          0 | ✓ success
  100.0s |      8 |      3.46s |      0.00s |      987.45s |   1022.07s |     0.810x |          0 | ✓ success
    0.1s |     16 |      3.80s |      0.00s |        2.55s |     77.81s |     0.628x |          0 | ✓ success
    1.0s |     16 |      3.66s |      0.00s |       20.10s |     92.59s |     0.796x |          0 | ✓ success
   10.0s |     16 |      3.53s |      0.00s |      176.66s |    247.46s |     0.906x |          0 | ✓ success
  100.0s |     16 |      3.50s |      0.00s |     1695.28s |   1765.53s |     0.944x |          0 | ✓ success
    0.1s |     32 |      3.91s |      0.00s |        4.49s |    158.64s |     0.713x |          0 | ✓ success
    1.0s |     32 |      3.59s |      0.00s |       33.64s |    176.02s |     0.951x |          0 | ✓ success
   10.0s |     32 |      3.51s |      0.00s |      336.87s |    477.17s |     0.950x |          0 | ✓ success
  100.0s |     32 |      3.36s |      0.00s |     3212.39s |   3347.40s |     0.996x |          0 | ✓ success
--------------------------------------------------------------------------------------------------------------

[2026-07-14 22:54:39] Benchmark suite complete!
[2026-07-14 22:54:39] <<< Finished backend 2/2: NEST GPU

[2026-07-14 22:54:39] All 2 backend(s) complete.
[2026-07-14 22:54:39] Results CSV: /home/buidl/GitHub-Linux/fly-brain/data/benchmark-results.csv
[2026-07-14 22:54:39] Spike outputs disabled; no spike manifest written
