run_label,round,framework,backend_key,experiment,experiment_key,n_run,t_run,spike_path,spikes,active_neurons,status,timestamp,spike_schema_version,spike_time_column,spike_time_unit
nature_2026_07,1,Brian2 (CPU),brian2cpp,Sugar GRNs (200 Hz),sugar,1,0.1,/home/buidl/GitHub-Linux/fly-brain/data/results/nature_2026_07/round_01/brian2cpp_t0.1s_n1.parquet,1558,323,success,2026-05-22 14:10:42,1,time_ms,ms
nature_2026_07,1,Brian2 (CPU),brian2cpp,Sugar GRNs (200 Hz),sugar,1,1.0,/home/buidl/GitHub-Linux/fly-brain/data/results/nature_2026_07/round_01/brian2cpp_t1.0s_n1.parquet,16567,380,success,2026-05-22 14:10:47,1,time_ms,ms
nature_2026_07,1,Brian2 (CPU),brian2cpp,Sugar GRNs (200 Hz),sugar,1,10.0,/home/buidl/GitHub-Linux/fly-brain/data/results/nature_2026_07/round_01/brian2cpp_t10.0s_n1.parquet,170940,434,success,2026-05-22 14:11:22,1,time_ms,ms
nature_2026_07,1,Brian2 (CPU),brian2cpp,Sugar GRNs (200 Hz),sugar,1,100.0,/home/buidl/GitHub-Linux/fly-brain/data/results/nature_2026_07/round_01/brian2cpp_t100.0s_n1.parquet,1705441,458,success,2026-05-22 14:15:48,1,time_ms,ms
nature_2026_07,1,Brian2 (CPU),brian2cpp,Sugar GRNs (200 Hz),sugar,4,0.1,/home/buidl/GitHub-Linux/fly-brain/data/results/nature_2026_07/round_01/brian2cpp_t0.1s_n4.parquet,6008,357,success,2026-05-22 14:15:54,1,time_ms,ms
nature_2026_07,1,Brian2 (CPU),brian2cpp,Sugar GRNs (200 Hz),sugar,4,1.0,/home/buidl/GitHub-Linux/fly-brain/data/results/nature_2026_07/round_01/brian2cpp_t1.0s_n4.parquet,67813,430,success,2026-05-22 14:16:02,1,time_ms,ms
nature_2026_07,1,Brian2 (CPU),brian2cpp,Sugar GRNs (200 Hz),sugar,4,10.0,/home/buidl/GitHub-Linux/fly-brain/data/results/nature_2026_07/round_01/brian2cpp_t10.0s_n4.parquet,683353,446,success,2026-05-22 14:16:53,1,time_ms,ms
nature_2026_07,1,Brian2 (CPU),brian2cpp,Sugar GRNs (200 Hz),sugar,4,100.0,/home/buidl/GitHub-Linux/fly-brain/data/results/nature_2026_07/round_01/brian2cpp_t100.0s_n4.parquet,6815172,471,success,2026-05-22 14:25:27,1,time_ms,ms
nature_2026_07,1,Brian2 (CPU),brian2cpp,Sugar GRNs (200 Hz),sugar,8,0.1,/home/buidl/GitHub-Linux/fly-brain/data/results/nature_2026_07/round_01/brian2cpp_t0.1s_n8.parquet,12349,371,success,2026-05-22 14:25:32,1,time_ms,ms
nature_2026_07,1,Brian2 (CPU),brian2cpp,Sugar GRNs (200 Hz),sugar,8,1.0,/home/buidl/GitHub-Linux/fly-brain/data/results/nature_2026_07/round_01/brian2cpp_t1.0s_n8.parquet,134226,433,success,2026-05-22 14:25:47,1,time_ms,ms
nature_2026_07,1,Brian2 (CPU),brian2cpp,Sugar GRNs (200 Hz),sugar,8,10.0,/home/buidl/GitHub-Linux/fly-brain/data/results/nature_2026_07/round_01/brian2cpp_t10.0s_n8.parquet,1362699,450,success,2026-05-22 14:27:08,1,time_ms,ms
nature_2026_07,1,Brian2 (CPU),brian2cpp,Sugar GRNs (200 Hz),sugar,8,100.0,/home/buidl/GitHub-Linux/fly-brain/data/results/nature_2026_07/round_01/brian2cpp_t100.0s_n8.parquet,13656692,473,success,2026-05-22 14:40:39,1,time_ms,ms
nature_2026_07,1,Brian2 (CPU),brian2cpp,Sugar GRNs (200 Hz),sugar,16,0.1,/home/buidl/GitHub-Linux/fly-brain/data/results/nature_2026_07/round_01/brian2cpp_t0.1s_n16.parquet,24506,388,success,2026-05-22 14:40:48,1,time_ms,ms
nature_2026_07,1,Brian2 (CPU),brian2cpp,Sugar GRNs (200 Hz),sugar,16,1.0,/home/buidl/GitHub-Linux/fly-brain/data/results/nature_2026_07/round_01/brian2cpp_t1.0s_n16.parquet,270595,443,success,2026-05-22 14:41:14,1,time_ms,ms
nature_2026_07,1,Brian2 (CPU),brian2cpp,Sugar GRNs (200 Hz),sugar,16,10.0,/home/buidl/GitHub-Linux/fly-brain/data/results/nature_2026_07/round_01/brian2cpp_t10.0s_n16.parquet,2730441,458,success,2026-05-22 14:44:51,1,time_ms,ms
nature_2026_07,1,Brian2 (CPU),brian2cpp,Sugar GRNs (200 Hz),sugar,16,100.0,/home/buidl/GitHub-Linux/fly-brain/data/results/nature_2026_07/round_01/brian2cpp_t100.0s_n16.parquet,27298882,488,success,2026-05-22 15:17:33,1,time_ms,ms
nature_2026_07,1,Brian2 (CPU),brian2cpp,Sugar GRNs (200 Hz),sugar,32,0.1,/home/buidl/GitHub-Linux/fly-brain/data/results/nature_2026_07/round_01/brian2cpp_t0.1s_n32.parquet,49013,421,success,2026-05-22 15:18:00,1,time_ms,ms
nature_2026_07,1,Brian2 (CPU),brian2cpp,Sugar GRNs (200 Hz),sugar,32,1.0,/home/buidl/GitHub-Linux/fly-brain/data/results/nature_2026_07/round_01/brian2cpp_t1.0s_n32.parquet,541136,447,success,2026-05-22 15:19:06,1,time_ms,ms
nature_2026_07,1,Brian2 (CPU),brian2cpp,Sugar GRNs (200 Hz),sugar,32,10.0,/home/buidl/GitHub-Linux/fly-brain/data/results/nature_2026_07/round_01/brian2cpp_t10.0s_n32.parquet,5460985,472,success,2026-05-22 15:26:02,1,time_ms,ms
nature_2026_07,1,Brian2 (CPU),brian2cpp,Sugar GRNs (200 Hz),sugar,32,100.0,/home/buidl/GitHub-Linux/fly-brain/data/results/nature_2026_07/round_01/brian2cpp_t100.0s_n32.parquet,54594602,497,success,2026-05-22 16:30:28,1,time_ms,ms
nature_2026_07,1,Brian2CUDA (GPU),brian2cuda,Sugar GRNs (200 Hz),sugar,1,0.1,/home/buidl/GitHub-Linux/fly-brain/data/results/nature_2026_07/round_01/brian2cuda_t0.1s_n1.parquet,1545,345,success,2026-05-22 16:30:56,1,time_ms,ms
nature_2026_07,1,Brian2CUDA (GPU),brian2cuda,Sugar GRNs (200 Hz),sugar,1,1.0,/home/buidl/GitHub-Linux/fly-brain/data/results/nature_2026_07/round_01/brian2cuda_t1.0s_n1.parquet,16418,405,success,2026-05-22 16:31:25,1,time_ms,ms
nature_2026_07,1,Brian2CUDA (GPU),brian2cuda,Sugar GRNs (200 Hz),sugar,1,10.0,/home/buidl/GitHub-Linux/fly-brain/data/results/nature_2026_07/round_01/brian2cuda_t10.0s_n1.parquet,169226,439,success,2026-05-22 16:32:23,1,time_ms,ms
nature_2026_07,1,Brian2CUDA (GPU),brian2cuda,Sugar GRNs (200 Hz),sugar,1,100.0,/home/buidl/GitHub-Linux/fly-brain/data/results/nature_2026_07/round_01/brian2cuda_t100.0s_n1.parquet,1701752,449,success,2026-05-22 16:38:18,1,time_ms,ms
nature_2026_07,1,Brian2CUDA (GPU),brian2cuda,Sugar GRNs (200 Hz),sugar,4,0.1,/home/buidl/GitHub-Linux/fly-brain/data/results/nature_2026_07/round_01/brian2cuda_t0.1s_n4.parquet,6043,377,success,2026-05-22 16:39:10,1,time_ms,ms
nature_2026_07,1,Brian2CUDA (GPU),brian2cuda,Sugar GRNs (200 Hz),sugar,4,1.0,/home/buidl/GitHub-Linux/fly-brain/data/results/nature_2026_07/round_01/brian2cuda_t1.0s_n4.parquet,68142,429,success,2026-05-22 16:40:14,1,time_ms,ms
nature_2026_07,1,Brian2CUDA (GPU),brian2cuda,Sugar GRNs (200 Hz),sugar,4,10.0,/home/buidl/GitHub-Linux/fly-brain/data/results/nature_2026_07/round_01/brian2cuda_t10.0s_n4.parquet,680144,447,success,2026-05-22 16:43:15,1,time_ms,ms
nature_2026_07,1,Brian2CUDA (GPU),brian2cuda,Sugar GRNs (200 Hz),sugar,4,100.0,/home/buidl/GitHub-Linux/fly-brain/data/results/nature_2026_07/round_01/brian2cuda_t100.0s_n4.parquet,6834702,471,success,2026-05-22 17:05:52,1,time_ms,ms
nature_2026_07,1,Brian2CUDA (GPU),brian2cuda,Sugar GRNs (200 Hz),sugar,8,0.1,/home/buidl/GitHub-Linux/fly-brain/data/results/nature_2026_07/round_01/brian2cuda_t0.1s_n8.parquet,11891,386,success,2026-05-22 17:07:17,1,time_ms,ms
nature_2026_07,1,Brian2CUDA (GPU),brian2cuda,Sugar GRNs (200 Hz),sugar,8,1.0,/home/buidl/GitHub-Linux/fly-brain/data/results/nature_2026_07/round_01/brian2cuda_t1.0s_n8.parquet,135898,432,success,2026-05-22 17:09:06,1,time_ms,ms
nature_2026_07,1,Brian2CUDA (GPU),brian2cuda,Sugar GRNs (200 Hz),sugar,8,10.0,/home/buidl/GitHub-Linux/fly-brain/data/results/nature_2026_07/round_01/brian2cuda_t10.0s_n8.parquet,1361174,453,success,2026-05-22 17:14:46,1,time_ms,ms
nature_2026_07,1,Brian2CUDA (GPU),brian2cuda,Sugar GRNs (200 Hz),sugar,8,100.0,/home/buidl/GitHub-Linux/fly-brain/data/results/nature_2026_07/round_01/brian2cuda_t100.0s_n8.parquet,13650553,486,success,2026-05-22 17:59:34,1,time_ms,ms
nature_2026_07,1,Brian2CUDA (GPU),brian2cuda,Sugar GRNs (200 Hz),sugar,16,0.1,/home/buidl/GitHub-Linux/fly-brain/data/results/nature_2026_07/round_01/brian2cuda_t0.1s_n16.parquet,24230,383,success,2026-05-22 18:02:05,1,time_ms,ms
nature_2026_07,1,Brian2CUDA (GPU),brian2cuda,Sugar GRNs (200 Hz),sugar,16,1.0,/home/buidl/GitHub-Linux/fly-brain/data/results/nature_2026_07/round_01/brian2cuda_t1.0s_n16.parquet,271197,436,success,2026-05-22 18:05:24,1,time_ms,ms
nature_2026_07,1,Brian2CUDA (GPU),brian2cuda,Sugar GRNs (200 Hz),sugar,16,10.0,/home/buidl/GitHub-Linux/fly-brain/data/results/nature_2026_07/round_01/brian2cuda_t10.0s_n16.parquet,2726397,458,success,2026-05-22 18:16:27,1,time_ms,ms
nature_2026_07,1,Brian2CUDA (GPU),brian2cuda,Sugar GRNs (200 Hz),sugar,16,100.0,/home/buidl/GitHub-Linux/fly-brain/data/results/nature_2026_07/round_01/brian2cuda_t100.0s_n16.parquet,27300546,492,success,2026-05-22 19:45:45,1,time_ms,ms
nature_2026_07,1,Brian2CUDA (GPU),brian2cuda,Sugar GRNs (200 Hz),sugar,32,0.1,/home/buidl/GitHub-Linux/fly-brain/data/results/nature_2026_07/round_01/brian2cuda_t0.1s_n32.parquet,50361,412,success,2026-05-22 19:50:32,1,time_ms,ms
nature_2026_07,1,Brian2CUDA (GPU),brian2cuda,Sugar GRNs (200 Hz),sugar,32,1.0,/home/buidl/GitHub-Linux/fly-brain/data/results/nature_2026_07/round_01/brian2cuda_t1.0s_n32.parquet,539390,454,success,2026-05-22 19:56:55,1,time_ms,ms
nature_2026_07,1,Brian2CUDA (GPU),brian2cuda,Sugar GRNs (200 Hz),sugar,32,10.0,/home/buidl/GitHub-Linux/fly-brain/data/results/nature_2026_07/round_01/brian2cuda_t10.0s_n32.parquet,5461723,467,success,2026-05-22 20:18:51,1,time_ms,ms
nature_2026_07,1,Brian2CUDA (GPU),brian2cuda,Sugar GRNs (200 Hz),sugar,32,100.0,/home/buidl/GitHub-Linux/fly-brain/data/results/nature_2026_07/round_01/brian2cuda_t100.0s_n32.parquet,54594863,494,success,2026-05-22 23:24:36,1,time_ms,ms
nature_2026_07,1,PyTorch (CUDA),pytorch,Sugar GRNs (200 Hz),sugar,1,0.1,/home/buidl/GitHub-Linux/fly-brain/data/results/nature_2026_07/round_01/pytorch_t0.1s_n1.parquet,1547,341,success,2026-07-10 10:07:18,1,time_ms,ms
nature_2026_07,1,PyTorch (CUDA),pytorch,Sugar GRNs (200 Hz),sugar,1,1.0,/home/buidl/GitHub-Linux/fly-brain/data/results/nature_2026_07/round_01/pytorch_t1.0s_n1.parquet,17429,415,success,2026-07-10 10:07:27,1,time_ms,ms
nature_2026_07,1,PyTorch (CUDA),pytorch,Sugar GRNs (200 Hz),sugar,1,10.0,/home/buidl/GitHub-Linux/fly-brain/data/results/nature_2026_07/round_01/pytorch_t10.0s_n1.parquet,173976,440,success,2026-07-10 10:09:02,1,time_ms,ms
nature_2026_07,1,PyTorch (CUDA),pytorch,Sugar GRNs (200 Hz),sugar,1,100.0,/home/buidl/GitHub-Linux/fly-brain/data/results/nature_2026_07/round_01/pytorch_t100.0s_n1.parquet,1732279,458,success,2026-07-10 10:24:55,1,time_ms,ms
nature_2026_07,1,PyTorch (CUDA),pytorch,Sugar GRNs (200 Hz),sugar,4,0.1,/home/buidl/GitHub-Linux/fly-brain/data/results/nature_2026_07/round_01/pytorch_t0.1s_n4.parquet,6120,356,success,2026-07-10 10:24:59,1,time_ms,ms
nature_2026_07,1,PyTorch (CUDA),pytorch,Sugar GRNs (200 Hz),sugar,4,1.0,/home/buidl/GitHub-Linux/fly-brain/data/results/nature_2026_07/round_01/pytorch_t1.0s_n4.parquet,68487,430,success,2026-07-10 10:25:31,1,time_ms,ms
nature_2026_07,1,PyTorch (CUDA),pytorch,Sugar GRNs (200 Hz),sugar,4,10.0,/home/buidl/GitHub-Linux/fly-brain/data/results/nature_2026_07/round_01/pytorch_t10.0s_n4.parquet,695018,448,success,2026-07-10 10:30:51,1,time_ms,ms
nature_2026_07,1,PyTorch (CUDA),pytorch,Sugar GRNs (200 Hz),sugar,4,100.0,/home/buidl/GitHub-Linux/fly-brain/data/results/nature_2026_07/round_01/pytorch_t100.0s_n4.parquet,6917559,469,success,2026-07-10 11:24:13,1,time_ms,ms
nature_2026_07,1,PyTorch (CUDA),pytorch,Sugar GRNs (200 Hz),sugar,8,0.1,/home/buidl/GitHub-Linux/fly-brain/data/results/nature_2026_07/round_01/pytorch_t0.1s_n8.parquet,12484,369,success,2026-07-10 11:24:19,1,time_ms,ms
nature_2026_07,1,PyTorch (CUDA),pytorch,Sugar GRNs (200 Hz),sugar,8,1.0,/home/buidl/GitHub-Linux/fly-brain/data/results/nature_2026_07/round_01/pytorch_t1.0s_n8.parquet,137489,436,success,2026-07-10 11:25:07,1,time_ms,ms
nature_2026_07,1,PyTorch (CUDA),pytorch,Sugar GRNs (200 Hz),sugar,8,10.0,/home/buidl/GitHub-Linux/fly-brain/data/results/nature_2026_07/round_01/pytorch_t10.0s_n8.parquet,1389391,449,success,2026-07-10 11:33:01,1,time_ms,ms
nature_2026_07,1,PyTorch (CUDA),pytorch,Sugar GRNs (200 Hz),sugar,8,100.0,/home/buidl/GitHub-Linux/fly-brain/data/results/nature_2026_07/round_01/pytorch_t100.0s_n8.parquet,13841850,479,success,2026-07-10 12:52:16,1,time_ms,ms
nature_2026_07,1,PyTorch (CUDA),pytorch,Sugar GRNs (200 Hz),sugar,16,0.1,/home/buidl/GitHub-Linux/fly-brain/data/results/nature_2026_07/round_01/pytorch_t0.1s_n16.parquet,25455,398,success,2026-07-10 12:52:24,1,time_ms,ms
nature_2026_07,1,PyTorch (CUDA),pytorch,Sugar GRNs (200 Hz),sugar,16,1.0,/home/buidl/GitHub-Linux/fly-brain/data/results/nature_2026_07/round_01/pytorch_t1.0s_n16.parquet,276013,446,success,2026-07-10 12:53:53,1,time_ms,ms
nature_2026_07,1,PyTorch (CUDA),pytorch,Sugar GRNs (200 Hz),sugar,16,10.0,/home/buidl/GitHub-Linux/fly-brain/data/results/nature_2026_07/round_01/pytorch_t10.0s_n16.parquet,2765549,473,success,2026-07-10 13:08:33,1,time_ms,ms
nature_2026_07,1,PyTorch (CUDA),pytorch,Sugar GRNs (200 Hz),sugar,16,100.0,/home/buidl/GitHub-Linux/fly-brain/data/results/nature_2026_07/round_01/pytorch_t100.0s_n16.parquet,27688830,494,success,2026-07-10 15:34:36,1,time_ms,ms
nature_2026_07,1,PyTorch (CUDA),pytorch,Sugar GRNs (200 Hz),sugar,32,0.1,/home/buidl/GitHub-Linux/fly-brain/data/results/nature_2026_07/round_01/pytorch_t0.1s_n32.parquet,50858,408,success,2026-07-10 15:34:54,1,time_ms,ms
nature_2026_07,1,PyTorch (CUDA),pytorch,Sugar GRNs (200 Hz),sugar,32,1.0,/home/buidl/GitHub-Linux/fly-brain/data/results/nature_2026_07/round_01/pytorch_t1.0s_n32.parquet,549457,450,success,2026-07-10 15:37:48,1,time_ms,ms
nature_2026_07,1,PyTorch (CUDA),pytorch,Sugar GRNs (200 Hz),sugar,32,10.0,/home/buidl/GitHub-Linux/fly-brain/data/results/nature_2026_07/round_01/pytorch_t10.0s_n32.parquet,5534907,465,success,2026-07-10 16:06:50,1,time_ms,ms
nature_2026_07,1,PyTorch (CUDA),pytorch,Sugar GRNs (200 Hz),sugar,32,100.0,/home/buidl/GitHub-Linux/fly-brain/data/results/nature_2026_07/round_01/pytorch_t100.0s_n32.parquet,55381116,496,success,2026-07-10 21:06:16,1,time_ms,ms
nature_2026_07,1,NEST GPU,nestgpu,Sugar GRNs (200 Hz),sugar,1,0.1,/home/buidl/GitHub-Linux/fly-brain/data/results/nature_2026_07/round_01/nestgpu_t0.1s_n1.parquet,1472,338,success,2026-07-10 21:06:23,1,time_ms,ms
nature_2026_07,1,NEST GPU,nestgpu,Sugar GRNs (200 Hz),sugar,1,1.0,/home/buidl/GitHub-Linux/fly-brain/data/results/nature_2026_07/round_01/nestgpu_t1.0s_n1.parquet,17233,412,success,2026-07-10 21:06:29,1,time_ms,ms
nature_2026_07,1,NEST GPU,nestgpu,Sugar GRNs (200 Hz),sugar,1,10.0,/home/buidl/GitHub-Linux/fly-brain/data/results/nature_2026_07/round_01/nestgpu_t10.0s_n1.parquet,172561,433,success,2026-07-10 21:06:46,1,time_ms,ms
nature_2026_07,1,NEST GPU,nestgpu,Sugar GRNs (200 Hz),sugar,1,100.0,/home/buidl/GitHub-Linux/fly-brain/data/results/nature_2026_07/round_01/nestgpu_t100.0s_n1.parquet,1727992,456,success,2026-07-10 21:08:44,1,time_ms,ms
nature_2026_07,1,NEST GPU,nestgpu,Sugar GRNs (200 Hz),sugar,4,0.1,/home/buidl/GitHub-Linux/fly-brain/data/results/nature_2026_07/round_01/nestgpu_t0.1s_n4.parquet,5888,338,success,2026-07-10 21:09:06,1,time_ms,ms
nature_2026_07,1,NEST GPU,nestgpu,Sugar GRNs (200 Hz),sugar,4,1.0,/home/buidl/GitHub-Linux/fly-brain/data/results/nature_2026_07/round_01/nestgpu_t1.0s_n4.parquet,68932,412,success,2026-07-10 21:09:30,1,time_ms,ms
nature_2026_07,1,NEST GPU,nestgpu,Sugar GRNs (200 Hz),sugar,4,10.0,/home/buidl/GitHub-Linux/fly-brain/data/results/nature_2026_07/round_01/nestgpu_t10.0s_n4.parquet,690244,433,success,2026-07-10 21:10:35,1,time_ms,ms
nature_2026_07,1,NEST GPU,nestgpu,Sugar GRNs (200 Hz),sugar,4,100.0,/home/buidl/GitHub-Linux/fly-brain/data/results/nature_2026_07/round_01/nestgpu_t100.0s_n4.parquet,6911968,456,success,2026-07-10 21:18:31,1,time_ms,ms
nature_2026_07,1,NEST GPU,nestgpu,Sugar GRNs (200 Hz),sugar,8,0.1,/home/buidl/GitHub-Linux/fly-brain/data/results/nature_2026_07/round_01/nestgpu_t0.1s_n8.parquet,11776,338,success,2026-07-10 21:19:12,1,time_ms,ms
nature_2026_07,1,NEST GPU,nestgpu,Sugar GRNs (200 Hz),sugar,8,1.0,/home/buidl/GitHub-Linux/fly-brain/data/results/nature_2026_07/round_01/nestgpu_t1.0s_n8.parquet,137864,412,success,2026-07-10 21:20:00,1,time_ms,ms
nature_2026_07,1,NEST GPU,nestgpu,Sugar GRNs (200 Hz),sugar,8,10.0,/home/buidl/GitHub-Linux/fly-brain/data/results/nature_2026_07/round_01/nestgpu_t10.0s_n8.parquet,1380488,433,success,2026-07-10 21:22:01,1,time_ms,ms
nature_2026_07,1,NEST GPU,nestgpu,Sugar GRNs (200 Hz),sugar,8,100.0,/home/buidl/GitHub-Linux/fly-brain/data/results/nature_2026_07/round_01/nestgpu_t100.0s_n8.parquet,13823936,456,success,2026-07-10 21:37:27,1,time_ms,ms
nature_2026_07,1,NEST GPU,nestgpu,Sugar GRNs (200 Hz),sugar,16,0.1,/home/buidl/GitHub-Linux/fly-brain/data/results/nature_2026_07/round_01/nestgpu_t0.1s_n16.parquet,23552,338,success,2026-07-10 21:38:51,1,time_ms,ms
nature_2026_07,1,NEST GPU,nestgpu,Sugar GRNs (200 Hz),sugar,16,1.0,/home/buidl/GitHub-Linux/fly-brain/data/results/nature_2026_07/round_01/nestgpu_t1.0s_n16.parquet,275728,412,success,2026-07-10 21:40:29,1,time_ms,ms
nature_2026_07,1,NEST GPU,nestgpu,Sugar GRNs (200 Hz),sugar,16,10.0,/home/buidl/GitHub-Linux/fly-brain/data/results/nature_2026_07/round_01/nestgpu_t10.0s_n16.parquet,2760976,433,success,2026-07-10 21:46:52,1,time_ms,ms
nature_2026_07,1,NEST GPU,nestgpu,Sugar GRNs (200 Hz),sugar,16,100.0,/home/buidl/GitHub-Linux/fly-brain/data/results/nature_2026_07/round_01/nestgpu_t100.0s_n16.parquet,27647872,456,success,2026-07-10 22:48:50,1,time_ms,ms
nature_2026_07,1,NEST GPU,nestgpu,Sugar GRNs (200 Hz),sugar,32,0.1,/home/buidl/GitHub-Linux/fly-brain/data/results/nature_2026_07/round_01/nestgpu_t0.1s_n32.parquet,47104,338,success,2026-07-10 22:51:47,1,time_ms,ms
nature_2026_07,1,NEST GPU,nestgpu,Sugar GRNs (200 Hz),sugar,32,1.0,/home/buidl/GitHub-Linux/fly-brain/data/results/nature_2026_07/round_01/nestgpu_t1.0s_n32.parquet,551456,412,success,2026-07-10 22:55:38,1,time_ms,ms
nature_2026_07,1,NEST GPU,nestgpu,Sugar GRNs (200 Hz),sugar,32,10.0,/home/buidl/GitHub-Linux/fly-brain/data/results/nature_2026_07/round_01/nestgpu_t10.0s_n32.parquet,5521952,433,success,2026-07-10 23:07:42,1,time_ms,ms
nature_2026_07,1,NEST GPU,nestgpu,Sugar GRNs (200 Hz),sugar,32,100.0,/home/buidl/GitHub-Linux/fly-brain/data/results/nature_2026_07/round_01/nestgpu_t100.0s_n32.parquet,55295744,456,success,2026-07-11 00:07:08,1,time_ms,ms
nature_2026_07,1,GeNN (GPU),genn,Sugar GRNs (200 Hz),sugar,1,0.1,/home/buidl/GitHub-Linux/fly-brain/data/results/nature_2026_07/round_01/genn_t0.1s_n1.parquet,1443,315,success,2026-06-06 17:51:33,1,time_ms,ms
nature_2026_07,1,GeNN (GPU),genn,Sugar GRNs (200 Hz),sugar,1,1.0,/home/buidl/GitHub-Linux/fly-brain/data/results/nature_2026_07/round_01/genn_t1.0s_n1.parquet,16978,386,success,2026-06-06 17:51:48,1,time_ms,ms
nature_2026_07,1,GeNN (GPU),genn,Sugar GRNs (200 Hz),sugar,1,10.0,/home/buidl/GitHub-Linux/fly-brain/data/results/nature_2026_07/round_01/genn_t10.0s_n1.parquet,173131,438,success,2026-06-06 17:52:12,1,time_ms,ms
nature_2026_07,1,GeNN (GPU),genn,Sugar GRNs (200 Hz),sugar,1,100.0,/home/buidl/GitHub-Linux/fly-brain/data/results/nature_2026_07/round_01/genn_t100.0s_n1.parquet,1725771,466,success,2026-06-06 17:53:24,1,time_ms,ms
nature_2026_07,1,GeNN (GPU),genn,Sugar GRNs (200 Hz),sugar,4,0.1,/home/buidl/GitHub-Linux/fly-brain/data/results/nature_2026_07/round_01/genn_t0.1s_n4.parquet,6217,363,success,2026-06-06 17:53:40,1,time_ms,ms
nature_2026_07,1,GeNN (GPU),genn,Sugar GRNs (200 Hz),sugar,4,1.0,/home/buidl/GitHub-Linux/fly-brain/data/results/nature_2026_07/round_01/genn_t1.0s_n4.parquet,68189,434,success,2026-06-06 17:53:55,1,time_ms,ms
nature_2026_07,1,GeNN (GPU),genn,Sugar GRNs (200 Hz),sugar,4,10.0,/home/buidl/GitHub-Linux/fly-brain/data/results/nature_2026_07/round_01/genn_t10.0s_n4.parquet,690425,447,success,2026-06-06 17:54:25,1,time_ms,ms
nature_2026_07,1,GeNN (GPU),genn,Sugar GRNs (200 Hz),sugar,4,100.0,/home/buidl/GitHub-Linux/fly-brain/data/results/nature_2026_07/round_01/genn_t100.0s_n4.parquet,6900210,480,success,2026-06-06 17:56:15,1,time_ms,ms
nature_2026_07,1,GeNN (GPU),genn,Sugar GRNs (200 Hz),sugar,8,0.1,/home/buidl/GitHub-Linux/fly-brain/data/results/nature_2026_07/round_01/genn_t0.1s_n8.parquet,12458,375,success,2026-06-06 17:56:31,1,time_ms,ms
nature_2026_07,1,GeNN (GPU),genn,Sugar GRNs (200 Hz),sugar,8,1.0,/home/buidl/GitHub-Linux/fly-brain/data/results/nature_2026_07/round_01/genn_t1.0s_n8.parquet,136329,436,success,2026-06-06 17:56:49,1,time_ms,ms
nature_2026_07,1,GeNN (GPU),genn,Sugar GRNs (200 Hz),sugar,8,10.0,/home/buidl/GitHub-Linux/fly-brain/data/results/nature_2026_07/round_01/genn_t10.0s_n8.parquet,1379181,458,success,2026-06-06 17:57:35,1,time_ms,ms
nature_2026_07,1,GeNN (GPU),genn,Sugar GRNs (200 Hz),sugar,8,100.0,/home/buidl/GitHub-Linux/fly-brain/data/results/nature_2026_07/round_01/genn_t100.0s_n8.parquet,13807796,486,success,2026-06-06 18:00:43,1,time_ms,ms
nature_2026_07,1,GeNN (GPU),genn,Sugar GRNs (200 Hz),sugar,16,0.1,/home/buidl/GitHub-Linux/fly-brain/data/results/nature_2026_07/round_01/genn_t0.1s_n16.parquet,25173,399,success,2026-06-06 18:01:01,1,time_ms,ms
nature_2026_07,1,GeNN (GPU),genn,Sugar GRNs (200 Hz),sugar,16,1.0,/home/buidl/GitHub-Linux/fly-brain/data/results/nature_2026_07/round_01/genn_t1.0s_n16.parquet,273580,444,success,2026-06-06 18:01:27,1,time_ms,ms
nature_2026_07,1,GeNN (GPU),genn,Sugar GRNs (200 Hz),sugar,16,10.0,/home/buidl/GitHub-Linux/fly-brain/data/results/nature_2026_07/round_01/genn_t10.0s_n16.parquet,2754818,463,success,2026-06-06 18:03:26,1,time_ms,ms
nature_2026_07,1,GeNN (GPU),genn,Sugar GRNs (200 Hz),sugar,16,100.0,/home/buidl/GitHub-Linux/fly-brain/data/results/nature_2026_07/round_01/genn_t100.0s_n16.parquet,27622970,493,success,2026-06-06 18:28:30,1,time_ms,ms
nature_2026_07,1,GeNN (GPU),genn,Sugar GRNs (200 Hz),sugar,32,0.1,/home/buidl/GitHub-Linux/fly-brain/data/results/nature_2026_07/round_01/genn_t0.1s_n32.parquet,50115,409,success,2026-06-06 18:28:52,1,time_ms,ms
nature_2026_07,1,GeNN (GPU),genn,Sugar GRNs (200 Hz),sugar,32,1.0,/home/buidl/GitHub-Linux/fly-brain/data/results/nature_2026_07/round_01/genn_t1.0s_n32.parquet,547221,452,success,2026-06-06 18:29:57,1,time_ms,ms
nature_2026_07,1,GeNN (GPU),genn,Sugar GRNs (200 Hz),sugar,32,10.0,/home/buidl/GitHub-Linux/fly-brain/data/results/nature_2026_07/round_01/genn_t10.0s_n32.parquet,5515961,503,success,2026-06-06 18:35:40,1,time_ms,ms
nature_2026_07,1,GeNN (GPU),genn,Sugar GRNs (200 Hz),sugar,32,100.0,/home/buidl/GitHub-Linux/fly-brain/data/results/nature_2026_07/round_01/genn_t100.0s_n32.parquet,55256757,522,success,2026-06-06 19:28:16,1,time_ms,ms
nature_2026_07,1,Brian2GeNN (GPU),brian2genn,Sugar GRNs (200 Hz),sugar,1,0.1,/home/buidl/GitHub-Linux/fly-brain/data/results/nature_2026_07/round_01/brian2genn_t0.1s_n1.parquet,1520,331,success,2026-06-07 02:17:08,1,time_ms,ms
nature_2026_07,1,Brian2GeNN (GPU),brian2genn,Sugar GRNs (200 Hz),sugar,1,1.0,/home/buidl/GitHub-Linux/fly-brain/data/results/nature_2026_07/round_01/brian2genn_t1.0s_n1.parquet,16738,383,success,2026-06-07 02:17:38,1,time_ms,ms
nature_2026_07,1,Brian2GeNN (GPU),brian2genn,Sugar GRNs (200 Hz),sugar,1,10.0,/home/buidl/GitHub-Linux/fly-brain/data/results/nature_2026_07/round_01/brian2genn_t10.0s_n1.parquet,169551,434,success,2026-06-07 02:18:24,1,time_ms,ms
nature_2026_07,1,Brian2GeNN (GPU),brian2genn,Sugar GRNs (200 Hz),sugar,1,100.0,/home/buidl/GitHub-Linux/fly-brain/data/results/nature_2026_07/round_01/brian2genn_t100.0s_n1.parquet,1706070,455,success,2026-06-07 02:22:04,1,time_ms,ms
nature_2026_07,1,Brian2GeNN (GPU),brian2genn,Sugar GRNs (200 Hz),sugar,4,0.1,/home/buidl/GitHub-Linux/fly-brain/data/results/nature_2026_07/round_01/brian2genn_t0.1s_n4.parquet,6353,367,success,2026-06-07 02:23:57,1,time_ms,ms
nature_2026_07,1,Brian2GeNN (GPU),brian2genn,Sugar GRNs (200 Hz),sugar,4,1.0,/home/buidl/GitHub-Linux/fly-brain/data/results/nature_2026_07/round_01/brian2genn_t1.0s_n4.parquet,67797,415,success,2026-06-07 02:25:58,1,time_ms,ms
nature_2026_07,1,Brian2GeNN (GPU),brian2genn,Sugar GRNs (200 Hz),sugar,4,10.0,/home/buidl/GitHub-Linux/fly-brain/data/results/nature_2026_07/round_01/brian2genn_t10.0s_n4.parquet,679613,446,success,2026-06-07 02:29:07,1,time_ms,ms
nature_2026_07,1,Brian2GeNN (GPU),brian2genn,Sugar GRNs (200 Hz),sugar,4,100.0,/home/buidl/GitHub-Linux/fly-brain/data/results/nature_2026_07/round_01/brian2genn_t100.0s_n4.parquet,6823577,474,success,2026-06-07 02:43:50,1,time_ms,ms
nature_2026_07,1,Brian2GeNN (GPU),brian2genn,Sugar GRNs (200 Hz),sugar,8,0.1,/home/buidl/GitHub-Linux/fly-brain/data/results/nature_2026_07/round_01/brian2genn_t0.1s_n8.parquet,12412,384,success,2026-06-07 02:47:42,1,time_ms,ms
nature_2026_07,1,Brian2GeNN (GPU),brian2genn,Sugar GRNs (200 Hz),sugar,8,1.0,/home/buidl/GitHub-Linux/fly-brain/data/results/nature_2026_07/round_01/brian2genn_t1.0s_n8.parquet,134384,431,success,2026-06-07 02:51:45,1,time_ms,ms
nature_2026_07,1,Brian2GeNN (GPU),brian2genn,Sugar GRNs (200 Hz),sugar,8,10.0,/home/buidl/GitHub-Linux/fly-brain/data/results/nature_2026_07/round_01/brian2genn_t10.0s_n8.parquet,1361551,449,success,2026-06-07 02:58:05,1,time_ms,ms
nature_2026_07,1,Brian2GeNN (GPU),brian2genn,Sugar GRNs (200 Hz),sugar,8,100.0,/home/buidl/GitHub-Linux/fly-brain/data/results/nature_2026_07/round_01/brian2genn_t100.0s_n8.parquet,13664198,485,success,2026-06-07 03:27:48,1,time_ms,ms
nature_2026_07,1,Brian2GeNN (GPU),brian2genn,Sugar GRNs (200 Hz),sugar,16,0.1,/home/buidl/GitHub-Linux/fly-brain/data/results/nature_2026_07/round_01/brian2genn_t0.1s_n16.parquet,24663,407,success,2026-06-07 03:35:24,1,time_ms,ms
nature_2026_07,1,Brian2GeNN (GPU),brian2genn,Sugar GRNs (200 Hz),sugar,16,1.0,/home/buidl/GitHub-Linux/fly-brain/data/results/nature_2026_07/round_01/brian2genn_t1.0s_n16.parquet,269233,437,success,2026-06-07 03:43:32,1,time_ms,ms
nature_2026_07,1,Brian2GeNN (GPU),brian2genn,Sugar GRNs (200 Hz),sugar,16,10.0,/home/buidl/GitHub-Linux/fly-brain/data/results/nature_2026_07/round_01/brian2genn_t10.0s_n16.parquet,2722130,451,success,2026-06-07 03:56:29,1,time_ms,ms
nature_2026_07,1,Brian2GeNN (GPU),brian2genn,Sugar GRNs (200 Hz),sugar,16,100.0,/home/buidl/GitHub-Linux/fly-brain/data/results/nature_2026_07/round_01/brian2genn_t100.0s_n16.parquet,27305954,492,success,2026-06-07 04:55:53,1,time_ms,ms
nature_2026_07,1,Brian2GeNN (GPU),brian2genn,Sugar GRNs (200 Hz),sugar,32,0.1,/home/buidl/GitHub-Linux/fly-brain/data/results/nature_2026_07/round_01/brian2genn_t0.1s_n32.parquet,49389,421,success,2026-06-07 05:11:09,1,time_ms,ms
nature_2026_07,1,Brian2GeNN (GPU),brian2genn,Sugar GRNs (200 Hz),sugar,32,1.0,/home/buidl/GitHub-Linux/fly-brain/data/results/nature_2026_07/round_01/brian2genn_t1.0s_n32.parquet,540154,443,success,2026-06-07 05:27:32,1,time_ms,ms
nature_2026_07,1,Brian2GeNN (GPU),brian2genn,Sugar GRNs (200 Hz),sugar,32,10.0,/home/buidl/GitHub-Linux/fly-brain/data/results/nature_2026_07/round_01/brian2genn_t10.0s_n32.parquet,5448530,467,success,2026-06-07 05:53:42,1,time_ms,ms
nature_2026_07,1,Brian2GeNN (GPU),brian2genn,Sugar GRNs (200 Hz),sugar,32,100.0,/home/buidl/GitHub-Linux/fly-brain/data/results/nature_2026_07/round_01/brian2genn_t100.0s_n32.parquet,54600041,495,success,2026-06-07 07:54:07,1,time_ms,ms
nature_2026_07,2,Brian2 (CPU),brian2cpp,Sugar GRNs (200 Hz),sugar,1,0.1,/home/buidl/GitHub-Linux/fly-brain/data/results/nature_2026_07/round_02/brian2cpp_t0.1s_n1.parquet,1574,325,success,2026-05-23 01:48:12,1,time_ms,ms
nature_2026_07,2,Brian2 (CPU),brian2cpp,Sugar GRNs (200 Hz),sugar,1,1.0,/home/buidl/GitHub-Linux/fly-brain/data/results/nature_2026_07/round_02/brian2cpp_t1.0s_n1.parquet,17011,397,success,2026-05-23 01:48:19,1,time_ms,ms
nature_2026_07,2,Brian2 (CPU),brian2cpp,Sugar GRNs (200 Hz),sugar,1,10.0,/home/buidl/GitHub-Linux/fly-brain/data/results/nature_2026_07/round_02/brian2cpp_t10.0s_n1.parquet,170998,437,success,2026-05-23 01:48:43,1,time_ms,ms
nature_2026_07,2,Brian2 (CPU),brian2cpp,Sugar GRNs (200 Hz),sugar,1,100.0,/home/buidl/GitHub-Linux/fly-brain/data/results/nature_2026_07/round_02/brian2cpp_t100.0s_n1.parquet,1706927,459,success,2026-05-23 01:53:22,1,time_ms,ms
nature_2026_07,2,Brian2 (CPU),brian2cpp,Sugar GRNs (200 Hz),sugar,4,0.1,/home/buidl/GitHub-Linux/fly-brain/data/results/nature_2026_07/round_02/brian2cpp_t0.1s_n4.parquet,6252,374,success,2026-05-23 01:53:24,1,time_ms,ms
nature_2026_07,2,Brian2 (CPU),brian2cpp,Sugar GRNs (200 Hz),sugar,4,1.0,/home/buidl/GitHub-Linux/fly-brain/data/results/nature_2026_07/round_02/brian2cpp_t1.0s_n4.parquet,67036,421,success,2026-05-23 01:53:32,1,time_ms,ms
nature_2026_07,2,Brian2 (CPU),brian2cpp,Sugar GRNs (200 Hz),sugar,4,10.0,/home/buidl/GitHub-Linux/fly-brain/data/results/nature_2026_07/round_02/brian2cpp_t10.0s_n4.parquet,681585,447,success,2026-05-23 01:54:18,1,time_ms,ms
nature_2026_07,2,Brian2 (CPU),brian2cpp,Sugar GRNs (200 Hz),sugar,4,100.0,/home/buidl/GitHub-Linux/fly-brain/data/results/nature_2026_07/round_02/brian2cpp_t100.0s_n4.parquet,6836569,473,success,2026-05-23 02:02:18,1,time_ms,ms
nature_2026_07,2,Brian2 (CPU),brian2cpp,Sugar GRNs (200 Hz),sugar,8,0.1,/home/buidl/GitHub-Linux/fly-brain/data/results/nature_2026_07/round_02/brian2cpp_t0.1s_n8.parquet,12635,389,success,2026-05-23 02:02:23,1,time_ms,ms
nature_2026_07,2,Brian2 (CPU),brian2cpp,Sugar GRNs (200 Hz),sugar,8,1.0,/home/buidl/GitHub-Linux/fly-brain/data/results/nature_2026_07/round_02/brian2cpp_t1.0s_n8.parquet,134305,434,success,2026-05-23 02:02:35,1,time_ms,ms
nature_2026_07,2,Brian2 (CPU),brian2cpp,Sugar GRNs (200 Hz),sugar,8,10.0,/home/buidl/GitHub-Linux/fly-brain/data/results/nature_2026_07/round_02/brian2cpp_t10.0s_n8.parquet,1365363,450,success,2026-05-23 02:03:50,1,time_ms,ms
nature_2026_07,2,Brian2 (CPU),brian2cpp,Sugar GRNs (200 Hz),sugar,8,100.0,/home/buidl/GitHub-Linux/fly-brain/data/results/nature_2026_07/round_02/brian2cpp_t100.0s_n8.parquet,13654654,473,success,2026-05-23 02:15:55,1,time_ms,ms
nature_2026_07,2,Brian2 (CPU),brian2cpp,Sugar GRNs (200 Hz),sugar,16,0.1,/home/buidl/GitHub-Linux/fly-brain/data/results/nature_2026_07/round_02/brian2cpp_t0.1s_n16.parquet,24918,406,success,2026-05-23 02:16:04,1,time_ms,ms
nature_2026_07,2,Brian2 (CPU),brian2cpp,Sugar GRNs (200 Hz),sugar,16,1.0,/home/buidl/GitHub-Linux/fly-brain/data/results/nature_2026_07/round_02/brian2cpp_t1.0s_n16.parquet,269016,437,success,2026-05-23 02:16:27,1,time_ms,ms
nature_2026_07,2,Brian2 (CPU),brian2cpp,Sugar GRNs (200 Hz),sugar,16,10.0,/home/buidl/GitHub-Linux/fly-brain/data/results/nature_2026_07/round_02/brian2cpp_t10.0s_n16.parquet,2730045,467,success,2026-05-23 02:19:49,1,time_ms,ms
nature_2026_07,2,Brian2 (CPU),brian2cpp,Sugar GRNs (200 Hz),sugar,16,100.0,/home/buidl/GitHub-Linux/fly-brain/data/results/nature_2026_07/round_02/brian2cpp_t100.0s_n16.parquet,27301735,492,success,2026-05-23 02:50:46,1,time_ms,ms
nature_2026_07,2,Brian2 (CPU),brian2cpp,Sugar GRNs (200 Hz),sugar,32,0.1,/home/buidl/GitHub-Linux/fly-brain/data/results/nature_2026_07/round_02/brian2cpp_t0.1s_n32.parquet,49406,394,success,2026-05-23 02:51:07,1,time_ms,ms
nature_2026_07,2,Brian2 (CPU),brian2cpp,Sugar GRNs (200 Hz),sugar,32,1.0,/home/buidl/GitHub-Linux/fly-brain/data/results/nature_2026_07/round_02/brian2cpp_t1.0s_n32.parquet,541337,448,success,2026-05-23 02:52:16,1,time_ms,ms
nature_2026_07,2,Brian2 (CPU),brian2cpp,Sugar GRNs (200 Hz),sugar,32,10.0,/home/buidl/GitHub-Linux/fly-brain/data/results/nature_2026_07/round_02/brian2cpp_t10.0s_n32.parquet,5460685,470,success,2026-05-23 02:59:16,1,time_ms,ms
nature_2026_07,2,Brian2 (CPU),brian2cpp,Sugar GRNs (200 Hz),sugar,32,100.0,/home/buidl/GitHub-Linux/fly-brain/data/results/nature_2026_07/round_02/brian2cpp_t100.0s_n32.parquet,54592169,499,success,2026-05-23 04:04:41,1,time_ms,ms
nature_2026_07,2,Brian2CUDA (GPU),brian2cuda,Sugar GRNs (200 Hz),sugar,1,0.1,/home/buidl/GitHub-Linux/fly-brain/data/results/nature_2026_07/round_02/brian2cuda_t0.1s_n1.parquet,1425,322,success,2026-05-23 04:05:10,1,time_ms,ms
nature_2026_07,2,Brian2CUDA (GPU),brian2cuda,Sugar GRNs (200 Hz),sugar,1,1.0,/home/buidl/GitHub-Linux/fly-brain/data/results/nature_2026_07/round_02/brian2cuda_t1.0s_n1.parquet,16958,391,success,2026-05-23 04:05:38,1,time_ms,ms
nature_2026_07,2,Brian2CUDA (GPU),brian2cuda,Sugar GRNs (200 Hz),sugar,1,10.0,/home/buidl/GitHub-Linux/fly-brain/data/results/nature_2026_07/round_02/brian2cuda_t10.0s_n1.parquet,171063,431,success,2026-05-23 04:06:36,1,time_ms,ms
nature_2026_07,2,Brian2CUDA (GPU),brian2cuda,Sugar GRNs (200 Hz),sugar,1,100.0,/home/buidl/GitHub-Linux/fly-brain/data/results/nature_2026_07/round_02/brian2cuda_t100.0s_n1.parquet,1708480,460,success,2026-05-23 04:12:32,1,time_ms,ms
nature_2026_07,2,Brian2CUDA (GPU),brian2cuda,Sugar GRNs (200 Hz),sugar,4,0.1,/home/buidl/GitHub-Linux/fly-brain/data/results/nature_2026_07/round_02/brian2cuda_t0.1s_n4.parquet,6251,364,success,2026-05-23 04:13:23,1,time_ms,ms
nature_2026_07,2,Brian2CUDA (GPU),brian2cuda,Sugar GRNs (200 Hz),sugar,4,1.0,/home/buidl/GitHub-Linux/fly-brain/data/results/nature_2026_07/round_02/brian2cuda_t1.0s_n4.parquet,68154,427,success,2026-05-23 04:14:28,1,time_ms,ms
nature_2026_07,2,Brian2CUDA (GPU),brian2cuda,Sugar GRNs (200 Hz),sugar,4,10.0,/home/buidl/GitHub-Linux/fly-brain/data/results/nature_2026_07/round_02/brian2cuda_t10.0s_n4.parquet,683896,445,success,2026-05-23 04:17:26,1,time_ms,ms
nature_2026_07,2,Brian2CUDA (GPU),brian2cuda,Sugar GRNs (200 Hz),sugar,4,100.0,/home/buidl/GitHub-Linux/fly-brain/data/results/nature_2026_07/round_02/brian2cuda_t100.0s_n4.parquet,6826283,481,success,2026-05-23 04:40:06,1,time_ms,ms
nature_2026_07,2,Brian2CUDA (GPU),brian2cuda,Sugar GRNs (200 Hz),sugar,8,0.1,/home/buidl/GitHub-Linux/fly-brain/data/results/nature_2026_07/round_02/brian2cuda_t0.1s_n8.parquet,11838,370,success,2026-05-23 04:41:29,1,time_ms,ms
nature_2026_07,2,Brian2CUDA (GPU),brian2cuda,Sugar GRNs (200 Hz),sugar,8,1.0,/home/buidl/GitHub-Linux/fly-brain/data/results/nature_2026_07/round_02/brian2cuda_t1.0s_n8.parquet,133735,434,success,2026-05-23 04:43:16,1,time_ms,ms
nature_2026_07,2,Brian2CUDA (GPU),brian2cuda,Sugar GRNs (200 Hz),sugar,8,10.0,/home/buidl/GitHub-Linux/fly-brain/data/results/nature_2026_07/round_02/brian2cuda_t10.0s_n8.parquet,1362831,461,success,2026-05-23 04:48:58,1,time_ms,ms
nature_2026_07,2,Brian2CUDA (GPU),brian2cuda,Sugar GRNs (200 Hz),sugar,8,100.0,/home/buidl/GitHub-Linux/fly-brain/data/results/nature_2026_07/round_02/brian2cuda_t100.0s_n8.parquet,13661678,477,success,2026-05-23 05:34:07,1,time_ms,ms
nature_2026_07,2,Brian2CUDA (GPU),brian2cuda,Sugar GRNs (200 Hz),sugar,16,0.1,/home/buidl/GitHub-Linux/fly-brain/data/results/nature_2026_07/round_02/brian2cuda_t0.1s_n16.parquet,24521,387,success,2026-05-23 05:36:40,1,time_ms,ms
nature_2026_07,2,Brian2CUDA (GPU),brian2cuda,Sugar GRNs (200 Hz),sugar,16,1.0,/home/buidl/GitHub-Linux/fly-brain/data/results/nature_2026_07/round_02/brian2cuda_t1.0s_n16.parquet,271861,442,success,2026-05-23 05:39:59,1,time_ms,ms
nature_2026_07,2,Brian2CUDA (GPU),brian2cuda,Sugar GRNs (200 Hz),sugar,16,10.0,/home/buidl/GitHub-Linux/fly-brain/data/results/nature_2026_07/round_02/brian2cuda_t10.0s_n16.parquet,2725057,459,success,2026-05-23 05:51:04,1,time_ms,ms
nature_2026_07,2,Brian2CUDA (GPU),brian2cuda,Sugar GRNs (200 Hz),sugar,16,100.0,/home/buidl/GitHub-Linux/fly-brain/data/results/nature_2026_07/round_02/brian2cuda_t100.0s_n16.parquet,27300588,487,success,2026-05-23 07:21:16,1,time_ms,ms
nature_2026_07,2,Brian2CUDA (GPU),brian2cuda,Sugar GRNs (200 Hz),sugar,32,0.1,/home/buidl/GitHub-Linux/fly-brain/data/results/nature_2026_07/round_02/brian2cuda_t0.1s_n32.parquet,49097,394,success,2026-05-23 07:26:14,1,time_ms,ms
nature_2026_07,2,Brian2CUDA (GPU),brian2cuda,Sugar GRNs (200 Hz),sugar,32,1.0,/home/buidl/GitHub-Linux/fly-brain/data/results/nature_2026_07/round_02/brian2cuda_t1.0s_n32.parquet,543806,444,success,2026-05-23 07:32:46,1,time_ms,ms
nature_2026_07,2,Brian2CUDA (GPU),brian2cuda,Sugar GRNs (200 Hz),sugar,32,10.0,/home/buidl/GitHub-Linux/fly-brain/data/results/nature_2026_07/round_02/brian2cuda_t10.0s_n32.parquet,5461415,485,success,2026-05-23 07:55:41,1,time_ms,ms
nature_2026_07,2,Brian2CUDA (GPU),brian2cuda,Sugar GRNs (200 Hz),sugar,32,100.0,/home/buidl/GitHub-Linux/fly-brain/data/results/nature_2026_07/round_02/brian2cuda_t100.0s_n32.parquet,54613477,495,success,2026-05-23 10:59:19,1,time_ms,ms
nature_2026_07,2,PyTorch (CUDA),pytorch,Sugar GRNs (200 Hz),sugar,1,0.1,/home/buidl/GitHub-Linux/fly-brain/data/results/nature_2026_07/round_02/pytorch_t0.1s_n1.parquet,1529,316,success,2026-07-11 00:07:10,1,time_ms,ms
nature_2026_07,2,PyTorch (CUDA),pytorch,Sugar GRNs (200 Hz),sugar,1,1.0,/home/buidl/GitHub-Linux/fly-brain/data/results/nature_2026_07/round_02/pytorch_t1.0s_n1.parquet,16988,409,success,2026-07-11 00:07:21,1,time_ms,ms
nature_2026_07,2,PyTorch (CUDA),pytorch,Sugar GRNs (200 Hz),sugar,1,10.0,/home/buidl/GitHub-Linux/fly-brain/data/results/nature_2026_07/round_02/pytorch_t10.0s_n1.parquet,171636,433,success,2026-07-11 00:08:54,1,time_ms,ms
nature_2026_07,2,PyTorch (CUDA),pytorch,Sugar GRNs (200 Hz),sugar,1,100.0,/home/buidl/GitHub-Linux/fly-brain/data/results/nature_2026_07/round_02/pytorch_t100.0s_n1.parquet,1734460,458,success,2026-07-11 00:24:42,1,time_ms,ms
nature_2026_07,2,PyTorch (CUDA),pytorch,Sugar GRNs (200 Hz),sugar,4,0.1,/home/buidl/GitHub-Linux/fly-brain/data/results/nature_2026_07/round_02/pytorch_t0.1s_n4.parquet,6347,374,success,2026-07-11 00:24:46,1,time_ms,ms
nature_2026_07,2,PyTorch (CUDA),pytorch,Sugar GRNs (200 Hz),sugar,4,1.0,/home/buidl/GitHub-Linux/fly-brain/data/results/nature_2026_07/round_02/pytorch_t1.0s_n4.parquet,67955,426,success,2026-07-11 00:25:18,1,time_ms,ms
nature_2026_07,2,PyTorch (CUDA),pytorch,Sugar GRNs (200 Hz),sugar,4,10.0,/home/buidl/GitHub-Linux/fly-brain/data/results/nature_2026_07/round_02/pytorch_t10.0s_n4.parquet,696060,447,success,2026-07-11 00:30:34,1,time_ms,ms
nature_2026_07,2,PyTorch (CUDA),pytorch,Sugar GRNs (200 Hz),sugar,4,100.0,/home/buidl/GitHub-Linux/fly-brain/data/results/nature_2026_07/round_02/pytorch_t100.0s_n4.parquet,6920409,478,success,2026-07-11 01:23:37,1,time_ms,ms
nature_2026_07,2,PyTorch (CUDA),pytorch,Sugar GRNs (200 Hz),sugar,8,0.1,/home/buidl/GitHub-Linux/fly-brain/data/results/nature_2026_07/round_02/pytorch_t0.1s_n8.parquet,12380,389,success,2026-07-11 01:23:43,1,time_ms,ms
nature_2026_07,2,PyTorch (CUDA),pytorch,Sugar GRNs (200 Hz),sugar,8,1.0,/home/buidl/GitHub-Linux/fly-brain/data/results/nature_2026_07/round_02/pytorch_t1.0s_n8.parquet,136009,440,success,2026-07-11 01:24:31,1,time_ms,ms
nature_2026_07,2,PyTorch (CUDA),pytorch,Sugar GRNs (200 Hz),sugar,8,10.0,/home/buidl/GitHub-Linux/fly-brain/data/results/nature_2026_07/round_02/pytorch_t10.0s_n8.parquet,1384619,458,success,2026-07-11 01:32:28,1,time_ms,ms
nature_2026_07,2,PyTorch (CUDA),pytorch,Sugar GRNs (200 Hz),sugar,8,100.0,/home/buidl/GitHub-Linux/fly-brain/data/results/nature_2026_07/round_02/pytorch_t100.0s_n8.parquet,13855963,487,success,2026-07-11 02:52:12,1,time_ms,ms
nature_2026_07,2,PyTorch (CUDA),pytorch,Sugar GRNs (200 Hz),sugar,16,0.1,/home/buidl/GitHub-Linux/fly-brain/data/results/nature_2026_07/round_02/pytorch_t0.1s_n16.parquet,25501,393,success,2026-07-11 02:52:22,1,time_ms,ms
nature_2026_07,2,PyTorch (CUDA),pytorch,Sugar GRNs (200 Hz),sugar,16,1.0,/home/buidl/GitHub-Linux/fly-brain/data/results/nature_2026_07/round_02/pytorch_t1.0s_n16.parquet,272811,443,success,2026-07-11 02:53:51,1,time_ms,ms
nature_2026_07,2,PyTorch (CUDA),pytorch,Sugar GRNs (200 Hz),sugar,16,10.0,/home/buidl/GitHub-Linux/fly-brain/data/results/nature_2026_07/round_02/pytorch_t10.0s_n16.parquet,2768517,466,success,2026-07-11 03:08:35,1,time_ms,ms
nature_2026_07,2,PyTorch (CUDA),pytorch,Sugar GRNs (200 Hz),sugar,16,100.0,/home/buidl/GitHub-Linux/fly-brain/data/results/nature_2026_07/round_02/pytorch_t100.0s_n16.parquet,27700142,487,success,2026-07-11 05:35:59,1,time_ms,ms
nature_2026_07,2,PyTorch (CUDA),pytorch,Sugar GRNs (200 Hz),sugar,32,0.1,/home/buidl/GitHub-Linux/fly-brain/data/results/nature_2026_07/round_02/pytorch_t0.1s_n32.parquet,49902,400,success,2026-07-11 05:36:17,1,time_ms,ms
nature_2026_07,2,PyTorch (CUDA),pytorch,Sugar GRNs (200 Hz),sugar,32,1.0,/home/buidl/GitHub-Linux/fly-brain/data/results/nature_2026_07/round_02/pytorch_t1.0s_n32.parquet,550025,454,success,2026-07-11 05:39:17,1,time_ms,ms
nature_2026_07,2,PyTorch (CUDA),pytorch,Sugar GRNs (200 Hz),sugar,32,10.0,/home/buidl/GitHub-Linux/fly-brain/data/results/nature_2026_07/round_02/pytorch_t10.0s_n32.parquet,5529160,473,success,2026-07-11 06:09:07,1,time_ms,ms
nature_2026_07,2,PyTorch (CUDA),pytorch,Sugar GRNs (200 Hz),sugar,32,100.0,/home/buidl/GitHub-Linux/fly-brain/data/results/nature_2026_07/round_02/pytorch_t100.0s_n32.parquet,55399056,499,success,2026-07-11 11:08:36,1,time_ms,ms
nature_2026_07,2,NEST GPU,nestgpu,Sugar GRNs (200 Hz),sugar,1,0.1,/home/buidl/GitHub-Linux/fly-brain/data/results/nature_2026_07/round_02/nestgpu_t0.1s_n1.parquet,1472,338,success,2026-07-11 11:08:42,1,time_ms,ms
nature_2026_07,2,NEST GPU,nestgpu,Sugar GRNs (200 Hz),sugar,1,1.0,/home/buidl/GitHub-Linux/fly-brain/data/results/nature_2026_07/round_02/nestgpu_t1.0s_n1.parquet,17233,412,success,2026-07-11 11:08:48,1,time_ms,ms
nature_2026_07,2,NEST GPU,nestgpu,Sugar GRNs (200 Hz),sugar,1,10.0,/home/buidl/GitHub-Linux/fly-brain/data/results/nature_2026_07/round_02/nestgpu_t10.0s_n1.parquet,172561,433,success,2026-07-11 11:09:02,1,time_ms,ms
nature_2026_07,2,NEST GPU,nestgpu,Sugar GRNs (200 Hz),sugar,1,100.0,/home/buidl/GitHub-Linux/fly-brain/data/results/nature_2026_07/round_02/nestgpu_t100.0s_n1.parquet,1727992,456,success,2026-07-11 11:10:52,1,time_ms,ms
nature_2026_07,2,NEST GPU,nestgpu,Sugar GRNs (200 Hz),sugar,4,0.1,/home/buidl/GitHub-Linux/fly-brain/data/results/nature_2026_07/round_02/nestgpu_t0.1s_n4.parquet,5888,338,success,2026-07-11 11:11:13,1,time_ms,ms
nature_2026_07,2,NEST GPU,nestgpu,Sugar GRNs (200 Hz),sugar,4,1.0,/home/buidl/GitHub-Linux/fly-brain/data/results/nature_2026_07/round_02/nestgpu_t1.0s_n4.parquet,68932,412,success,2026-07-11 11:11:36,1,time_ms,ms
nature_2026_07,2,NEST GPU,nestgpu,Sugar GRNs (200 Hz),sugar,4,10.0,/home/buidl/GitHub-Linux/fly-brain/data/results/nature_2026_07/round_02/nestgpu_t10.0s_n4.parquet,690244,433,success,2026-07-11 11:12:37,1,time_ms,ms
nature_2026_07,2,NEST GPU,nestgpu,Sugar GRNs (200 Hz),sugar,4,100.0,/home/buidl/GitHub-Linux/fly-brain/data/results/nature_2026_07/round_02/nestgpu_t100.0s_n4.parquet,6911968,456,success,2026-07-11 11:19:58,1,time_ms,ms
nature_2026_07,2,NEST GPU,nestgpu,Sugar GRNs (200 Hz),sugar,8,0.1,/home/buidl/GitHub-Linux/fly-brain/data/results/nature_2026_07/round_02/nestgpu_t0.1s_n8.parquet,11776,338,success,2026-07-11 11:20:42,1,time_ms,ms
nature_2026_07,2,NEST GPU,nestgpu,Sugar GRNs (200 Hz),sugar,8,1.0,/home/buidl/GitHub-Linux/fly-brain/data/results/nature_2026_07/round_02/nestgpu_t1.0s_n8.parquet,137864,412,success,2026-07-11 11:21:29,1,time_ms,ms
nature_2026_07,2,NEST GPU,nestgpu,Sugar GRNs (200 Hz),sugar,8,10.0,/home/buidl/GitHub-Linux/fly-brain/data/results/nature_2026_07/round_02/nestgpu_t10.0s_n8.parquet,1380488,433,success,2026-07-11 11:23:27,1,time_ms,ms
nature_2026_07,2,NEST GPU,nestgpu,Sugar GRNs (200 Hz),sugar,8,100.0,/home/buidl/GitHub-Linux/fly-brain/data/results/nature_2026_07/round_02/nestgpu_t100.0s_n8.parquet,13823936,456,success,2026-07-11 11:39:28,1,time_ms,ms
nature_2026_07,2,NEST GPU,nestgpu,Sugar GRNs (200 Hz),sugar,16,0.1,/home/buidl/GitHub-Linux/fly-brain/data/results/nature_2026_07/round_02/nestgpu_t0.1s_n16.parquet,23552,338,success,2026-07-11 11:40:57,1,time_ms,ms
nature_2026_07,2,NEST GPU,nestgpu,Sugar GRNs (200 Hz),sugar,16,1.0,/home/buidl/GitHub-Linux/fly-brain/data/results/nature_2026_07/round_02/nestgpu_t1.0s_n16.parquet,275728,412,success,2026-07-11 11:42:39,1,time_ms,ms
nature_2026_07,2,NEST GPU,nestgpu,Sugar GRNs (200 Hz),sugar,16,10.0,/home/buidl/GitHub-Linux/fly-brain/data/results/nature_2026_07/round_02/nestgpu_t10.0s_n16.parquet,2760976,433,success,2026-07-11 11:47:07,1,time_ms,ms
nature_2026_07,2,NEST GPU,nestgpu,Sugar GRNs (200 Hz),sugar,16,100.0,/home/buidl/GitHub-Linux/fly-brain/data/results/nature_2026_07/round_02/nestgpu_t100.0s_n16.parquet,27647872,456,success,2026-07-11 12:23:06,1,time_ms,ms
nature_2026_07,2,NEST GPU,nestgpu,Sugar GRNs (200 Hz),sugar,32,0.1,/home/buidl/GitHub-Linux/fly-brain/data/results/nature_2026_07/round_02/nestgpu_t0.1s_n32.parquet,47104,338,success,2026-07-11 12:26:05,1,time_ms,ms
nature_2026_07,2,NEST GPU,nestgpu,Sugar GRNs (200 Hz),sugar,32,1.0,/home/buidl/GitHub-Linux/fly-brain/data/results/nature_2026_07/round_02/nestgpu_t1.0s_n32.parquet,551456,412,success,2026-07-11 12:29:24,1,time_ms,ms
nature_2026_07,2,NEST GPU,nestgpu,Sugar GRNs (200 Hz),sugar,32,10.0,/home/buidl/GitHub-Linux/fly-brain/data/results/nature_2026_07/round_02/nestgpu_t10.0s_n32.parquet,5521952,433,success,2026-07-11 12:38:12,1,time_ms,ms
nature_2026_07,2,NEST GPU,nestgpu,Sugar GRNs (200 Hz),sugar,32,100.0,/home/buidl/GitHub-Linux/fly-brain/data/results/nature_2026_07/round_02/nestgpu_t100.0s_n32.parquet,55295744,456,success,2026-07-11 13:45:18,1,time_ms,ms
nature_2026_07,2,GeNN (GPU),genn,Sugar GRNs (200 Hz),sugar,1,0.1,/home/buidl/GitHub-Linux/fly-brain/data/results/nature_2026_07/round_02/genn_t0.1s_n1.parquet,1443,315,success,2026-06-06 19:28:35,1,time_ms,ms
nature_2026_07,2,GeNN (GPU),genn,Sugar GRNs (200 Hz),sugar,1,1.0,/home/buidl/GitHub-Linux/fly-brain/data/results/nature_2026_07/round_02/genn_t1.0s_n1.parquet,16978,386,success,2026-06-06 19:28:52,1,time_ms,ms
nature_2026_07,2,GeNN (GPU),genn,Sugar GRNs (200 Hz),sugar,1,10.0,/home/buidl/GitHub-Linux/fly-brain/data/results/nature_2026_07/round_02/genn_t10.0s_n1.parquet,173131,438,success,2026-06-06 19:29:13,1,time_ms,ms
nature_2026_07,2,GeNN (GPU),genn,Sugar GRNs (200 Hz),sugar,1,100.0,/home/buidl/GitHub-Linux/fly-brain/data/results/nature_2026_07/round_02/genn_t100.0s_n1.parquet,1725771,466,success,2026-06-06 19:30:21,1,time_ms,ms
nature_2026_07,2,GeNN (GPU),genn,Sugar GRNs (200 Hz),sugar,4,0.1,/home/buidl/GitHub-Linux/fly-brain/data/results/nature_2026_07/round_02/genn_t0.1s_n4.parquet,6217,363,success,2026-06-06 19:30:35,1,time_ms,ms
nature_2026_07,2,GeNN (GPU),genn,Sugar GRNs (200 Hz),sugar,4,1.0,/home/buidl/GitHub-Linux/fly-brain/data/results/nature_2026_07/round_02/genn_t1.0s_n4.parquet,68189,434,success,2026-06-06 19:30:51,1,time_ms,ms
nature_2026_07,2,GeNN (GPU),genn,Sugar GRNs (200 Hz),sugar,4,10.0,/home/buidl/GitHub-Linux/fly-brain/data/results/nature_2026_07/round_02/genn_t10.0s_n4.parquet,690425,447,success,2026-06-06 19:31:19,1,time_ms,ms
nature_2026_07,2,GeNN (GPU),genn,Sugar GRNs (200 Hz),sugar,4,100.0,/home/buidl/GitHub-Linux/fly-brain/data/results/nature_2026_07/round_02/genn_t100.0s_n4.parquet,6900210,480,success,2026-06-06 19:33:05,1,time_ms,ms
nature_2026_07,2,GeNN (GPU),genn,Sugar GRNs (200 Hz),sugar,8,0.1,/home/buidl/GitHub-Linux/fly-brain/data/results/nature_2026_07/round_02/genn_t0.1s_n8.parquet,12458,375,success,2026-06-06 19:33:20,1,time_ms,ms
nature_2026_07,2,GeNN (GPU),genn,Sugar GRNs (200 Hz),sugar,8,1.0,/home/buidl/GitHub-Linux/fly-brain/data/results/nature_2026_07/round_02/genn_t1.0s_n8.parquet,136329,436,success,2026-06-06 19:33:36,1,time_ms,ms
nature_2026_07,2,GeNN (GPU),genn,Sugar GRNs (200 Hz),sugar,8,10.0,/home/buidl/GitHub-Linux/fly-brain/data/results/nature_2026_07/round_02/genn_t10.0s_n8.parquet,1379181,458,success,2026-06-06 19:34:20,1,time_ms,ms
nature_2026_07,2,GeNN (GPU),genn,Sugar GRNs (200 Hz),sugar,8,100.0,/home/buidl/GitHub-Linux/fly-brain/data/results/nature_2026_07/round_02/genn_t100.0s_n8.parquet,13807796,486,success,2026-06-06 19:37:15,1,time_ms,ms
nature_2026_07,2,GeNN (GPU),genn,Sugar GRNs (200 Hz),sugar,16,0.1,/home/buidl/GitHub-Linux/fly-brain/data/results/nature_2026_07/round_02/genn_t0.1s_n16.parquet,25173,399,success,2026-06-06 19:37:31,1,time_ms,ms
nature_2026_07,2,GeNN (GPU),genn,Sugar GRNs (200 Hz),sugar,16,1.0,/home/buidl/GitHub-Linux/fly-brain/data/results/nature_2026_07/round_02/genn_t1.0s_n16.parquet,273580,444,success,2026-06-06 19:37:57,1,time_ms,ms
nature_2026_07,2,GeNN (GPU),genn,Sugar GRNs (200 Hz),sugar,16,10.0,/home/buidl/GitHub-Linux/fly-brain/data/results/nature_2026_07/round_02/genn_t10.0s_n16.parquet,2754818,463,success,2026-06-06 19:39:52,1,time_ms,ms
nature_2026_07,2,GeNN (GPU),genn,Sugar GRNs (200 Hz),sugar,16,100.0,/home/buidl/GitHub-Linux/fly-brain/data/results/nature_2026_07/round_02/genn_t100.0s_n16.parquet,27622970,493,success,2026-06-06 19:56:23,1,time_ms,ms
nature_2026_07,2,GeNN (GPU),genn,Sugar GRNs (200 Hz),sugar,32,0.1,/home/buidl/GitHub-Linux/fly-brain/data/results/nature_2026_07/round_02/genn_t0.1s_n32.parquet,50115,409,success,2026-06-06 19:56:40,1,time_ms,ms
nature_2026_07,2,GeNN (GPU),genn,Sugar GRNs (200 Hz),sugar,32,1.0,/home/buidl/GitHub-Linux/fly-brain/data/results/nature_2026_07/round_02/genn_t1.0s_n32.parquet,547221,452,success,2026-06-06 19:57:26,1,time_ms,ms
nature_2026_07,2,GeNN (GPU),genn,Sugar GRNs (200 Hz),sugar,32,10.0,/home/buidl/GitHub-Linux/fly-brain/data/results/nature_2026_07/round_02/genn_t10.0s_n32.parquet,5515961,503,success,2026-06-06 20:01:30,1,time_ms,ms
nature_2026_07,2,GeNN (GPU),genn,Sugar GRNs (200 Hz),sugar,32,100.0,/home/buidl/GitHub-Linux/fly-brain/data/results/nature_2026_07/round_02/genn_t100.0s_n32.parquet,55256002,522,success,2026-06-06 20:30:54,1,time_ms,ms
nature_2026_07,2,Brian2GeNN (GPU),brian2genn,Sugar GRNs (200 Hz),sugar,1,0.1,/home/buidl/GitHub-Linux/fly-brain/data/results/nature_2026_07/round_02/brian2genn_t0.1s_n1.parquet,1703,345,success,2026-06-07 07:54:38,1,time_ms,ms
nature_2026_07,2,Brian2GeNN (GPU),brian2genn,Sugar GRNs (200 Hz),sugar,1,1.0,/home/buidl/GitHub-Linux/fly-brain/data/results/nature_2026_07/round_02/brian2genn_t1.0s_n1.parquet,17216,412,success,2026-06-07 07:55:11,1,time_ms,ms
nature_2026_07,2,Brian2GeNN (GPU),brian2genn,Sugar GRNs (200 Hz),sugar,1,10.0,/home/buidl/GitHub-Linux/fly-brain/data/results/nature_2026_07/round_02/brian2genn_t10.0s_n1.parquet,170299,432,success,2026-06-07 07:56:00,1,time_ms,ms
nature_2026_07,2,Brian2GeNN (GPU),brian2genn,Sugar GRNs (200 Hz),sugar,1,100.0,/home/buidl/GitHub-Linux/fly-brain/data/results/nature_2026_07/round_02/brian2genn_t100.0s_n1.parquet,1706698,450,success,2026-06-07 07:59:48,1,time_ms,ms
nature_2026_07,2,Brian2GeNN (GPU),brian2genn,Sugar GRNs (200 Hz),sugar,4,0.1,/home/buidl/GitHub-Linux/fly-brain/data/results/nature_2026_07/round_02/brian2genn_t0.1s_n4.parquet,6250,366,success,2026-06-07 08:01:48,1,time_ms,ms
nature_2026_07,2,Brian2GeNN (GPU),brian2genn,Sugar GRNs (200 Hz),sugar,4,1.0,/home/buidl/GitHub-Linux/fly-brain/data/results/nature_2026_07/round_02/brian2genn_t1.0s_n4.parquet,67933,431,success,2026-06-07 08:04:01,1,time_ms,ms
nature_2026_07,2,Brian2GeNN (GPU),brian2genn,Sugar GRNs (200 Hz),sugar,4,10.0,/home/buidl/GitHub-Linux/fly-brain/data/results/nature_2026_07/round_02/brian2genn_t10.0s_n4.parquet,683710,443,success,2026-06-07 08:07:20,1,time_ms,ms
nature_2026_07,2,Brian2GeNN (GPU),brian2genn,Sugar GRNs (200 Hz),sugar,4,100.0,/home/buidl/GitHub-Linux/fly-brain/data/results/nature_2026_07/round_02/brian2genn_t100.0s_n4.parquet,6830574,471,success,2026-06-07 08:22:32,1,time_ms,ms
nature_2026_07,2,Brian2GeNN (GPU),brian2genn,Sugar GRNs (200 Hz),sugar,8,0.1,/home/buidl/GitHub-Linux/fly-brain/data/results/nature_2026_07/round_02/brian2genn_t0.1s_n8.parquet,12291,373,success,2026-06-07 08:26:33,1,time_ms,ms
nature_2026_07,2,Brian2GeNN (GPU),brian2genn,Sugar GRNs (200 Hz),sugar,8,1.0,/home/buidl/GitHub-Linux/fly-brain/data/results/nature_2026_07/round_02/brian2genn_t1.0s_n8.parquet,134863,434,success,2026-06-07 08:30:58,1,time_ms,ms
nature_2026_07,2,Brian2GeNN (GPU),brian2genn,Sugar GRNs (200 Hz),sugar,8,10.0,/home/buidl/GitHub-Linux/fly-brain/data/results/nature_2026_07/round_02/brian2genn_t10.0s_n8.parquet,1366566,455,success,2026-06-07 08:38:59,1,time_ms,ms
nature_2026_07,2,Brian2GeNN (GPU),brian2genn,Sugar GRNs (200 Hz),sugar,8,100.0,/home/buidl/GitHub-Linux/fly-brain/data/results/nature_2026_07/round_02/brian2genn_t100.0s_n8.parquet,13658511,480,success,2026-06-07 09:10:52,1,time_ms,ms
nature_2026_07,2,Brian2GeNN (GPU),brian2genn,Sugar GRNs (200 Hz),sugar,16,0.1,/home/buidl/GitHub-Linux/fly-brain/data/results/nature_2026_07/round_02/brian2genn_t0.1s_n16.parquet,24394,392,success,2026-06-07 09:18:43,1,time_ms,ms
nature_2026_07,2,Brian2GeNN (GPU),brian2genn,Sugar GRNs (200 Hz),sugar,16,1.0,/home/buidl/GitHub-Linux/fly-brain/data/results/nature_2026_07/round_02/brian2genn_t1.0s_n16.parquet,270594,446,success,2026-06-07 09:26:55,1,time_ms,ms
nature_2026_07,2,Brian2GeNN (GPU),brian2genn,Sugar GRNs (200 Hz),sugar,16,10.0,/home/buidl/GitHub-Linux/fly-brain/data/results/nature_2026_07/round_02/brian2genn_t10.0s_n16.parquet,2736428,461,success,2026-06-07 09:40:00,1,time_ms,ms
nature_2026_07,2,Brian2GeNN (GPU),brian2genn,Sugar GRNs (200 Hz),sugar,16,100.0,/home/buidl/GitHub-Linux/fly-brain/data/results/nature_2026_07/round_02/brian2genn_t100.0s_n16.parquet,27308719,491,success,2026-06-07 10:39:42,1,time_ms,ms
nature_2026_07,2,Brian2GeNN (GPU),brian2genn,Sugar GRNs (200 Hz),sugar,32,0.1,/home/buidl/GitHub-Linux/fly-brain/data/results/nature_2026_07/round_02/brian2genn_t0.1s_n32.parquet,49371,406,success,2026-06-07 10:55:03,1,time_ms,ms
nature_2026_07,2,Brian2GeNN (GPU),brian2genn,Sugar GRNs (200 Hz),sugar,32,1.0,/home/buidl/GitHub-Linux/fly-brain/data/results/nature_2026_07/round_02/brian2genn_t1.0s_n32.parquet,540601,451,success,2026-06-07 11:11:45,1,time_ms,ms
nature_2026_07,2,Brian2GeNN (GPU),brian2genn,Sugar GRNs (200 Hz),sugar,32,10.0,/home/buidl/GitHub-Linux/fly-brain/data/results/nature_2026_07/round_02/brian2genn_t10.0s_n32.parquet,5464691,466,success,2026-06-07 11:37:58,1,time_ms,ms
nature_2026_07,2,Brian2GeNN (GPU),brian2genn,Sugar GRNs (200 Hz),sugar,32,100.0,/home/buidl/GitHub-Linux/fly-brain/data/results/nature_2026_07/round_02/brian2genn_t100.0s_n32.parquet,54612318,497,success,2026-06-07 13:37:38,1,time_ms,ms
nature_2026_07,3,Brian2 (CPU),brian2cpp,Sugar GRNs (200 Hz),sugar,1,0.1,/home/buidl/GitHub-Linux/fly-brain/data/results/nature_2026_07/round_03/brian2cpp_t0.1s_n1.parquet,1565,334,success,2026-05-23 13:18:05,1,time_ms,ms
nature_2026_07,3,Brian2 (CPU),brian2cpp,Sugar GRNs (200 Hz),sugar,1,1.0,/home/buidl/GitHub-Linux/fly-brain/data/results/nature_2026_07/round_03/brian2cpp_t1.0s_n1.parquet,17021,387,success,2026-05-23 13:18:12,1,time_ms,ms
nature_2026_07,3,Brian2 (CPU),brian2cpp,Sugar GRNs (200 Hz),sugar,1,10.0,/home/buidl/GitHub-Linux/fly-brain/data/results/nature_2026_07/round_03/brian2cpp_t10.0s_n1.parquet,171006,433,success,2026-05-23 13:18:36,1,time_ms,ms
nature_2026_07,3,Brian2 (CPU),brian2cpp,Sugar GRNs (200 Hz),sugar,1,100.0,/home/buidl/GitHub-Linux/fly-brain/data/results/nature_2026_07/round_03/brian2cpp_t100.0s_n1.parquet,1704969,452,success,2026-05-23 13:22:50,1,time_ms,ms
nature_2026_07,3,Brian2 (CPU),brian2cpp,Sugar GRNs (200 Hz),sugar,4,0.1,/home/buidl/GitHub-Linux/fly-brain/data/results/nature_2026_07/round_03/brian2cpp_t0.1s_n4.parquet,6214,367,success,2026-05-23 13:22:52,1,time_ms,ms
nature_2026_07,3,Brian2 (CPU),brian2cpp,Sugar GRNs (200 Hz),sugar,4,1.0,/home/buidl/GitHub-Linux/fly-brain/data/results/nature_2026_07/round_03/brian2cpp_t1.0s_n4.parquet,67645,430,success,2026-05-23 13:23:01,1,time_ms,ms
nature_2026_07,3,Brian2 (CPU),brian2cpp,Sugar GRNs (200 Hz),sugar,4,10.0,/home/buidl/GitHub-Linux/fly-brain/data/results/nature_2026_07/round_03/brian2cpp_t10.0s_n4.parquet,681036,446,success,2026-05-23 13:23:50,1,time_ms,ms
nature_2026_07,3,Brian2 (CPU),brian2cpp,Sugar GRNs (200 Hz),sugar,4,100.0,/home/buidl/GitHub-Linux/fly-brain/data/results/nature_2026_07/round_03/brian2cpp_t100.0s_n4.parquet,6830889,479,success,2026-05-23 13:31:47,1,time_ms,ms
nature_2026_07,3,Brian2 (CPU),brian2cpp,Sugar GRNs (200 Hz),sugar,8,0.1,/home/buidl/GitHub-Linux/fly-brain/data/results/nature_2026_07/round_03/brian2cpp_t0.1s_n8.parquet,12217,372,success,2026-05-23 13:31:52,1,time_ms,ms
nature_2026_07,3,Brian2 (CPU),brian2cpp,Sugar GRNs (200 Hz),sugar,8,1.0,/home/buidl/GitHub-Linux/fly-brain/data/results/nature_2026_07/round_03/brian2cpp_t1.0s_n8.parquet,134161,433,success,2026-05-23 13:32:06,1,time_ms,ms
nature_2026_07,3,Brian2 (CPU),brian2cpp,Sugar GRNs (200 Hz),sugar,8,10.0,/home/buidl/GitHub-Linux/fly-brain/data/results/nature_2026_07/round_03/brian2cpp_t10.0s_n8.parquet,1364287,460,success,2026-05-23 13:33:22,1,time_ms,ms
nature_2026_07,3,Brian2 (CPU),brian2cpp,Sugar GRNs (200 Hz),sugar,8,100.0,/home/buidl/GitHub-Linux/fly-brain/data/results/nature_2026_07/round_03/brian2cpp_t100.0s_n8.parquet,13655219,480,success,2026-05-23 13:45:36,1,time_ms,ms
nature_2026_07,3,Brian2 (CPU),brian2cpp,Sugar GRNs (200 Hz),sugar,16,0.1,/home/buidl/GitHub-Linux/fly-brain/data/results/nature_2026_07/round_03/brian2cpp_t0.1s_n16.parquet,24706,391,success,2026-05-23 13:45:45,1,time_ms,ms
nature_2026_07,3,Brian2 (CPU),brian2cpp,Sugar GRNs (200 Hz),sugar,16,1.0,/home/buidl/GitHub-Linux/fly-brain/data/results/nature_2026_07/round_03/brian2cpp_t1.0s_n16.parquet,270617,441,success,2026-05-23 13:46:09,1,time_ms,ms
nature_2026_07,3,Brian2 (CPU),brian2cpp,Sugar GRNs (200 Hz),sugar,16,10.0,/home/buidl/GitHub-Linux/fly-brain/data/results/nature_2026_07/round_03/brian2cpp_t10.0s_n16.parquet,2731961,457,success,2026-05-23 13:49:18,1,time_ms,ms
nature_2026_07,3,Brian2 (CPU),brian2cpp,Sugar GRNs (200 Hz),sugar,16,100.0,/home/buidl/GitHub-Linux/fly-brain/data/results/nature_2026_07/round_03/brian2cpp_t100.0s_n16.parquet,27290129,510,success,2026-05-23 14:29:06,1,time_ms,ms
nature_2026_07,3,Brian2 (CPU),brian2cpp,Sugar GRNs (200 Hz),sugar,32,0.1,/home/buidl/GitHub-Linux/fly-brain/data/results/nature_2026_07/round_03/brian2cpp_t0.1s_n32.parquet,48913,396,success,2026-05-23 14:29:31,1,time_ms,ms
nature_2026_07,3,Brian2 (CPU),brian2cpp,Sugar GRNs (200 Hz),sugar,32,1.0,/home/buidl/GitHub-Linux/fly-brain/data/results/nature_2026_07/round_03/brian2cpp_t1.0s_n32.parquet,540017,449,success,2026-05-23 14:30:47,1,time_ms,ms
nature_2026_07,3,Brian2 (CPU),brian2cpp,Sugar GRNs (200 Hz),sugar,32,10.0,/home/buidl/GitHub-Linux/fly-brain/data/results/nature_2026_07/round_03/brian2cpp_t10.0s_n32.parquet,5460320,476,success,2026-05-23 14:37:33,1,time_ms,ms
nature_2026_07,3,Brian2 (CPU),brian2cpp,Sugar GRNs (200 Hz),sugar,32,100.0,/home/buidl/GitHub-Linux/fly-brain/data/results/nature_2026_07/round_03/brian2cpp_t100.0s_n32.parquet,54611641,519,success,2026-05-23 15:41:12,1,time_ms,ms
nature_2026_07,3,Brian2CUDA (GPU),brian2cuda,Sugar GRNs (200 Hz),sugar,1,0.1,/home/buidl/GitHub-Linux/fly-brain/data/results/nature_2026_07/round_03/brian2cuda_t0.1s_n1.parquet,1564,320,success,2026-05-23 15:41:41,1,time_ms,ms
nature_2026_07,3,Brian2CUDA (GPU),brian2cuda,Sugar GRNs (200 Hz),sugar,1,1.0,/home/buidl/GitHub-Linux/fly-brain/data/results/nature_2026_07/round_03/brian2cuda_t1.0s_n1.parquet,16650,416,success,2026-05-23 15:42:10,1,time_ms,ms
nature_2026_07,3,Brian2CUDA (GPU),brian2cuda,Sugar GRNs (200 Hz),sugar,1,10.0,/home/buidl/GitHub-Linux/fly-brain/data/results/nature_2026_07/round_03/brian2cuda_t10.0s_n1.parquet,170382,435,success,2026-05-23 15:43:09,1,time_ms,ms
nature_2026_07,3,Brian2CUDA (GPU),brian2cuda,Sugar GRNs (200 Hz),sugar,1,100.0,/home/buidl/GitHub-Linux/fly-brain/data/results/nature_2026_07/round_03/brian2cuda_t100.0s_n1.parquet,1704742,461,success,2026-05-23 15:49:00,1,time_ms,ms
nature_2026_07,3,Brian2CUDA (GPU),brian2cuda,Sugar GRNs (200 Hz),sugar,4,0.1,/home/buidl/GitHub-Linux/fly-brain/data/results/nature_2026_07/round_03/brian2cuda_t0.1s_n4.parquet,6030,339,success,2026-05-23 15:49:56,1,time_ms,ms
nature_2026_07,3,Brian2CUDA (GPU),brian2cuda,Sugar GRNs (200 Hz),sugar,4,1.0,/home/buidl/GitHub-Linux/fly-brain/data/results/nature_2026_07/round_03/brian2cuda_t1.0s_n4.parquet,67381,428,success,2026-05-23 15:50:59,1,time_ms,ms
nature_2026_07,3,Brian2CUDA (GPU),brian2cuda,Sugar GRNs (200 Hz),sugar,4,10.0,/home/buidl/GitHub-Linux/fly-brain/data/results/nature_2026_07/round_03/brian2cuda_t10.0s_n4.parquet,678725,447,success,2026-05-23 15:53:54,1,time_ms,ms
nature_2026_07,3,Brian2CUDA (GPU),brian2cuda,Sugar GRNs (200 Hz),sugar,4,100.0,/home/buidl/GitHub-Linux/fly-brain/data/results/nature_2026_07/round_03/brian2cuda_t100.0s_n4.parquet,6828278,471,success,2026-05-23 16:16:26,1,time_ms,ms
nature_2026_07,3,Brian2CUDA (GPU),brian2cuda,Sugar GRNs (200 Hz),sugar,8,0.1,/home/buidl/GitHub-Linux/fly-brain/data/results/nature_2026_07/round_03/brian2cuda_t0.1s_n8.parquet,12527,370,success,2026-05-23 16:17:51,1,time_ms,ms
nature_2026_07,3,Brian2CUDA (GPU),brian2cuda,Sugar GRNs (200 Hz),sugar,8,1.0,/home/buidl/GitHub-Linux/fly-brain/data/results/nature_2026_07/round_03/brian2cuda_t1.0s_n8.parquet,135984,436,success,2026-05-23 16:19:41,1,time_ms,ms
nature_2026_07,3,Brian2CUDA (GPU),brian2cuda,Sugar GRNs (200 Hz),sugar,8,10.0,/home/buidl/GitHub-Linux/fly-brain/data/results/nature_2026_07/round_03/brian2cuda_t10.0s_n8.parquet,1362814,449,success,2026-05-23 16:25:19,1,time_ms,ms
nature_2026_07,3,Brian2CUDA (GPU),brian2cuda,Sugar GRNs (200 Hz),sugar,8,100.0,/home/buidl/GitHub-Linux/fly-brain/data/results/nature_2026_07/round_03/brian2cuda_t100.0s_n8.parquet,13660621,483,success,2026-05-23 17:10:11,1,time_ms,ms
nature_2026_07,3,Brian2CUDA (GPU),brian2cuda,Sugar GRNs (200 Hz),sugar,16,0.1,/home/buidl/GitHub-Linux/fly-brain/data/results/nature_2026_07/round_03/brian2cuda_t0.1s_n16.parquet,25446,386,success,2026-05-23 17:12:44,1,time_ms,ms
nature_2026_07,3,Brian2CUDA (GPU),brian2cuda,Sugar GRNs (200 Hz),sugar,16,1.0,/home/buidl/GitHub-Linux/fly-brain/data/results/nature_2026_07/round_03/brian2cuda_t1.0s_n16.parquet,271501,443,success,2026-05-23 17:16:03,1,time_ms,ms
nature_2026_07,3,Brian2CUDA (GPU),brian2cuda,Sugar GRNs (200 Hz),sugar,16,10.0,/home/buidl/GitHub-Linux/fly-brain/data/results/nature_2026_07/round_03/brian2cuda_t10.0s_n16.parquet,2724896,454,success,2026-05-23 17:27:17,1,time_ms,ms
nature_2026_07,3,Brian2CUDA (GPU),brian2cuda,Sugar GRNs (200 Hz),sugar,16,100.0,/home/buidl/GitHub-Linux/fly-brain/data/results/nature_2026_07/round_03/brian2cuda_t100.0s_n16.parquet,27303819,486,success,2026-05-23 19:01:11,1,time_ms,ms
nature_2026_07,3,Brian2CUDA (GPU),brian2cuda,Sugar GRNs (200 Hz),sugar,32,0.1,/home/buidl/GitHub-Linux/fly-brain/data/results/nature_2026_07/round_03/brian2cuda_t0.1s_n32.parquet,49169,422,success,2026-05-23 19:07:00,1,time_ms,ms
nature_2026_07,3,Brian2CUDA (GPU),brian2cuda,Sugar GRNs (200 Hz),sugar,32,1.0,/home/buidl/GitHub-Linux/fly-brain/data/results/nature_2026_07/round_03/brian2cuda_t1.0s_n32.parquet,540662,447,success,2026-05-23 19:14:26,1,time_ms,ms
nature_2026_07,3,Brian2CUDA (GPU),brian2cuda,Sugar GRNs (200 Hz),sugar,32,10.0,/home/buidl/GitHub-Linux/fly-brain/data/results/nature_2026_07/round_03/brian2cuda_t10.0s_n32.parquet,5456756,474,success,2026-05-23 19:36:58,1,time_ms,ms
nature_2026_07,3,Brian2CUDA (GPU),brian2cuda,Sugar GRNs (200 Hz),sugar,32,100.0,/home/buidl/GitHub-Linux/fly-brain/data/results/nature_2026_07/round_03/brian2cuda_t100.0s_n32.parquet,54602249,495,success,2026-05-23 22:46:23,1,time_ms,ms
nature_2026_07,3,PyTorch (CUDA),pytorch,Sugar GRNs (200 Hz),sugar,1,0.1,/home/buidl/GitHub-Linux/fly-brain/data/results/nature_2026_07/round_03/pytorch_t0.1s_n1.parquet,1622,321,success,2026-07-11 17:24:53,1,time_ms,ms
nature_2026_07,3,PyTorch (CUDA),pytorch,Sugar GRNs (200 Hz),sugar,1,1.0,/home/buidl/GitHub-Linux/fly-brain/data/results/nature_2026_07/round_03/pytorch_t1.0s_n1.parquet,17196,391,success,2026-07-11 17:25:04,1,time_ms,ms
nature_2026_07,3,PyTorch (CUDA),pytorch,Sugar GRNs (200 Hz),sugar,1,10.0,/home/buidl/GitHub-Linux/fly-brain/data/results/nature_2026_07/round_03/pytorch_t10.0s_n1.parquet,172544,434,success,2026-07-11 17:26:38,1,time_ms,ms
nature_2026_07,3,PyTorch (CUDA),pytorch,Sugar GRNs (200 Hz),sugar,1,100.0,/home/buidl/GitHub-Linux/fly-brain/data/results/nature_2026_07/round_03/pytorch_t100.0s_n1.parquet,1728038,457,success,2026-07-11 17:42:26,1,time_ms,ms
nature_2026_07,3,PyTorch (CUDA),pytorch,Sugar GRNs (200 Hz),sugar,4,0.1,/home/buidl/GitHub-Linux/fly-brain/data/results/nature_2026_07/round_03/pytorch_t0.1s_n4.parquet,6223,370,success,2026-07-11 17:42:30,1,time_ms,ms
nature_2026_07,3,PyTorch (CUDA),pytorch,Sugar GRNs (200 Hz),sugar,4,1.0,/home/buidl/GitHub-Linux/fly-brain/data/results/nature_2026_07/round_03/pytorch_t1.0s_n4.parquet,68836,429,success,2026-07-11 17:43:02,1,time_ms,ms
nature_2026_07,3,PyTorch (CUDA),pytorch,Sugar GRNs (200 Hz),sugar,4,10.0,/home/buidl/GitHub-Linux/fly-brain/data/results/nature_2026_07/round_03/pytorch_t10.0s_n4.parquet,689652,449,success,2026-07-11 17:48:15,1,time_ms,ms
nature_2026_07,3,PyTorch (CUDA),pytorch,Sugar GRNs (200 Hz),sugar,4,100.0,/home/buidl/GitHub-Linux/fly-brain/data/results/nature_2026_07/round_03/pytorch_t100.0s_n4.parquet,6914874,479,success,2026-07-11 18:40:39,1,time_ms,ms
nature_2026_07,3,PyTorch (CUDA),pytorch,Sugar GRNs (200 Hz),sugar,8,0.1,/home/buidl/GitHub-Linux/fly-brain/data/results/nature_2026_07/round_03/pytorch_t0.1s_n8.parquet,12114,370,success,2026-07-11 18:40:43,1,time_ms,ms
nature_2026_07,3,PyTorch (CUDA),pytorch,Sugar GRNs (200 Hz),sugar,8,1.0,/home/buidl/GitHub-Linux/fly-brain/data/results/nature_2026_07/round_03/pytorch_t1.0s_n8.parquet,136404,434,success,2026-07-11 18:41:32,1,time_ms,ms
nature_2026_07,3,PyTorch (CUDA),pytorch,Sugar GRNs (200 Hz),sugar,8,10.0,/home/buidl/GitHub-Linux/fly-brain/data/results/nature_2026_07/round_03/pytorch_t10.0s_n8.parquet,1385157,459,success,2026-07-11 18:49:32,1,time_ms,ms
nature_2026_07,3,PyTorch (CUDA),pytorch,Sugar GRNs (200 Hz),sugar,8,100.0,/home/buidl/GitHub-Linux/fly-brain/data/results/nature_2026_07/round_03/pytorch_t100.0s_n8.parquet,13833872,477,success,2026-07-11 20:09:36,1,time_ms,ms
nature_2026_07,3,PyTorch (CUDA),pytorch,Sugar GRNs (200 Hz),sugar,16,0.1,/home/buidl/GitHub-Linux/fly-brain/data/results/nature_2026_07/round_03/pytorch_t0.1s_n16.parquet,24983,395,success,2026-07-11 20:09:47,1,time_ms,ms
nature_2026_07,3,PyTorch (CUDA),pytorch,Sugar GRNs (200 Hz),sugar,16,1.0,/home/buidl/GitHub-Linux/fly-brain/data/results/nature_2026_07/round_03/pytorch_t1.0s_n16.parquet,273916,435,success,2026-07-11 20:11:17,1,time_ms,ms
nature_2026_07,3,PyTorch (CUDA),pytorch,Sugar GRNs (200 Hz),sugar,16,10.0,/home/buidl/GitHub-Linux/fly-brain/data/results/nature_2026_07/round_03/pytorch_t10.0s_n16.parquet,2773443,461,success,2026-07-11 20:26:11,1,time_ms,ms
nature_2026_07,3,PyTorch (CUDA),pytorch,Sugar GRNs (200 Hz),sugar,16,100.0,/home/buidl/GitHub-Linux/fly-brain/data/results/nature_2026_07/round_03/pytorch_t100.0s_n16.parquet,27686125,488,success,2026-07-11 22:53:59,1,time_ms,ms
nature_2026_07,3,PyTorch (CUDA),pytorch,Sugar GRNs (200 Hz),sugar,32,0.1,/home/buidl/GitHub-Linux/fly-brain/data/results/nature_2026_07/round_03/pytorch_t0.1s_n32.parquet,49968,422,success,2026-07-11 22:54:19,1,time_ms,ms
nature_2026_07,3,PyTorch (CUDA),pytorch,Sugar GRNs (200 Hz),sugar,32,1.0,/home/buidl/GitHub-Linux/fly-brain/data/results/nature_2026_07/round_03/pytorch_t1.0s_n32.parquet,547666,452,success,2026-07-11 22:57:17,1,time_ms,ms
nature_2026_07,3,PyTorch (CUDA),pytorch,Sugar GRNs (200 Hz),sugar,32,10.0,/home/buidl/GitHub-Linux/fly-brain/data/results/nature_2026_07/round_03/pytorch_t10.0s_n32.parquet,5536775,477,success,2026-07-11 23:26:53,1,time_ms,ms
nature_2026_07,3,PyTorch (CUDA),pytorch,Sugar GRNs (200 Hz),sugar,32,100.0,/home/buidl/GitHub-Linux/fly-brain/data/results/nature_2026_07/round_03/pytorch_t100.0s_n32.parquet,55366010,494,success,2026-07-12 04:20:01,1,time_ms,ms
nature_2026_07,3,NEST GPU,nestgpu,Sugar GRNs (200 Hz),sugar,1,0.1,/home/buidl/GitHub-Linux/fly-brain/data/results/nature_2026_07/round_03/nestgpu_t0.1s_n1.parquet,1472,338,success,2026-07-12 04:20:06,1,time_ms,ms
nature_2026_07,3,NEST GPU,nestgpu,Sugar GRNs (200 Hz),sugar,1,1.0,/home/buidl/GitHub-Linux/fly-brain/data/results/nature_2026_07/round_03/nestgpu_t1.0s_n1.parquet,17233,412,success,2026-07-12 04:20:12,1,time_ms,ms
nature_2026_07,3,NEST GPU,nestgpu,Sugar GRNs (200 Hz),sugar,1,10.0,/home/buidl/GitHub-Linux/fly-brain/data/results/nature_2026_07/round_03/nestgpu_t10.0s_n1.parquet,172561,433,success,2026-07-12 04:20:26,1,time_ms,ms
nature_2026_07,3,NEST GPU,nestgpu,Sugar GRNs (200 Hz),sugar,1,100.0,/home/buidl/GitHub-Linux/fly-brain/data/results/nature_2026_07/round_03/nestgpu_t100.0s_n1.parquet,1727992,456,success,2026-07-12 04:22:09,1,time_ms,ms
nature_2026_07,3,NEST GPU,nestgpu,Sugar GRNs (200 Hz),sugar,4,0.1,/home/buidl/GitHub-Linux/fly-brain/data/results/nature_2026_07/round_03/nestgpu_t0.1s_n4.parquet,5888,338,success,2026-07-12 04:22:30,1,time_ms,ms
nature_2026_07,3,NEST GPU,nestgpu,Sugar GRNs (200 Hz),sugar,4,1.0,/home/buidl/GitHub-Linux/fly-brain/data/results/nature_2026_07/round_03/nestgpu_t1.0s_n4.parquet,68932,412,success,2026-07-12 04:22:53,1,time_ms,ms
nature_2026_07,3,NEST GPU,nestgpu,Sugar GRNs (200 Hz),sugar,4,10.0,/home/buidl/GitHub-Linux/fly-brain/data/results/nature_2026_07/round_03/nestgpu_t10.0s_n4.parquet,690244,433,success,2026-07-12 04:23:50,1,time_ms,ms
nature_2026_07,3,NEST GPU,nestgpu,Sugar GRNs (200 Hz),sugar,4,100.0,/home/buidl/GitHub-Linux/fly-brain/data/results/nature_2026_07/round_03/nestgpu_t100.0s_n4.parquet,6911968,456,success,2026-07-12 04:30:43,1,time_ms,ms
nature_2026_07,3,NEST GPU,nestgpu,Sugar GRNs (200 Hz),sugar,8,0.1,/home/buidl/GitHub-Linux/fly-brain/data/results/nature_2026_07/round_03/nestgpu_t0.1s_n8.parquet,11776,338,success,2026-07-12 04:31:24,1,time_ms,ms
nature_2026_07,3,NEST GPU,nestgpu,Sugar GRNs (200 Hz),sugar,8,1.0,/home/buidl/GitHub-Linux/fly-brain/data/results/nature_2026_07/round_03/nestgpu_t1.0s_n8.parquet,137864,412,success,2026-07-12 04:32:11,1,time_ms,ms
nature_2026_07,3,NEST GPU,nestgpu,Sugar GRNs (200 Hz),sugar,8,10.0,/home/buidl/GitHub-Linux/fly-brain/data/results/nature_2026_07/round_03/nestgpu_t10.0s_n8.parquet,1380488,433,success,2026-07-12 04:34:09,1,time_ms,ms
nature_2026_07,3,NEST GPU,nestgpu,Sugar GRNs (200 Hz),sugar,8,100.0,/home/buidl/GitHub-Linux/fly-brain/data/results/nature_2026_07/round_03/nestgpu_t100.0s_n8.parquet,13823936,456,success,2026-07-12 04:48:30,1,time_ms,ms
nature_2026_07,3,NEST GPU,nestgpu,Sugar GRNs (200 Hz),sugar,16,0.1,/home/buidl/GitHub-Linux/fly-brain/data/results/nature_2026_07/round_03/nestgpu_t0.1s_n16.parquet,23552,338,success,2026-07-12 04:49:51,1,time_ms,ms
nature_2026_07,3,NEST GPU,nestgpu,Sugar GRNs (200 Hz),sugar,16,1.0,/home/buidl/GitHub-Linux/fly-brain/data/results/nature_2026_07/round_03/nestgpu_t1.0s_n16.parquet,275728,412,success,2026-07-12 04:51:26,1,time_ms,ms
nature_2026_07,3,NEST GPU,nestgpu,Sugar GRNs (200 Hz),sugar,16,10.0,/home/buidl/GitHub-Linux/fly-brain/data/results/nature_2026_07/round_03/nestgpu_t10.0s_n16.parquet,2760976,433,success,2026-07-12 04:55:30,1,time_ms,ms
nature_2026_07,3,NEST GPU,nestgpu,Sugar GRNs (200 Hz),sugar,16,100.0,/home/buidl/GitHub-Linux/fly-brain/data/results/nature_2026_07/round_03/nestgpu_t100.0s_n16.parquet,27647872,456,success,2026-07-12 05:24:28,1,time_ms,ms
nature_2026_07,3,NEST GPU,nestgpu,Sugar GRNs (200 Hz),sugar,32,0.1,/home/buidl/GitHub-Linux/fly-brain/data/results/nature_2026_07/round_03/nestgpu_t0.1s_n32.parquet,47104,338,success,2026-07-12 05:27:09,1,time_ms,ms
nature_2026_07,3,NEST GPU,nestgpu,Sugar GRNs (200 Hz),sugar,32,1.0,/home/buidl/GitHub-Linux/fly-brain/data/results/nature_2026_07/round_03/nestgpu_t1.0s_n32.parquet,551456,412,success,2026-07-12 05:30:18,1,time_ms,ms
nature_2026_07,3,NEST GPU,nestgpu,Sugar GRNs (200 Hz),sugar,32,10.0,/home/buidl/GitHub-Linux/fly-brain/data/results/nature_2026_07/round_03/nestgpu_t10.0s_n32.parquet,5521952,433,success,2026-07-12 05:37:46,1,time_ms,ms
nature_2026_07,3,NEST GPU,nestgpu,Sugar GRNs (200 Hz),sugar,32,100.0,/home/buidl/GitHub-Linux/fly-brain/data/results/nature_2026_07/round_03/nestgpu_t100.0s_n32.parquet,55295744,456,success,2026-07-12 06:31:58,1,time_ms,ms
nature_2026_07,3,GeNN (GPU),genn,Sugar GRNs (200 Hz),sugar,1,0.1,/home/buidl/GitHub-Linux/fly-brain/data/results/nature_2026_07/round_03/genn_t0.1s_n1.parquet,1443,315,success,2026-06-06 20:31:06,1,time_ms,ms
nature_2026_07,3,GeNN (GPU),genn,Sugar GRNs (200 Hz),sugar,1,1.0,/home/buidl/GitHub-Linux/fly-brain/data/results/nature_2026_07/round_03/genn_t1.0s_n1.parquet,16978,386,success,2026-06-06 20:31:23,1,time_ms,ms
nature_2026_07,3,GeNN (GPU),genn,Sugar GRNs (200 Hz),sugar,1,10.0,/home/buidl/GitHub-Linux/fly-brain/data/results/nature_2026_07/round_03/genn_t10.0s_n1.parquet,173131,438,success,2026-06-06 20:31:43,1,time_ms,ms
nature_2026_07,3,GeNN (GPU),genn,Sugar GRNs (200 Hz),sugar,1,100.0,/home/buidl/GitHub-Linux/fly-brain/data/results/nature_2026_07/round_03/genn_t100.0s_n1.parquet,1725771,466,success,2026-06-06 20:32:49,1,time_ms,ms
nature_2026_07,3,GeNN (GPU),genn,Sugar GRNs (200 Hz),sugar,4,0.1,/home/buidl/GitHub-Linux/fly-brain/data/results/nature_2026_07/round_03/genn_t0.1s_n4.parquet,6217,363,success,2026-06-06 20:33:02,1,time_ms,ms
nature_2026_07,3,GeNN (GPU),genn,Sugar GRNs (200 Hz),sugar,4,1.0,/home/buidl/GitHub-Linux/fly-brain/data/results/nature_2026_07/round_03/genn_t1.0s_n4.parquet,68189,434,success,2026-06-06 20:33:19,1,time_ms,ms
nature_2026_07,3,GeNN (GPU),genn,Sugar GRNs (200 Hz),sugar,4,10.0,/home/buidl/GitHub-Linux/fly-brain/data/results/nature_2026_07/round_03/genn_t10.0s_n4.parquet,690425,447,success,2026-06-06 20:33:51,1,time_ms,ms
nature_2026_07,3,GeNN (GPU),genn,Sugar GRNs (200 Hz),sugar,4,100.0,/home/buidl/GitHub-Linux/fly-brain/data/results/nature_2026_07/round_03/genn_t100.0s_n4.parquet,6900210,480,success,2026-06-06 20:35:40,1,time_ms,ms
nature_2026_07,3,GeNN (GPU),genn,Sugar GRNs (200 Hz),sugar,8,0.1,/home/buidl/GitHub-Linux/fly-brain/data/results/nature_2026_07/round_03/genn_t0.1s_n8.parquet,12458,375,success,2026-06-06 20:35:56,1,time_ms,ms
nature_2026_07,3,GeNN (GPU),genn,Sugar GRNs (200 Hz),sugar,8,1.0,/home/buidl/GitHub-Linux/fly-brain/data/results/nature_2026_07/round_03/genn_t1.0s_n8.parquet,136329,436,success,2026-06-06 20:36:12,1,time_ms,ms
nature_2026_07,3,GeNN (GPU),genn,Sugar GRNs (200 Hz),sugar,8,10.0,/home/buidl/GitHub-Linux/fly-brain/data/results/nature_2026_07/round_03/genn_t10.0s_n8.parquet,1379181,458,success,2026-06-06 20:36:54,1,time_ms,ms
nature_2026_07,3,GeNN (GPU),genn,Sugar GRNs (200 Hz),sugar,8,100.0,/home/buidl/GitHub-Linux/fly-brain/data/results/nature_2026_07/round_03/genn_t100.0s_n8.parquet,13807796,486,success,2026-06-06 20:39:50,1,time_ms,ms
nature_2026_07,3,GeNN (GPU),genn,Sugar GRNs (200 Hz),sugar,16,0.1,/home/buidl/GitHub-Linux/fly-brain/data/results/nature_2026_07/round_03/genn_t0.1s_n16.parquet,25173,399,success,2026-06-06 20:40:06,1,time_ms,ms
nature_2026_07,3,GeNN (GPU),genn,Sugar GRNs (200 Hz),sugar,16,1.0,/home/buidl/GitHub-Linux/fly-brain/data/results/nature_2026_07/round_03/genn_t1.0s_n16.parquet,273580,444,success,2026-06-06 20:40:33,1,time_ms,ms
nature_2026_07,3,GeNN (GPU),genn,Sugar GRNs (200 Hz),sugar,16,10.0,/home/buidl/GitHub-Linux/fly-brain/data/results/nature_2026_07/round_03/genn_t10.0s_n16.parquet,2754818,463,success,2026-06-06 20:42:39,1,time_ms,ms
nature_2026_07,3,GeNN (GPU),genn,Sugar GRNs (200 Hz),sugar,16,100.0,/home/buidl/GitHub-Linux/fly-brain/data/results/nature_2026_07/round_03/genn_t100.0s_n16.parquet,27622970,493,success,2026-06-06 20:58:33,1,time_ms,ms
nature_2026_07,3,GeNN (GPU),genn,Sugar GRNs (200 Hz),sugar,32,0.1,/home/buidl/GitHub-Linux/fly-brain/data/results/nature_2026_07/round_03/genn_t0.1s_n32.parquet,50115,409,success,2026-06-06 20:58:50,1,time_ms,ms
nature_2026_07,3,GeNN (GPU),genn,Sugar GRNs (200 Hz),sugar,32,1.0,/home/buidl/GitHub-Linux/fly-brain/data/results/nature_2026_07/round_03/genn_t1.0s_n32.parquet,547221,452,success,2026-06-06 20:59:28,1,time_ms,ms
nature_2026_07,3,GeNN (GPU),genn,Sugar GRNs (200 Hz),sugar,32,10.0,/home/buidl/GitHub-Linux/fly-brain/data/results/nature_2026_07/round_03/genn_t10.0s_n32.parquet,5515961,503,success,2026-06-06 21:02:51,1,time_ms,ms
nature_2026_07,3,GeNN (GPU),genn,Sugar GRNs (200 Hz),sugar,32,100.0,/home/buidl/GitHub-Linux/fly-brain/data/results/nature_2026_07/round_03/genn_t100.0s_n32.parquet,55254431,522,success,2026-06-06 21:36:12,1,time_ms,ms
nature_2026_07,3,Brian2GeNN (GPU),brian2genn,Sugar GRNs (200 Hz),sugar,1,0.1,/home/buidl/GitHub-Linux/fly-brain/data/results/nature_2026_07/round_03/brian2genn_t0.1s_n1.parquet,1507,322,success,2026-06-07 13:38:09,1,time_ms,ms
nature_2026_07,3,Brian2GeNN (GPU),brian2genn,Sugar GRNs (200 Hz),sugar,1,1.0,/home/buidl/GitHub-Linux/fly-brain/data/results/nature_2026_07/round_03/brian2genn_t1.0s_n1.parquet,17074,400,success,2026-06-07 13:38:41,1,time_ms,ms
nature_2026_07,3,Brian2GeNN (GPU),brian2genn,Sugar GRNs (200 Hz),sugar,1,10.0,/home/buidl/GitHub-Linux/fly-brain/data/results/nature_2026_07/round_03/brian2genn_t10.0s_n1.parquet,170649,438,success,2026-06-07 13:39:29,1,time_ms,ms
nature_2026_07,3,Brian2GeNN (GPU),brian2genn,Sugar GRNs (200 Hz),sugar,1,100.0,/home/buidl/GitHub-Linux/fly-brain/data/results/nature_2026_07/round_03/brian2genn_t100.0s_n1.parquet,1706068,453,success,2026-06-07 13:43:12,1,time_ms,ms
nature_2026_07,3,Brian2GeNN (GPU),brian2genn,Sugar GRNs (200 Hz),sugar,4,0.1,/home/buidl/GitHub-Linux/fly-brain/data/results/nature_2026_07/round_03/brian2genn_t0.1s_n4.parquet,6197,361,success,2026-06-07 13:45:10,1,time_ms,ms
nature_2026_07,3,Brian2GeNN (GPU),brian2genn,Sugar GRNs (200 Hz),sugar,4,1.0,/home/buidl/GitHub-Linux/fly-brain/data/results/nature_2026_07/round_03/brian2genn_t1.0s_n4.parquet,68302,426,success,2026-06-07 13:47:19,1,time_ms,ms
nature_2026_07,3,Brian2GeNN (GPU),brian2genn,Sugar GRNs (200 Hz),sugar,4,10.0,/home/buidl/GitHub-Linux/fly-brain/data/results/nature_2026_07/round_03/brian2genn_t10.0s_n4.parquet,683802,445,success,2026-06-07 13:50:30,1,time_ms,ms
nature_2026_07,3,Brian2GeNN (GPU),brian2genn,Sugar GRNs (200 Hz),sugar,4,100.0,/home/buidl/GitHub-Linux/fly-brain/data/results/nature_2026_07/round_03/brian2genn_t100.0s_n4.parquet,6833728,479,success,2026-06-07 14:05:25,1,time_ms,ms
nature_2026_07,3,Brian2GeNN (GPU),brian2genn,Sugar GRNs (200 Hz),sugar,8,0.1,/home/buidl/GitHub-Linux/fly-brain/data/results/nature_2026_07/round_03/brian2genn_t0.1s_n8.parquet,12664,375,success,2026-06-07 14:09:23,1,time_ms,ms
nature_2026_07,3,Brian2GeNN (GPU),brian2genn,Sugar GRNs (200 Hz),sugar,8,1.0,/home/buidl/GitHub-Linux/fly-brain/data/results/nature_2026_07/round_03/brian2genn_t1.0s_n8.parquet,136498,433,success,2026-06-07 14:13:28,1,time_ms,ms
nature_2026_07,3,Brian2GeNN (GPU),brian2genn,Sugar GRNs (200 Hz),sugar,8,10.0,/home/buidl/GitHub-Linux/fly-brain/data/results/nature_2026_07/round_03/brian2genn_t10.0s_n8.parquet,1368179,451,success,2026-06-07 14:19:55,1,time_ms,ms
nature_2026_07,3,Brian2GeNN (GPU),brian2genn,Sugar GRNs (200 Hz),sugar,8,100.0,/home/buidl/GitHub-Linux/fly-brain/data/results/nature_2026_07/round_03/brian2genn_t100.0s_n8.parquet,13654785,487,success,2026-06-07 14:49:48,1,time_ms,ms
nature_2026_07,3,Brian2GeNN (GPU),brian2genn,Sugar GRNs (200 Hz),sugar,16,0.1,/home/buidl/GitHub-Linux/fly-brain/data/results/nature_2026_07/round_03/brian2genn_t0.1s_n16.parquet,24716,388,success,2026-06-07 14:57:36,1,time_ms,ms
nature_2026_07,3,Brian2GeNN (GPU),brian2genn,Sugar GRNs (200 Hz),sugar,16,1.0,/home/buidl/GitHub-Linux/fly-brain/data/results/nature_2026_07/round_03/brian2genn_t1.0s_n16.parquet,271299,440,success,2026-06-07 15:06:00,1,time_ms,ms
nature_2026_07,3,Brian2GeNN (GPU),brian2genn,Sugar GRNs (200 Hz),sugar,16,10.0,/home/buidl/GitHub-Linux/fly-brain/data/results/nature_2026_07/round_03/brian2genn_t10.0s_n16.parquet,2733028,452,success,2026-06-07 15:19:16,1,time_ms,ms
nature_2026_07,3,Brian2GeNN (GPU),brian2genn,Sugar GRNs (200 Hz),sugar,16,100.0,/home/buidl/GitHub-Linux/fly-brain/data/results/nature_2026_07/round_03/brian2genn_t100.0s_n16.parquet,27310068,493,success,2026-06-07 16:19:06,1,time_ms,ms
nature_2026_07,3,Brian2GeNN (GPU),brian2genn,Sugar GRNs (200 Hz),sugar,32,0.1,/home/buidl/GitHub-Linux/fly-brain/data/results/nature_2026_07/round_03/brian2genn_t0.1s_n32.parquet,49762,396,success,2026-06-07 16:34:40,1,time_ms,ms
nature_2026_07,3,Brian2GeNN (GPU),brian2genn,Sugar GRNs (200 Hz),sugar,32,1.0,/home/buidl/GitHub-Linux/fly-brain/data/results/nature_2026_07/round_03/brian2genn_t1.0s_n32.parquet,542199,443,success,2026-06-07 16:51:29,1,time_ms,ms
nature_2026_07,3,Brian2GeNN (GPU),brian2genn,Sugar GRNs (200 Hz),sugar,32,10.0,/home/buidl/GitHub-Linux/fly-brain/data/results/nature_2026_07/round_03/brian2genn_t10.0s_n32.parquet,5462128,467,success,2026-06-07 17:18:29,1,time_ms,ms
nature_2026_07,3,Brian2GeNN (GPU),brian2genn,Sugar GRNs (200 Hz),sugar,32,100.0,/home/buidl/GitHub-Linux/fly-brain/data/results/nature_2026_07/round_03/brian2genn_t100.0s_n32.parquet,54587460,494,success,2026-06-07 19:23:22,1,time_ms,ms
nature_2026_07,4,Brian2 (CPU),brian2cpp,Sugar GRNs (200 Hz),sugar,1,0.1,/home/buidl/GitHub-Linux/fly-brain/data/results/nature_2026_07/round_04/brian2cpp_t0.1s_n1.parquet,1462,307,success,2026-05-24 01:49:10,1,time_ms,ms
nature_2026_07,4,Brian2 (CPU),brian2cpp,Sugar GRNs (200 Hz),sugar,1,1.0,/home/buidl/GitHub-Linux/fly-brain/data/results/nature_2026_07/round_04/brian2cpp_t1.0s_n1.parquet,16850,397,success,2026-05-24 01:49:16,1,time_ms,ms
nature_2026_07,4,Brian2 (CPU),brian2cpp,Sugar GRNs (200 Hz),sugar,1,10.0,/home/buidl/GitHub-Linux/fly-brain/data/results/nature_2026_07/round_04/brian2cpp_t10.0s_n1.parquet,170954,437,success,2026-05-24 01:49:42,1,time_ms,ms
nature_2026_07,4,Brian2 (CPU),brian2cpp,Sugar GRNs (200 Hz),sugar,1,100.0,/home/buidl/GitHub-Linux/fly-brain/data/results/nature_2026_07/round_04/brian2cpp_t100.0s_n1.parquet,1703704,460,success,2026-05-24 01:54:10,1,time_ms,ms
nature_2026_07,4,Brian2 (CPU),brian2cpp,Sugar GRNs (200 Hz),sugar,4,0.1,/home/buidl/GitHub-Linux/fly-brain/data/results/nature_2026_07/round_04/brian2cpp_t0.1s_n4.parquet,6116,373,success,2026-05-24 01:54:15,1,time_ms,ms
nature_2026_07,4,Brian2 (CPU),brian2cpp,Sugar GRNs (200 Hz),sugar,4,1.0,/home/buidl/GitHub-Linux/fly-brain/data/results/nature_2026_07/round_04/brian2cpp_t1.0s_n4.parquet,67229,426,success,2026-05-24 01:54:24,1,time_ms,ms
nature_2026_07,4,Brian2 (CPU),brian2cpp,Sugar GRNs (200 Hz),sugar,4,10.0,/home/buidl/GitHub-Linux/fly-brain/data/results/nature_2026_07/round_04/brian2cpp_t10.0s_n4.parquet,684391,455,success,2026-05-24 01:55:09,1,time_ms,ms
nature_2026_07,4,Brian2 (CPU),brian2cpp,Sugar GRNs (200 Hz),sugar,4,100.0,/home/buidl/GitHub-Linux/fly-brain/data/results/nature_2026_07/round_04/brian2cpp_t100.0s_n4.parquet,6824071,472,success,2026-05-24 02:03:18,1,time_ms,ms
nature_2026_07,4,Brian2 (CPU),brian2cpp,Sugar GRNs (200 Hz),sugar,8,0.1,/home/buidl/GitHub-Linux/fly-brain/data/results/nature_2026_07/round_04/brian2cpp_t0.1s_n8.parquet,12366,376,success,2026-05-24 02:03:24,1,time_ms,ms
nature_2026_07,4,Brian2 (CPU),brian2cpp,Sugar GRNs (200 Hz),sugar,8,1.0,/home/buidl/GitHub-Linux/fly-brain/data/results/nature_2026_07/round_04/brian2cpp_t1.0s_n8.parquet,135556,436,success,2026-05-24 02:03:37,1,time_ms,ms
nature_2026_07,4,Brian2 (CPU),brian2cpp,Sugar GRNs (200 Hz),sugar,8,10.0,/home/buidl/GitHub-Linux/fly-brain/data/results/nature_2026_07/round_04/brian2cpp_t10.0s_n8.parquet,1365238,460,success,2026-05-24 02:04:48,1,time_ms,ms
nature_2026_07,4,Brian2 (CPU),brian2cpp,Sugar GRNs (200 Hz),sugar,8,100.0,/home/buidl/GitHub-Linux/fly-brain/data/results/nature_2026_07/round_04/brian2cpp_t100.0s_n8.parquet,13651465,479,success,2026-05-24 02:17:21,1,time_ms,ms
nature_2026_07,4,Brian2 (CPU),brian2cpp,Sugar GRNs (200 Hz),sugar,16,0.1,/home/buidl/GitHub-Linux/fly-brain/data/results/nature_2026_07/round_04/brian2cpp_t0.1s_n16.parquet,24475,384,success,2026-05-24 02:17:27,1,time_ms,ms
nature_2026_07,4,Brian2 (CPU),brian2cpp,Sugar GRNs (200 Hz),sugar,16,1.0,/home/buidl/GitHub-Linux/fly-brain/data/results/nature_2026_07/round_04/brian2cpp_t1.0s_n16.parquet,269857,435,success,2026-05-24 02:17:54,1,time_ms,ms
nature_2026_07,4,Brian2 (CPU),brian2cpp,Sugar GRNs (200 Hz),sugar,16,10.0,/home/buidl/GitHub-Linux/fly-brain/data/results/nature_2026_07/round_04/brian2cpp_t10.0s_n16.parquet,2724051,462,success,2026-05-24 02:21:16,1,time_ms,ms
nature_2026_07,4,Brian2 (CPU),brian2cpp,Sugar GRNs (200 Hz),sugar,16,100.0,/home/buidl/GitHub-Linux/fly-brain/data/results/nature_2026_07/round_04/brian2cpp_t100.0s_n16.parquet,27297532,487,success,2026-05-24 02:54:15,1,time_ms,ms
nature_2026_07,4,Brian2 (CPU),brian2cpp,Sugar GRNs (200 Hz),sugar,32,0.1,/home/buidl/GitHub-Linux/fly-brain/data/results/nature_2026_07/round_04/brian2cpp_t0.1s_n32.parquet,49772,397,success,2026-05-24 02:54:34,1,time_ms,ms
nature_2026_07,4,Brian2 (CPU),brian2cpp,Sugar GRNs (200 Hz),sugar,32,1.0,/home/buidl/GitHub-Linux/fly-brain/data/results/nature_2026_07/round_04/brian2cpp_t1.0s_n32.parquet,541320,450,success,2026-05-24 02:55:42,1,time_ms,ms
nature_2026_07,4,Brian2 (CPU),brian2cpp,Sugar GRNs (200 Hz),sugar,32,10.0,/home/buidl/GitHub-Linux/fly-brain/data/results/nature_2026_07/round_04/brian2cpp_t10.0s_n32.parquet,5453967,466,success,2026-05-24 03:02:33,1,time_ms,ms
nature_2026_07,4,Brian2 (CPU),brian2cpp,Sugar GRNs (200 Hz),sugar,32,100.0,/home/buidl/GitHub-Linux/fly-brain/data/results/nature_2026_07/round_04/brian2cpp_t100.0s_n32.parquet,54594459,494,success,2026-05-24 04:12:54,1,time_ms,ms
nature_2026_07,4,Brian2CUDA (GPU),brian2cuda,Sugar GRNs (200 Hz),sugar,1,0.1,/home/buidl/GitHub-Linux/fly-brain/data/results/nature_2026_07/round_04/brian2cuda_t0.1s_n1.parquet,1615,338,success,2026-05-24 04:13:29,1,time_ms,ms
nature_2026_07,4,Brian2CUDA (GPU),brian2cuda,Sugar GRNs (200 Hz),sugar,1,1.0,/home/buidl/GitHub-Linux/fly-brain/data/results/nature_2026_07/round_04/brian2cuda_t1.0s_n1.parquet,17310,405,success,2026-05-24 04:14:01,1,time_ms,ms
nature_2026_07,4,Brian2CUDA (GPU),brian2cuda,Sugar GRNs (200 Hz),sugar,1,10.0,/home/buidl/GitHub-Linux/fly-brain/data/results/nature_2026_07/round_04/brian2cuda_t10.0s_n1.parquet,170258,431,success,2026-05-24 04:15:06,1,time_ms,ms
nature_2026_07,4,Brian2CUDA (GPU),brian2cuda,Sugar GRNs (200 Hz),sugar,1,100.0,/home/buidl/GitHub-Linux/fly-brain/data/results/nature_2026_07/round_04/brian2cuda_t100.0s_n1.parquet,1708659,460,success,2026-05-24 04:21:32,1,time_ms,ms
nature_2026_07,4,Brian2CUDA (GPU),brian2cuda,Sugar GRNs (200 Hz),sugar,4,0.1,/home/buidl/GitHub-Linux/fly-brain/data/results/nature_2026_07/round_04/brian2cuda_t0.1s_n4.parquet,6168,363,success,2026-05-24 04:22:31,1,time_ms,ms
nature_2026_07,4,Brian2CUDA (GPU),brian2cuda,Sugar GRNs (200 Hz),sugar,4,1.0,/home/buidl/GitHub-Linux/fly-brain/data/results/nature_2026_07/round_04/brian2cuda_t1.0s_n4.parquet,66910,430,success,2026-05-24 04:23:43,1,time_ms,ms
nature_2026_07,4,Brian2CUDA (GPU),brian2cuda,Sugar GRNs (200 Hz),sugar,4,10.0,/home/buidl/GitHub-Linux/fly-brain/data/results/nature_2026_07/round_04/brian2cuda_t10.0s_n4.parquet,683675,448,success,2026-05-24 04:26:58,1,time_ms,ms
nature_2026_07,4,Brian2CUDA (GPU),brian2cuda,Sugar GRNs (200 Hz),sugar,4,100.0,/home/buidl/GitHub-Linux/fly-brain/data/results/nature_2026_07/round_04/brian2cuda_t100.0s_n4.parquet,6829876,466,success,2026-05-24 04:51:38,1,time_ms,ms
nature_2026_07,4,Brian2CUDA (GPU),brian2cuda,Sugar GRNs (200 Hz),sugar,8,0.1,/home/buidl/GitHub-Linux/fly-brain/data/results/nature_2026_07/round_04/brian2cuda_t0.1s_n8.parquet,12817,374,success,2026-05-24 04:53:13,1,time_ms,ms
nature_2026_07,4,Brian2CUDA (GPU),brian2cuda,Sugar GRNs (200 Hz),sugar,8,1.0,/home/buidl/GitHub-Linux/fly-brain/data/results/nature_2026_07/round_04/brian2cuda_t1.0s_n8.parquet,134717,433,success,2026-05-24 04:55:14,1,time_ms,ms
nature_2026_07,4,Brian2CUDA (GPU),brian2cuda,Sugar GRNs (200 Hz),sugar,8,10.0,/home/buidl/GitHub-Linux/fly-brain/data/results/nature_2026_07/round_04/brian2cuda_t10.0s_n8.parquet,1362186,454,success,2026-05-24 05:01:32,1,time_ms,ms
nature_2026_07,4,Brian2CUDA (GPU),brian2cuda,Sugar GRNs (200 Hz),sugar,8,100.0,/home/buidl/GitHub-Linux/fly-brain/data/results/nature_2026_07/round_04/brian2cuda_t100.0s_n8.parquet,13655174,484,success,2026-05-24 05:51:12,1,time_ms,ms
nature_2026_07,4,Brian2CUDA (GPU),brian2cuda,Sugar GRNs (200 Hz),sugar,16,0.1,/home/buidl/GitHub-Linux/fly-brain/data/results/nature_2026_07/round_04/brian2cuda_t0.1s_n16.parquet,24055,381,success,2026-05-24 05:54:25,1,time_ms,ms
nature_2026_07,4,Brian2CUDA (GPU),brian2cuda,Sugar GRNs (200 Hz),sugar,16,1.0,/home/buidl/GitHub-Linux/fly-brain/data/results/nature_2026_07/round_04/brian2cuda_t1.0s_n16.parquet,271158,446,success,2026-05-24 05:58:41,1,time_ms,ms
nature_2026_07,4,Brian2CUDA (GPU),brian2cuda,Sugar GRNs (200 Hz),sugar,16,10.0,/home/buidl/GitHub-Linux/fly-brain/data/results/nature_2026_07/round_04/brian2cuda_t10.0s_n16.parquet,2737276,465,success,2026-05-24 06:11:35,1,time_ms,ms
nature_2026_07,4,Brian2CUDA (GPU),brian2cuda,Sugar GRNs (200 Hz),sugar,16,100.0,/home/buidl/GitHub-Linux/fly-brain/data/results/nature_2026_07/round_04/brian2cuda_t100.0s_n16.parquet,27283910,487,success,2026-05-24 07:45:55,1,time_ms,ms
nature_2026_07,4,Brian2CUDA (GPU),brian2cuda,Sugar GRNs (200 Hz),sugar,32,0.1,/home/buidl/GitHub-Linux/fly-brain/data/results/nature_2026_07/round_04/brian2cuda_t0.1s_n32.parquet,48450,394,success,2026-05-24 07:50:55,1,time_ms,ms
nature_2026_07,4,Brian2CUDA (GPU),brian2cuda,Sugar GRNs (200 Hz),sugar,32,1.0,/home/buidl/GitHub-Linux/fly-brain/data/results/nature_2026_07/round_04/brian2cuda_t1.0s_n32.parquet,542143,444,success,2026-05-24 07:57:34,1,time_ms,ms
nature_2026_07,4,Brian2CUDA (GPU),brian2cuda,Sugar GRNs (200 Hz),sugar,32,10.0,/home/buidl/GitHub-Linux/fly-brain/data/results/nature_2026_07/round_04/brian2cuda_t10.0s_n32.parquet,5461390,473,success,2026-05-24 08:20:19,1,time_ms,ms
nature_2026_07,4,Brian2CUDA (GPU),brian2cuda,Sugar GRNs (200 Hz),sugar,32,100.0,/home/buidl/GitHub-Linux/fly-brain/data/results/nature_2026_07/round_04/brian2cuda_t100.0s_n32.parquet,54573151,494,success,2026-05-24 11:26:40,1,time_ms,ms
nature_2026_07,4,PyTorch (CUDA),pytorch,Sugar GRNs (200 Hz),sugar,1,0.1,/home/buidl/GitHub-Linux/fly-brain/data/results/nature_2026_07/round_04/pytorch_t0.1s_n1.parquet,1580,321,success,2026-07-12 06:32:01,1,time_ms,ms
nature_2026_07,4,PyTorch (CUDA),pytorch,Sugar GRNs (200 Hz),sugar,1,1.0,/home/buidl/GitHub-Linux/fly-brain/data/results/nature_2026_07/round_04/pytorch_t1.0s_n1.parquet,16811,398,success,2026-07-12 06:32:11,1,time_ms,ms
nature_2026_07,4,PyTorch (CUDA),pytorch,Sugar GRNs (200 Hz),sugar,1,10.0,/home/buidl/GitHub-Linux/fly-brain/data/results/nature_2026_07/round_04/pytorch_t10.0s_n1.parquet,171753,433,success,2026-07-12 06:33:43,1,time_ms,ms
nature_2026_07,4,PyTorch (CUDA),pytorch,Sugar GRNs (200 Hz),sugar,1,100.0,/home/buidl/GitHub-Linux/fly-brain/data/results/nature_2026_07/round_04/pytorch_t100.0s_n1.parquet,1733684,450,success,2026-07-12 06:49:16,1,time_ms,ms
nature_2026_07,4,PyTorch (CUDA),pytorch,Sugar GRNs (200 Hz),sugar,4,0.1,/home/buidl/GitHub-Linux/fly-brain/data/results/nature_2026_07/round_04/pytorch_t0.1s_n4.parquet,6301,358,success,2026-07-12 06:49:20,1,time_ms,ms
nature_2026_07,4,PyTorch (CUDA),pytorch,Sugar GRNs (200 Hz),sugar,4,1.0,/home/buidl/GitHub-Linux/fly-brain/data/results/nature_2026_07/round_04/pytorch_t1.0s_n4.parquet,68846,435,success,2026-07-12 06:49:51,1,time_ms,ms
nature_2026_07,4,PyTorch (CUDA),pytorch,Sugar GRNs (200 Hz),sugar,4,10.0,/home/buidl/GitHub-Linux/fly-brain/data/results/nature_2026_07/round_04/pytorch_t10.0s_n4.parquet,691594,450,success,2026-07-12 06:55:01,1,time_ms,ms
nature_2026_07,4,PyTorch (CUDA),pytorch,Sugar GRNs (200 Hz),sugar,4,100.0,/home/buidl/GitHub-Linux/fly-brain/data/results/nature_2026_07/round_04/pytorch_t100.0s_n4.parquet,6919788,479,success,2026-07-12 07:46:45,1,time_ms,ms
nature_2026_07,4,PyTorch (CUDA),pytorch,Sugar GRNs (200 Hz),sugar,8,0.1,/home/buidl/GitHub-Linux/fly-brain/data/results/nature_2026_07/round_04/pytorch_t0.1s_n8.parquet,12469,377,success,2026-07-12 07:46:50,1,time_ms,ms
nature_2026_07,4,PyTorch (CUDA),pytorch,Sugar GRNs (200 Hz),sugar,8,1.0,/home/buidl/GitHub-Linux/fly-brain/data/results/nature_2026_07/round_04/pytorch_t1.0s_n8.parquet,137630,431,success,2026-07-12 07:47:37,1,time_ms,ms
nature_2026_07,4,PyTorch (CUDA),pytorch,Sugar GRNs (200 Hz),sugar,8,10.0,/home/buidl/GitHub-Linux/fly-brain/data/results/nature_2026_07/round_04/pytorch_t10.0s_n8.parquet,1380073,462,success,2026-07-12 07:55:21,1,time_ms,ms
nature_2026_07,4,PyTorch (CUDA),pytorch,Sugar GRNs (200 Hz),sugar,8,100.0,/home/buidl/GitHub-Linux/fly-brain/data/results/nature_2026_07/round_04/pytorch_t100.0s_n8.parquet,13827921,487,success,2026-07-12 09:12:48,1,time_ms,ms
nature_2026_07,4,PyTorch (CUDA),pytorch,Sugar GRNs (200 Hz),sugar,16,0.1,/home/buidl/GitHub-Linux/fly-brain/data/results/nature_2026_07/round_04/pytorch_t0.1s_n16.parquet,25035,416,success,2026-07-12 09:12:58,1,time_ms,ms
nature_2026_07,4,PyTorch (CUDA),pytorch,Sugar GRNs (200 Hz),sugar,16,1.0,/home/buidl/GitHub-Linux/fly-brain/data/results/nature_2026_07/round_04/pytorch_t1.0s_n16.parquet,275233,444,success,2026-07-12 09:14:25,1,time_ms,ms
nature_2026_07,4,PyTorch (CUDA),pytorch,Sugar GRNs (200 Hz),sugar,16,10.0,/home/buidl/GitHub-Linux/fly-brain/data/results/nature_2026_07/round_04/pytorch_t10.0s_n16.parquet,2763765,468,success,2026-07-12 09:29:05,1,time_ms,ms
nature_2026_07,4,PyTorch (CUDA),pytorch,Sugar GRNs (200 Hz),sugar,16,100.0,/home/buidl/GitHub-Linux/fly-brain/data/results/nature_2026_07/round_04/pytorch_t100.0s_n16.parquet,27669689,492,success,2026-07-12 11:57:55,1,time_ms,ms
nature_2026_07,4,PyTorch (CUDA),pytorch,Sugar GRNs (200 Hz),sugar,32,0.1,/home/buidl/GitHub-Linux/fly-brain/data/results/nature_2026_07/round_04/pytorch_t0.1s_n32.parquet,49934,392,success,2026-07-12 11:58:14,1,time_ms,ms
nature_2026_07,4,PyTorch (CUDA),pytorch,Sugar GRNs (200 Hz),sugar,32,1.0,/home/buidl/GitHub-Linux/fly-brain/data/results/nature_2026_07/round_04/pytorch_t1.0s_n32.parquet,548117,451,success,2026-07-12 12:01:16,1,time_ms,ms
nature_2026_07,4,PyTorch (CUDA),pytorch,Sugar GRNs (200 Hz),sugar,32,10.0,/home/buidl/GitHub-Linux/fly-brain/data/results/nature_2026_07/round_04/pytorch_t10.0s_n32.parquet,5530324,482,success,2026-07-12 12:31:30,1,time_ms,ms
nature_2026_07,4,PyTorch (CUDA),pytorch,Sugar GRNs (200 Hz),sugar,32,100.0,/home/buidl/GitHub-Linux/fly-brain/data/results/nature_2026_07/round_04/pytorch_t100.0s_n32.parquet,55401159,497,success,2026-07-12 17:45:49,1,time_ms,ms
nature_2026_07,4,NEST GPU,nestgpu,Sugar GRNs (200 Hz),sugar,1,0.1,/home/buidl/GitHub-Linux/fly-brain/data/results/nature_2026_07/round_04/nestgpu_t0.1s_n1.parquet,1472,338,success,2026-07-12 17:45:55,1,time_ms,ms
nature_2026_07,4,NEST GPU,nestgpu,Sugar GRNs (200 Hz),sugar,1,1.0,/home/buidl/GitHub-Linux/fly-brain/data/results/nature_2026_07/round_04/nestgpu_t1.0s_n1.parquet,17233,412,success,2026-07-12 17:46:02,1,time_ms,ms
nature_2026_07,4,NEST GPU,nestgpu,Sugar GRNs (200 Hz),sugar,1,10.0,/home/buidl/GitHub-Linux/fly-brain/data/results/nature_2026_07/round_04/nestgpu_t10.0s_n1.parquet,172561,433,success,2026-07-12 17:46:20,1,time_ms,ms
nature_2026_07,4,NEST GPU,nestgpu,Sugar GRNs (200 Hz),sugar,1,100.0,/home/buidl/GitHub-Linux/fly-brain/data/results/nature_2026_07/round_04/nestgpu_t100.0s_n1.parquet,1727992,456,success,2026-07-12 17:48:49,1,time_ms,ms
nature_2026_07,4,NEST GPU,nestgpu,Sugar GRNs (200 Hz),sugar,4,0.1,/home/buidl/GitHub-Linux/fly-brain/data/results/nature_2026_07/round_04/nestgpu_t0.1s_n4.parquet,5888,338,success,2026-07-12 17:49:10,1,time_ms,ms
nature_2026_07,4,NEST GPU,nestgpu,Sugar GRNs (200 Hz),sugar,4,1.0,/home/buidl/GitHub-Linux/fly-brain/data/results/nature_2026_07/round_04/nestgpu_t1.0s_n4.parquet,68932,412,success,2026-07-12 17:49:35,1,time_ms,ms
nature_2026_07,4,NEST GPU,nestgpu,Sugar GRNs (200 Hz),sugar,4,10.0,/home/buidl/GitHub-Linux/fly-brain/data/results/nature_2026_07/round_04/nestgpu_t10.0s_n4.parquet,690244,433,success,2026-07-12 17:50:49,1,time_ms,ms
nature_2026_07,4,NEST GPU,nestgpu,Sugar GRNs (200 Hz),sugar,4,100.0,/home/buidl/GitHub-Linux/fly-brain/data/results/nature_2026_07/round_04/nestgpu_t100.0s_n4.parquet,6911968,456,success,2026-07-12 18:00:47,1,time_ms,ms
nature_2026_07,4,NEST GPU,nestgpu,Sugar GRNs (200 Hz),sugar,8,0.1,/home/buidl/GitHub-Linux/fly-brain/data/results/nature_2026_07/round_04/nestgpu_t0.1s_n8.parquet,11776,338,success,2026-07-12 18:01:30,1,time_ms,ms
nature_2026_07,4,NEST GPU,nestgpu,Sugar GRNs (200 Hz),sugar,8,1.0,/home/buidl/GitHub-Linux/fly-brain/data/results/nature_2026_07/round_04/nestgpu_t1.0s_n8.parquet,137864,412,success,2026-07-12 18:02:20,1,time_ms,ms
nature_2026_07,4,NEST GPU,nestgpu,Sugar GRNs (200 Hz),sugar,8,10.0,/home/buidl/GitHub-Linux/fly-brain/data/results/nature_2026_07/round_04/nestgpu_t10.0s_n8.parquet,1380488,433,success,2026-07-12 18:04:37,1,time_ms,ms
nature_2026_07,4,NEST GPU,nestgpu,Sugar GRNs (200 Hz),sugar,8,100.0,/home/buidl/GitHub-Linux/fly-brain/data/results/nature_2026_07/round_04/nestgpu_t100.0s_n8.parquet,13823936,456,success,2026-07-12 18:21:19,1,time_ms,ms
nature_2026_07,4,NEST GPU,nestgpu,Sugar GRNs (200 Hz),sugar,16,0.1,/home/buidl/GitHub-Linux/fly-brain/data/results/nature_2026_07/round_04/nestgpu_t0.1s_n16.parquet,23552,338,success,2026-07-12 18:22:50,1,time_ms,ms
nature_2026_07,4,NEST GPU,nestgpu,Sugar GRNs (200 Hz),sugar,16,1.0,/home/buidl/GitHub-Linux/fly-brain/data/results/nature_2026_07/round_04/nestgpu_t1.0s_n16.parquet,275728,412,success,2026-07-12 18:24:36,1,time_ms,ms
nature_2026_07,4,NEST GPU,nestgpu,Sugar GRNs (200 Hz),sugar,16,10.0,/home/buidl/GitHub-Linux/fly-brain/data/results/nature_2026_07/round_04/nestgpu_t10.0s_n16.parquet,2760976,433,success,2026-07-12 18:29:03,1,time_ms,ms
nature_2026_07,4,NEST GPU,nestgpu,Sugar GRNs (200 Hz),sugar,16,100.0,/home/buidl/GitHub-Linux/fly-brain/data/results/nature_2026_07/round_04/nestgpu_t100.0s_n16.parquet,27647872,456,success,2026-07-12 19:04:31,1,time_ms,ms
nature_2026_07,4,NEST GPU,nestgpu,Sugar GRNs (200 Hz),sugar,32,0.1,/home/buidl/GitHub-Linux/fly-brain/data/results/nature_2026_07/round_04/nestgpu_t0.1s_n32.parquet,47104,338,success,2026-07-12 19:07:45,1,time_ms,ms
nature_2026_07,4,NEST GPU,nestgpu,Sugar GRNs (200 Hz),sugar,32,1.0,/home/buidl/GitHub-Linux/fly-brain/data/results/nature_2026_07/round_04/nestgpu_t1.0s_n32.parquet,551456,412,success,2026-07-12 19:11:26,1,time_ms,ms
nature_2026_07,4,NEST GPU,nestgpu,Sugar GRNs (200 Hz),sugar,32,10.0,/home/buidl/GitHub-Linux/fly-brain/data/results/nature_2026_07/round_04/nestgpu_t10.0s_n32.parquet,5521952,433,success,2026-07-13 11:38:02,1,time_ms,ms
nature_2026_07,4,NEST GPU,nestgpu,Sugar GRNs (200 Hz),sugar,32,100.0,/home/buidl/GitHub-Linux/fly-brain/data/results/nature_2026_07/round_04/nestgpu_t100.0s_n32.parquet,55295744,456,success,2026-07-13 12:41:08,1,time_ms,ms
nature_2026_07,4,GeNN (GPU),genn,Sugar GRNs (200 Hz),sugar,1,0.1,/home/buidl/GitHub-Linux/fly-brain/data/results/nature_2026_07/round_04/genn_t0.1s_n1.parquet,1443,315,success,2026-06-06 21:36:29,1,time_ms,ms
nature_2026_07,4,GeNN (GPU),genn,Sugar GRNs (200 Hz),sugar,1,1.0,/home/buidl/GitHub-Linux/fly-brain/data/results/nature_2026_07/round_04/genn_t1.0s_n1.parquet,16978,386,success,2026-06-06 21:36:45,1,time_ms,ms
nature_2026_07,4,GeNN (GPU),genn,Sugar GRNs (200 Hz),sugar,1,10.0,/home/buidl/GitHub-Linux/fly-brain/data/results/nature_2026_07/round_04/genn_t10.0s_n1.parquet,173131,438,success,2026-06-06 21:37:10,1,time_ms,ms
nature_2026_07,4,GeNN (GPU),genn,Sugar GRNs (200 Hz),sugar,1,100.0,/home/buidl/GitHub-Linux/fly-brain/data/results/nature_2026_07/round_04/genn_t100.0s_n1.parquet,1725771,466,success,2026-06-06 21:38:28,1,time_ms,ms
nature_2026_07,4,GeNN (GPU),genn,Sugar GRNs (200 Hz),sugar,4,0.1,/home/buidl/GitHub-Linux/fly-brain/data/results/nature_2026_07/round_04/genn_t0.1s_n4.parquet,6217,363,success,2026-06-06 21:38:46,1,time_ms,ms
nature_2026_07,4,GeNN (GPU),genn,Sugar GRNs (200 Hz),sugar,4,1.0,/home/buidl/GitHub-Linux/fly-brain/data/results/nature_2026_07/round_04/genn_t1.0s_n4.parquet,68189,434,success,2026-06-06 21:39:03,1,time_ms,ms
nature_2026_07,4,GeNN (GPU),genn,Sugar GRNs (200 Hz),sugar,4,10.0,/home/buidl/GitHub-Linux/fly-brain/data/results/nature_2026_07/round_04/genn_t10.0s_n4.parquet,690425,447,success,2026-06-06 21:39:33,1,time_ms,ms
nature_2026_07,4,GeNN (GPU),genn,Sugar GRNs (200 Hz),sugar,4,100.0,/home/buidl/GitHub-Linux/fly-brain/data/results/nature_2026_07/round_04/genn_t100.0s_n4.parquet,6900210,480,success,2026-06-06 21:41:33,1,time_ms,ms
nature_2026_07,4,GeNN (GPU),genn,Sugar GRNs (200 Hz),sugar,8,0.1,/home/buidl/GitHub-Linux/fly-brain/data/results/nature_2026_07/round_04/genn_t0.1s_n8.parquet,12458,375,success,2026-06-06 21:41:47,1,time_ms,ms
nature_2026_07,4,GeNN (GPU),genn,Sugar GRNs (200 Hz),sugar,8,1.0,/home/buidl/GitHub-Linux/fly-brain/data/results/nature_2026_07/round_04/genn_t1.0s_n8.parquet,136329,436,success,2026-06-06 21:42:05,1,time_ms,ms
nature_2026_07,4,GeNN (GPU),genn,Sugar GRNs (200 Hz),sugar,8,10.0,/home/buidl/GitHub-Linux/fly-brain/data/results/nature_2026_07/round_04/genn_t10.0s_n8.parquet,1379181,458,success,2026-06-06 21:42:53,1,time_ms,ms
nature_2026_07,4,GeNN (GPU),genn,Sugar GRNs (200 Hz),sugar,8,100.0,/home/buidl/GitHub-Linux/fly-brain/data/results/nature_2026_07/round_04/genn_t100.0s_n8.parquet,13807796,486,success,2026-06-06 21:45:53,1,time_ms,ms
nature_2026_07,4,GeNN (GPU),genn,Sugar GRNs (200 Hz),sugar,16,0.1,/home/buidl/GitHub-Linux/fly-brain/data/results/nature_2026_07/round_04/genn_t0.1s_n16.parquet,25173,399,success,2026-06-06 21:46:09,1,time_ms,ms
nature_2026_07,4,GeNN (GPU),genn,Sugar GRNs (200 Hz),sugar,16,1.0,/home/buidl/GitHub-Linux/fly-brain/data/results/nature_2026_07/round_04/genn_t1.0s_n16.parquet,273580,444,success,2026-06-06 21:46:40,1,time_ms,ms
nature_2026_07,4,GeNN (GPU),genn,Sugar GRNs (200 Hz),sugar,16,10.0,/home/buidl/GitHub-Linux/fly-brain/data/results/nature_2026_07/round_04/genn_t10.0s_n16.parquet,2754818,463,success,2026-06-06 21:48:35,1,time_ms,ms
nature_2026_07,4,GeNN (GPU),genn,Sugar GRNs (200 Hz),sugar,16,100.0,/home/buidl/GitHub-Linux/fly-brain/data/results/nature_2026_07/round_04/genn_t100.0s_n16.parquet,27622970,493,success,2026-06-06 22:03:49,1,time_ms,ms
nature_2026_07,4,GeNN (GPU),genn,Sugar GRNs (200 Hz),sugar,32,0.1,/home/buidl/GitHub-Linux/fly-brain/data/results/nature_2026_07/round_04/genn_t0.1s_n32.parquet,50115,409,success,2026-06-06 22:04:06,1,time_ms,ms
nature_2026_07,4,GeNN (GPU),genn,Sugar GRNs (200 Hz),sugar,32,1.0,/home/buidl/GitHub-Linux/fly-brain/data/results/nature_2026_07/round_04/genn_t1.0s_n32.parquet,547221,452,success,2026-06-06 22:04:46,1,time_ms,ms
nature_2026_07,4,GeNN (GPU),genn,Sugar GRNs (200 Hz),sugar,32,10.0,/home/buidl/GitHub-Linux/fly-brain/data/results/nature_2026_07/round_04/genn_t10.0s_n32.parquet,5515961,503,success,2026-06-06 22:09:15,1,time_ms,ms
nature_2026_07,4,GeNN (GPU),genn,Sugar GRNs (200 Hz),sugar,32,100.0,/home/buidl/GitHub-Linux/fly-brain/data/results/nature_2026_07/round_04/genn_t100.0s_n32.parquet,55254431,522,success,2026-06-07 00:01:27,1,time_ms,ms
nature_2026_07,4,Brian2GeNN (GPU),brian2genn,Sugar GRNs (200 Hz),sugar,1,0.1,/home/buidl/GitHub-Linux/fly-brain/data/results/nature_2026_07/round_04/brian2genn_t0.1s_n1.parquet,1522,320,success,2026-06-07 19:23:52,1,time_ms,ms
nature_2026_07,4,Brian2GeNN (GPU),brian2genn,Sugar GRNs (200 Hz),sugar,1,1.0,/home/buidl/GitHub-Linux/fly-brain/data/results/nature_2026_07/round_04/brian2genn_t1.0s_n1.parquet,16797,389,success,2026-06-07 19:24:27,1,time_ms,ms
nature_2026_07,4,Brian2GeNN (GPU),brian2genn,Sugar GRNs (200 Hz),sugar,1,10.0,/home/buidl/GitHub-Linux/fly-brain/data/results/nature_2026_07/round_04/brian2genn_t10.0s_n1.parquet,169050,433,success,2026-06-07 19:25:15,1,time_ms,ms
nature_2026_07,4,Brian2GeNN (GPU),brian2genn,Sugar GRNs (200 Hz),sugar,1,100.0,/home/buidl/GitHub-Linux/fly-brain/data/results/nature_2026_07/round_04/brian2genn_t100.0s_n1.parquet,1707181,457,success,2026-06-07 19:29:01,1,time_ms,ms
nature_2026_07,4,Brian2GeNN (GPU),brian2genn,Sugar GRNs (200 Hz),sugar,4,0.1,/home/buidl/GitHub-Linux/fly-brain/data/results/nature_2026_07/round_04/brian2genn_t0.1s_n4.parquet,6063,352,success,2026-06-07 19:31:01,1,time_ms,ms
nature_2026_07,4,Brian2GeNN (GPU),brian2genn,Sugar GRNs (200 Hz),sugar,4,1.0,/home/buidl/GitHub-Linux/fly-brain/data/results/nature_2026_07/round_04/brian2genn_t1.0s_n4.parquet,67929,430,success,2026-06-07 19:33:03,1,time_ms,ms
nature_2026_07,4,Brian2GeNN (GPU),brian2genn,Sugar GRNs (200 Hz),sugar,4,10.0,/home/buidl/GitHub-Linux/fly-brain/data/results/nature_2026_07/round_04/brian2genn_t10.0s_n4.parquet,681058,450,success,2026-06-07 19:36:18,1,time_ms,ms
nature_2026_07,4,Brian2GeNN (GPU),brian2genn,Sugar GRNs (200 Hz),sugar,4,100.0,/home/buidl/GitHub-Linux/fly-brain/data/results/nature_2026_07/round_04/brian2genn_t100.0s_n4.parquet,6824346,471,success,2026-06-07 19:51:21,1,time_ms,ms
nature_2026_07,4,Brian2GeNN (GPU),brian2genn,Sugar GRNs (200 Hz),sugar,8,0.1,/home/buidl/GitHub-Linux/fly-brain/data/results/nature_2026_07/round_04/brian2genn_t0.1s_n8.parquet,12347,373,success,2026-06-07 19:55:22,1,time_ms,ms
nature_2026_07,4,Brian2GeNN (GPU),brian2genn,Sugar GRNs (200 Hz),sugar,8,1.0,/home/buidl/GitHub-Linux/fly-brain/data/results/nature_2026_07/round_04/brian2genn_t1.0s_n8.parquet,134851,437,success,2026-06-07 19:59:33,1,time_ms,ms
nature_2026_07,4,Brian2GeNN (GPU),brian2genn,Sugar GRNs (200 Hz),sugar,8,10.0,/home/buidl/GitHub-Linux/fly-brain/data/results/nature_2026_07/round_04/brian2genn_t10.0s_n8.parquet,1357432,454,success,2026-06-07 20:06:08,1,time_ms,ms
nature_2026_07,4,Brian2GeNN (GPU),brian2genn,Sugar GRNs (200 Hz),sugar,8,100.0,/home/buidl/GitHub-Linux/fly-brain/data/results/nature_2026_07/round_04/brian2genn_t100.0s_n8.parquet,13635323,486,success,2026-06-07 20:36:03,1,time_ms,ms
nature_2026_07,4,Brian2GeNN (GPU),brian2genn,Sugar GRNs (200 Hz),sugar,16,0.1,/home/buidl/GitHub-Linux/fly-brain/data/results/nature_2026_07/round_04/brian2genn_t0.1s_n16.parquet,24884,400,success,2026-06-07 20:43:41,1,time_ms,ms
nature_2026_07,4,Brian2GeNN (GPU),brian2genn,Sugar GRNs (200 Hz),sugar,16,1.0,/home/buidl/GitHub-Linux/fly-brain/data/results/nature_2026_07/round_04/brian2genn_t1.0s_n16.parquet,268773,439,success,2026-06-07 20:52:08,1,time_ms,ms
nature_2026_07,4,Brian2GeNN (GPU),brian2genn,Sugar GRNs (200 Hz),sugar,16,10.0,/home/buidl/GitHub-Linux/fly-brain/data/results/nature_2026_07/round_04/brian2genn_t10.0s_n16.parquet,2715134,461,success,2026-06-07 21:05:11,1,time_ms,ms
nature_2026_07,4,Brian2GeNN (GPU),brian2genn,Sugar GRNs (200 Hz),sugar,16,100.0,/home/buidl/GitHub-Linux/fly-brain/data/results/nature_2026_07/round_04/brian2genn_t100.0s_n16.parquet,27290971,493,success,2026-06-07 22:05:03,1,time_ms,ms
nature_2026_07,4,Brian2GeNN (GPU),brian2genn,Sugar GRNs (200 Hz),sugar,32,0.1,/home/buidl/GitHub-Linux/fly-brain/data/results/nature_2026_07/round_04/brian2genn_t0.1s_n32.parquet,49857,408,success,2026-06-07 22:20:36,1,time_ms,ms
nature_2026_07,4,Brian2GeNN (GPU),brian2genn,Sugar GRNs (200 Hz),sugar,32,1.0,/home/buidl/GitHub-Linux/fly-brain/data/results/nature_2026_07/round_04/brian2genn_t1.0s_n32.parquet,537138,450,success,2026-06-07 22:37:17,1,time_ms,ms
nature_2026_07,4,Brian2GeNN (GPU),brian2genn,Sugar GRNs (200 Hz),sugar,32,10.0,/home/buidl/GitHub-Linux/fly-brain/data/results/nature_2026_07/round_04/brian2genn_t10.0s_n32.parquet,5442195,475,success,2026-06-07 23:03:24,1,time_ms,ms
nature_2026_07,4,Brian2GeNN (GPU),brian2genn,Sugar GRNs (200 Hz),sugar,32,100.0,/home/buidl/GitHub-Linux/fly-brain/data/results/nature_2026_07/round_04/brian2genn_t100.0s_n32.parquet,54588431,495,success,2026-06-08 01:03:58,1,time_ms,ms
nature_2026_07,5,Brian2 (CPU),brian2cpp,Sugar GRNs (200 Hz),sugar,1,0.1,/home/buidl/GitHub-Linux/fly-brain/data/results/nature_2026_07/round_05/brian2cpp_t0.1s_n1.parquet,1513,327,success,2026-05-24 14:22:16,1,time_ms,ms
nature_2026_07,5,Brian2 (CPU),brian2cpp,Sugar GRNs (200 Hz),sugar,1,1.0,/home/buidl/GitHub-Linux/fly-brain/data/results/nature_2026_07/round_05/brian2cpp_t1.0s_n1.parquet,16353,388,success,2026-05-24 14:22:20,1,time_ms,ms
nature_2026_07,5,Brian2 (CPU),brian2cpp,Sugar GRNs (200 Hz),sugar,1,10.0,/home/buidl/GitHub-Linux/fly-brain/data/results/nature_2026_07/round_05/brian2cpp_t10.0s_n1.parquet,170803,431,success,2026-05-24 14:22:48,1,time_ms,ms
nature_2026_07,5,Brian2 (CPU),brian2cpp,Sugar GRNs (200 Hz),sugar,1,100.0,/home/buidl/GitHub-Linux/fly-brain/data/results/nature_2026_07/round_05/brian2cpp_t100.0s_n1.parquet,1704701,452,success,2026-05-24 14:27:17,1,time_ms,ms
nature_2026_07,5,Brian2 (CPU),brian2cpp,Sugar GRNs (200 Hz),sugar,4,0.1,/home/buidl/GitHub-Linux/fly-brain/data/results/nature_2026_07/round_05/brian2cpp_t0.1s_n4.parquet,6528,369,success,2026-05-24 14:27:23,1,time_ms,ms
nature_2026_07,5,Brian2 (CPU),brian2cpp,Sugar GRNs (200 Hz),sugar,4,1.0,/home/buidl/GitHub-Linux/fly-brain/data/results/nature_2026_07/round_05/brian2cpp_t1.0s_n4.parquet,67694,421,success,2026-05-24 14:27:35,1,time_ms,ms
nature_2026_07,5,Brian2 (CPU),brian2cpp,Sugar GRNs (200 Hz),sugar,4,10.0,/home/buidl/GitHub-Linux/fly-brain/data/results/nature_2026_07/round_05/brian2cpp_t10.0s_n4.parquet,681956,447,success,2026-05-24 14:28:42,1,time_ms,ms
nature_2026_07,5,Brian2 (CPU),brian2cpp,Sugar GRNs (200 Hz),sugar,4,100.0,/home/buidl/GitHub-Linux/fly-brain/data/results/nature_2026_07/round_05/brian2cpp_t100.0s_n4.parquet,6825331,469,success,2026-05-24 14:37:50,1,time_ms,ms
nature_2026_07,5,Brian2 (CPU),brian2cpp,Sugar GRNs (200 Hz),sugar,8,0.1,/home/buidl/GitHub-Linux/fly-brain/data/results/nature_2026_07/round_05/brian2cpp_t0.1s_n8.parquet,12170,380,success,2026-05-24 14:37:56,1,time_ms,ms
nature_2026_07,5,Brian2 (CPU),brian2cpp,Sugar GRNs (200 Hz),sugar,8,1.0,/home/buidl/GitHub-Linux/fly-brain/data/results/nature_2026_07/round_05/brian2cpp_t1.0s_n8.parquet,135997,433,success,2026-05-24 14:38:10,1,time_ms,ms
nature_2026_07,5,Brian2 (CPU),brian2cpp,Sugar GRNs (200 Hz),sugar,8,10.0,/home/buidl/GitHub-Linux/fly-brain/data/results/nature_2026_07/round_05/brian2cpp_t10.0s_n8.parquet,1359106,464,success,2026-05-24 14:39:30,1,time_ms,ms
nature_2026_07,5,Brian2 (CPU),brian2cpp,Sugar GRNs (200 Hz),sugar,8,100.0,/home/buidl/GitHub-Linux/fly-brain/data/results/nature_2026_07/round_05/brian2cpp_t100.0s_n8.parquet,13659600,478,success,2026-05-24 14:54:04,1,time_ms,ms
nature_2026_07,5,Brian2 (CPU),brian2cpp,Sugar GRNs (200 Hz),sugar,16,0.1,/home/buidl/GitHub-Linux/fly-brain/data/results/nature_2026_07/round_05/brian2cpp_t0.1s_n16.parquet,24663,384,success,2026-05-24 14:54:12,1,time_ms,ms
nature_2026_07,5,Brian2 (CPU),brian2cpp,Sugar GRNs (200 Hz),sugar,16,1.0,/home/buidl/GitHub-Linux/fly-brain/data/results/nature_2026_07/round_05/brian2cpp_t1.0s_n16.parquet,268788,434,success,2026-05-24 14:54:45,1,time_ms,ms
nature_2026_07,5,Brian2 (CPU),brian2cpp,Sugar GRNs (200 Hz),sugar,16,10.0,/home/buidl/GitHub-Linux/fly-brain/data/results/nature_2026_07/round_05/brian2cpp_t10.0s_n16.parquet,2725579,460,success,2026-05-24 14:58:38,1,time_ms,ms
nature_2026_07,5,Brian2 (CPU),brian2cpp,Sugar GRNs (200 Hz),sugar,16,100.0,/home/buidl/GitHub-Linux/fly-brain/data/results/nature_2026_07/round_05/brian2cpp_t100.0s_n16.parquet,27293859,498,success,2026-05-24 15:36:08,1,time_ms,ms
nature_2026_07,5,Brian2 (CPU),brian2cpp,Sugar GRNs (200 Hz),sugar,32,0.1,/home/buidl/GitHub-Linux/fly-brain/data/results/nature_2026_07/round_05/brian2cpp_t0.1s_n32.parquet,49520,404,success,2026-05-24 15:36:44,1,time_ms,ms
nature_2026_07,5,Brian2 (CPU),brian2cpp,Sugar GRNs (200 Hz),sugar,32,1.0,/home/buidl/GitHub-Linux/fly-brain/data/results/nature_2026_07/round_05/brian2cpp_t1.0s_n32.parquet,538814,448,success,2026-05-24 15:38:02,1,time_ms,ms
nature_2026_07,5,Brian2 (CPU),brian2cpp,Sugar GRNs (200 Hz),sugar,32,10.0,/home/buidl/GitHub-Linux/fly-brain/data/results/nature_2026_07/round_05/brian2cpp_t10.0s_n32.parquet,5451419,464,success,2026-05-24 15:45:54,1,time_ms,ms
nature_2026_07,5,Brian2 (CPU),brian2cpp,Sugar GRNs (200 Hz),sugar,32,100.0,/home/buidl/GitHub-Linux/fly-brain/data/results/nature_2026_07/round_05/brian2cpp_t100.0s_n32.parquet,54602045,494,success,2026-05-24 17:00:36,1,time_ms,ms
nature_2026_07,5,Brian2CUDA (GPU),brian2cuda,Sugar GRNs (200 Hz),sugar,1,0.1,/home/buidl/GitHub-Linux/fly-brain/data/results/nature_2026_07/round_05/brian2cuda_t0.1s_n1.parquet,1576,324,success,2026-05-24 17:01:10,1,time_ms,ms
nature_2026_07,5,Brian2CUDA (GPU),brian2cuda,Sugar GRNs (200 Hz),sugar,1,1.0,/home/buidl/GitHub-Linux/fly-brain/data/results/nature_2026_07/round_05/brian2cuda_t1.0s_n1.parquet,16997,397,success,2026-05-24 17:01:42,1,time_ms,ms
nature_2026_07,5,Brian2CUDA (GPU),brian2cuda,Sugar GRNs (200 Hz),sugar,1,10.0,/home/buidl/GitHub-Linux/fly-brain/data/results/nature_2026_07/round_05/brian2cuda_t10.0s_n1.parquet,169509,432,success,2026-05-24 17:02:45,1,time_ms,ms
nature_2026_07,5,Brian2CUDA (GPU),brian2cuda,Sugar GRNs (200 Hz),sugar,1,100.0,/home/buidl/GitHub-Linux/fly-brain/data/results/nature_2026_07/round_05/brian2cuda_t100.0s_n1.parquet,1708263,456,success,2026-05-24 17:09:00,1,time_ms,ms
nature_2026_07,5,Brian2CUDA (GPU),brian2cuda,Sugar GRNs (200 Hz),sugar,4,0.1,/home/buidl/GitHub-Linux/fly-brain/data/results/nature_2026_07/round_05/brian2cuda_t0.1s_n4.parquet,6127,363,success,2026-05-24 17:09:58,1,time_ms,ms
nature_2026_07,5,Brian2CUDA (GPU),brian2cuda,Sugar GRNs (200 Hz),sugar,4,1.0,/home/buidl/GitHub-Linux/fly-brain/data/results/nature_2026_07/round_05/brian2cuda_t1.0s_n4.parquet,68092,427,success,2026-05-24 17:11:03,1,time_ms,ms
nature_2026_07,5,Brian2CUDA (GPU),brian2cuda,Sugar GRNs (200 Hz),sugar,4,10.0,/home/buidl/GitHub-Linux/fly-brain/data/results/nature_2026_07/round_05/brian2cuda_t10.0s_n4.parquet,683203,449,success,2026-05-24 17:14:14,1,time_ms,ms
nature_2026_07,5,Brian2CUDA (GPU),brian2cuda,Sugar GRNs (200 Hz),sugar,4,100.0,/home/buidl/GitHub-Linux/fly-brain/data/results/nature_2026_07/round_05/brian2cuda_t100.0s_n4.parquet,6829511,466,success,2026-05-24 17:40:33,1,time_ms,ms
nature_2026_07,5,Brian2CUDA (GPU),brian2cuda,Sugar GRNs (200 Hz),sugar,8,0.1,/home/buidl/GitHub-Linux/fly-brain/data/results/nature_2026_07/round_05/brian2cuda_t0.1s_n8.parquet,12438,371,success,2026-05-24 17:43:09,1,time_ms,ms
nature_2026_07,5,Brian2CUDA (GPU),brian2cuda,Sugar GRNs (200 Hz),sugar,8,1.0,/home/buidl/GitHub-Linux/fly-brain/data/results/nature_2026_07/round_05/brian2cuda_t1.0s_n8.parquet,135891,436,success,2026-05-24 17:46:27,1,time_ms,ms
nature_2026_07,5,Brian2CUDA (GPU),brian2cuda,Sugar GRNs (200 Hz),sugar,8,10.0,/home/buidl/GitHub-Linux/fly-brain/data/results/nature_2026_07/round_05/brian2cuda_t10.0s_n8.parquet,1366089,453,success,2026-05-24 17:55:29,1,time_ms,ms
nature_2026_07,5,Brian2CUDA (GPU),brian2cuda,Sugar GRNs (200 Hz),sugar,8,100.0,/home/buidl/GitHub-Linux/fly-brain/data/results/nature_2026_07/round_05/brian2cuda_t100.0s_n8.parquet,13658702,482,success,2026-05-24 19:15:14,1,time_ms,ms
nature_2026_07,5,Brian2CUDA (GPU),brian2cuda,Sugar GRNs (200 Hz),sugar,16,0.1,/home/buidl/GitHub-Linux/fly-brain/data/results/nature_2026_07/round_05/brian2cuda_t0.1s_n16.parquet,24252,377,success,2026-05-24 19:19:54,1,time_ms,ms
nature_2026_07,5,Brian2CUDA (GPU),brian2cuda,Sugar GRNs (200 Hz),sugar,16,1.0,/home/buidl/GitHub-Linux/fly-brain/data/results/nature_2026_07/round_05/brian2cuda_t1.0s_n16.parquet,271857,438,success,2026-05-24 19:25:01,1,time_ms,ms
nature_2026_07,5,Brian2CUDA (GPU),brian2cuda,Sugar GRNs (200 Hz),sugar,16,10.0,/home/buidl/GitHub-Linux/fly-brain/data/results/nature_2026_07/round_05/brian2cuda_t10.0s_n16.parquet,2728315,457,success,2026-05-24 19:37:47,1,time_ms,ms
nature_2026_07,5,Brian2CUDA (GPU),brian2cuda,Sugar GRNs (200 Hz),sugar,16,100.0,/home/buidl/GitHub-Linux/fly-brain/data/results/nature_2026_07/round_05/brian2cuda_t100.0s_n16.parquet,27305371,488,success,2026-05-24 22:02:50,1,time_ms,ms
nature_2026_07,5,Brian2CUDA (GPU),brian2cuda,Sugar GRNs (200 Hz),sugar,32,0.1,/home/buidl/GitHub-Linux/fly-brain/data/results/nature_2026_07/round_05/brian2cuda_t0.1s_n32.parquet,49410,411,success,2026-05-24 22:07:45,1,time_ms,ms
nature_2026_07,5,Brian2CUDA (GPU),brian2cuda,Sugar GRNs (200 Hz),sugar,32,1.0,/home/buidl/GitHub-Linux/fly-brain/data/results/nature_2026_07/round_05/brian2cuda_t1.0s_n32.parquet,540937,447,success,2026-05-24 22:14:15,1,time_ms,ms
nature_2026_07,5,Brian2CUDA (GPU),brian2cuda,Sugar GRNs (200 Hz),sugar,32,10.0,/home/buidl/GitHub-Linux/fly-brain/data/results/nature_2026_07/round_05/brian2cuda_t10.0s_n32.parquet,5460091,469,success,2026-05-24 22:53:36,1,time_ms,ms
nature_2026_07,5,Brian2CUDA (GPU),brian2cuda,Sugar GRNs (200 Hz),sugar,32,100.0,/home/buidl/GitHub-Linux/fly-brain/data/results/nature_2026_07/round_05/brian2cuda_t100.0s_n32.parquet,54624271,496,success,2026-05-25 03:29:54,1,time_ms,ms
nature_2026_07,5,PyTorch (CUDA),pytorch,Sugar GRNs (200 Hz),sugar,1,0.1,/home/buidl/GitHub-Linux/fly-brain/data/results/nature_2026_07/round_05/pytorch_t0.1s_n1.parquet,1423,319,success,2026-07-13 21:03:38,1,time_ms,ms
nature_2026_07,5,PyTorch (CUDA),pytorch,Sugar GRNs (200 Hz),sugar,1,1.0,/home/buidl/GitHub-Linux/fly-brain/data/results/nature_2026_07/round_05/pytorch_t1.0s_n1.parquet,17383,395,success,2026-07-13 21:03:48,1,time_ms,ms
nature_2026_07,5,PyTorch (CUDA),pytorch,Sugar GRNs (200 Hz),sugar,1,10.0,/home/buidl/GitHub-Linux/fly-brain/data/results/nature_2026_07/round_05/pytorch_t10.0s_n1.parquet,172445,441,success,2026-07-13 21:05:39,1,time_ms,ms
nature_2026_07,5,PyTorch (CUDA),pytorch,Sugar GRNs (200 Hz),sugar,1,100.0,/home/buidl/GitHub-Linux/fly-brain/data/results/nature_2026_07/round_05/pytorch_t100.0s_n1.parquet,1734362,462,success,2026-07-13 21:21:32,1,time_ms,ms
nature_2026_07,5,PyTorch (CUDA),pytorch,Sugar GRNs (200 Hz),sugar,4,0.1,/home/buidl/GitHub-Linux/fly-brain/data/results/nature_2026_07/round_05/pytorch_t0.1s_n4.parquet,6146,369,success,2026-07-13 21:21:36,1,time_ms,ms
nature_2026_07,5,PyTorch (CUDA),pytorch,Sugar GRNs (200 Hz),sugar,4,1.0,/home/buidl/GitHub-Linux/fly-brain/data/results/nature_2026_07/round_05/pytorch_t1.0s_n4.parquet,68438,424,success,2026-07-13 21:22:09,1,time_ms,ms
nature_2026_07,5,PyTorch (CUDA),pytorch,Sugar GRNs (200 Hz),sugar,4,10.0,/home/buidl/GitHub-Linux/fly-brain/data/results/nature_2026_07/round_05/pytorch_t10.0s_n4.parquet,688552,448,success,2026-07-13 21:27:24,1,time_ms,ms
nature_2026_07,5,PyTorch (CUDA),pytorch,Sugar GRNs (200 Hz),sugar,4,100.0,/home/buidl/GitHub-Linux/fly-brain/data/results/nature_2026_07/round_05/pytorch_t100.0s_n4.parquet,6922686,474,success,2026-07-13 22:20:22,1,time_ms,ms
nature_2026_07,5,PyTorch (CUDA),pytorch,Sugar GRNs (200 Hz),sugar,8,0.1,/home/buidl/GitHub-Linux/fly-brain/data/results/nature_2026_07/round_05/pytorch_t0.1s_n8.parquet,12879,379,success,2026-07-13 22:20:29,1,time_ms,ms
nature_2026_07,5,PyTorch (CUDA),pytorch,Sugar GRNs (200 Hz),sugar,8,1.0,/home/buidl/GitHub-Linux/fly-brain/data/results/nature_2026_07/round_05/pytorch_t1.0s_n8.parquet,136417,432,success,2026-07-13 22:21:18,1,time_ms,ms
nature_2026_07,5,PyTorch (CUDA),pytorch,Sugar GRNs (200 Hz),sugar,8,10.0,/home/buidl/GitHub-Linux/fly-brain/data/results/nature_2026_07/round_05/pytorch_t10.0s_n8.parquet,1384109,457,success,2026-07-13 22:29:14,1,time_ms,ms
nature_2026_07,5,PyTorch (CUDA),pytorch,Sugar GRNs (200 Hz),sugar,8,100.0,/home/buidl/GitHub-Linux/fly-brain/data/results/nature_2026_07/round_05/pytorch_t100.0s_n8.parquet,13844753,489,success,2026-07-13 23:48:46,1,time_ms,ms
nature_2026_07,5,PyTorch (CUDA),pytorch,Sugar GRNs (200 Hz),sugar,16,0.1,/home/buidl/GitHub-Linux/fly-brain/data/results/nature_2026_07/round_05/pytorch_t0.1s_n16.parquet,25122,397,success,2026-07-13 23:48:56,1,time_ms,ms
nature_2026_07,5,PyTorch (CUDA),pytorch,Sugar GRNs (200 Hz),sugar,16,1.0,/home/buidl/GitHub-Linux/fly-brain/data/results/nature_2026_07/round_05/pytorch_t1.0s_n16.parquet,272495,447,success,2026-07-13 23:50:25,1,time_ms,ms
nature_2026_07,5,PyTorch (CUDA),pytorch,Sugar GRNs (200 Hz),sugar,16,10.0,/home/buidl/GitHub-Linux/fly-brain/data/results/nature_2026_07/round_05/pytorch_t10.0s_n16.parquet,2770343,465,success,2026-07-14 00:05:08,1,time_ms,ms
nature_2026_07,5,PyTorch (CUDA),pytorch,Sugar GRNs (200 Hz),sugar,16,100.0,/home/buidl/GitHub-Linux/fly-brain/data/results/nature_2026_07/round_05/pytorch_t100.0s_n16.parquet,27670000,493,success,2026-07-14 02:32:23,1,time_ms,ms
nature_2026_07,5,PyTorch (CUDA),pytorch,Sugar GRNs (200 Hz),sugar,32,0.1,/home/buidl/GitHub-Linux/fly-brain/data/results/nature_2026_07/round_05/pytorch_t0.1s_n32.parquet,49843,398,success,2026-07-14 02:32:42,1,time_ms,ms
nature_2026_07,5,PyTorch (CUDA),pytorch,Sugar GRNs (200 Hz),sugar,32,1.0,/home/buidl/GitHub-Linux/fly-brain/data/results/nature_2026_07/round_05/pytorch_t1.0s_n32.parquet,549483,449,success,2026-07-14 02:35:41,1,time_ms,ms
nature_2026_07,5,PyTorch (CUDA),pytorch,Sugar GRNs (200 Hz),sugar,32,10.0,/home/buidl/GitHub-Linux/fly-brain/data/results/nature_2026_07/round_05/pytorch_t10.0s_n32.parquet,5531726,476,success,2026-07-14 03:05:30,1,time_ms,ms
nature_2026_07,5,PyTorch (CUDA),pytorch,Sugar GRNs (200 Hz),sugar,32,100.0,/home/buidl/GitHub-Linux/fly-brain/data/results/nature_2026_07/round_05/pytorch_t100.0s_n32.parquet,55387231,499,success,2026-07-14 08:04:56,1,time_ms,ms
nature_2026_07,5,NEST GPU,nestgpu,Sugar GRNs (200 Hz),sugar,1,0.1,/home/buidl/GitHub-Linux/fly-brain/data/results/nature_2026_07/round_05/nestgpu_t0.1s_n1.parquet,1472,338,success,2026-07-14 08:05:50,1,time_ms,ms
nature_2026_07,5,NEST GPU,nestgpu,Sugar GRNs (200 Hz),sugar,1,1.0,/home/buidl/GitHub-Linux/fly-brain/data/results/nature_2026_07/round_05/nestgpu_t1.0s_n1.parquet,17233,412,success,2026-07-14 08:05:57,1,time_ms,ms
nature_2026_07,5,NEST GPU,nestgpu,Sugar GRNs (200 Hz),sugar,1,10.0,/home/buidl/GitHub-Linux/fly-brain/data/results/nature_2026_07/round_05/nestgpu_t10.0s_n1.parquet,172561,433,success,2026-07-14 08:06:12,1,time_ms,ms
nature_2026_07,5,NEST GPU,nestgpu,Sugar GRNs (200 Hz),sugar,1,100.0,/home/buidl/GitHub-Linux/fly-brain/data/results/nature_2026_07/round_05/nestgpu_t100.0s_n1.parquet,1727992,456,success,2026-07-14 08:07:58,1,time_ms,ms
nature_2026_07,5,NEST GPU,nestgpu,Sugar GRNs (200 Hz),sugar,4,0.1,/home/buidl/GitHub-Linux/fly-brain/data/results/nature_2026_07/round_05/nestgpu_t0.1s_n4.parquet,5888,338,success,2026-07-14 08:08:21,1,time_ms,ms
nature_2026_07,5,NEST GPU,nestgpu,Sugar GRNs (200 Hz),sugar,4,1.0,/home/buidl/GitHub-Linux/fly-brain/data/results/nature_2026_07/round_05/nestgpu_t1.0s_n4.parquet,68932,412,success,2026-07-14 08:08:46,1,time_ms,ms
nature_2026_07,5,NEST GPU,nestgpu,Sugar GRNs (200 Hz),sugar,4,10.0,/home/buidl/GitHub-Linux/fly-brain/data/results/nature_2026_07/round_05/nestgpu_t10.0s_n4.parquet,690244,433,success,2026-07-14 08:09:46,1,time_ms,ms
nature_2026_07,5,NEST GPU,nestgpu,Sugar GRNs (200 Hz),sugar,4,100.0,/home/buidl/GitHub-Linux/fly-brain/data/results/nature_2026_07/round_05/nestgpu_t100.0s_n4.parquet,6911968,456,success,2026-07-14 08:16:57,1,time_ms,ms
nature_2026_07,5,NEST GPU,nestgpu,Sugar GRNs (200 Hz),sugar,8,0.1,/home/buidl/GitHub-Linux/fly-brain/data/results/nature_2026_07/round_05/nestgpu_t0.1s_n8.parquet,11776,338,success,2026-07-14 08:17:41,1,time_ms,ms
nature_2026_07,5,NEST GPU,nestgpu,Sugar GRNs (200 Hz),sugar,8,1.0,/home/buidl/GitHub-Linux/fly-brain/data/results/nature_2026_07/round_05/nestgpu_t1.0s_n8.parquet,137864,412,success,2026-07-14 08:18:29,1,time_ms,ms
nature_2026_07,5,NEST GPU,nestgpu,Sugar GRNs (200 Hz),sugar,8,10.0,/home/buidl/GitHub-Linux/fly-brain/data/results/nature_2026_07/round_05/nestgpu_t10.0s_n8.parquet,1380488,433,success,2026-07-14 08:20:28,1,time_ms,ms
nature_2026_07,5,NEST GPU,nestgpu,Sugar GRNs (200 Hz),sugar,8,100.0,/home/buidl/GitHub-Linux/fly-brain/data/results/nature_2026_07/round_05/nestgpu_t100.0s_n8.parquet,13823936,456,success,2026-07-14 08:34:41,1,time_ms,ms
nature_2026_07,5,NEST GPU,nestgpu,Sugar GRNs (200 Hz),sugar,16,0.1,/home/buidl/GitHub-Linux/fly-brain/data/results/nature_2026_07/round_05/nestgpu_t0.1s_n16.parquet,23552,338,success,2026-07-14 08:36:09,1,time_ms,ms
nature_2026_07,5,NEST GPU,nestgpu,Sugar GRNs (200 Hz),sugar,16,1.0,/home/buidl/GitHub-Linux/fly-brain/data/results/nature_2026_07/round_05/nestgpu_t1.0s_n16.parquet,275728,412,success,2026-07-14 08:37:47,1,time_ms,ms
nature_2026_07,5,NEST GPU,nestgpu,Sugar GRNs (200 Hz),sugar,16,10.0,/home/buidl/GitHub-Linux/fly-brain/data/results/nature_2026_07/round_05/nestgpu_t10.0s_n16.parquet,2760976,433,success,2026-07-14 08:41:44,1,time_ms,ms
nature_2026_07,5,NEST GPU,nestgpu,Sugar GRNs (200 Hz),sugar,16,100.0,/home/buidl/GitHub-Linux/fly-brain/data/results/nature_2026_07/round_05/nestgpu_t100.0s_n16.parquet,27647872,456,success,2026-07-14 09:10:17,1,time_ms,ms
nature_2026_07,5,NEST GPU,nestgpu,Sugar GRNs (200 Hz),sugar,32,0.1,/home/buidl/GitHub-Linux/fly-brain/data/results/nature_2026_07/round_05/nestgpu_t0.1s_n32.parquet,47104,338,success,2026-07-14 09:13:08,1,time_ms,ms
nature_2026_07,5,NEST GPU,nestgpu,Sugar GRNs (200 Hz),sugar,32,1.0,/home/buidl/GitHub-Linux/fly-brain/data/results/nature_2026_07/round_05/nestgpu_t1.0s_n32.parquet,551456,412,success,2026-07-14 09:16:25,1,time_ms,ms
nature_2026_07,5,NEST GPU,nestgpu,Sugar GRNs (200 Hz),sugar,32,10.0,/home/buidl/GitHub-Linux/fly-brain/data/results/nature_2026_07/round_05/nestgpu_t10.0s_n32.parquet,5521952,433,success,2026-07-14 09:24:41,1,time_ms,ms
nature_2026_07,5,NEST GPU,nestgpu,Sugar GRNs (200 Hz),sugar,32,100.0,/home/buidl/GitHub-Linux/fly-brain/data/results/nature_2026_07/round_05/nestgpu_t100.0s_n32.parquet,55295744,456,success,2026-07-14 10:24:43,1,time_ms,ms
nature_2026_07,5,GeNN (GPU),genn,Sugar GRNs (200 Hz),sugar,1,0.1,/home/buidl/GitHub-Linux/fly-brain/data/results/nature_2026_07/round_05/genn_t0.1s_n1.parquet,1443,315,success,2026-06-07 00:01:40,1,time_ms,ms
nature_2026_07,5,GeNN (GPU),genn,Sugar GRNs (200 Hz),sugar,1,1.0,/home/buidl/GitHub-Linux/fly-brain/data/results/nature_2026_07/round_05/genn_t1.0s_n1.parquet,16978,386,success,2026-06-07 00:01:55,1,time_ms,ms
nature_2026_07,5,GeNN (GPU),genn,Sugar GRNs (200 Hz),sugar,1,10.0,/home/buidl/GitHub-Linux/fly-brain/data/results/nature_2026_07/round_05/genn_t10.0s_n1.parquet,173131,438,success,2026-06-07 00:02:16,1,time_ms,ms
nature_2026_07,5,GeNN (GPU),genn,Sugar GRNs (200 Hz),sugar,1,100.0,/home/buidl/GitHub-Linux/fly-brain/data/results/nature_2026_07/round_05/genn_t100.0s_n1.parquet,1725771,466,success,2026-06-07 00:03:24,1,time_ms,ms
nature_2026_07,5,GeNN (GPU),genn,Sugar GRNs (200 Hz),sugar,4,0.1,/home/buidl/GitHub-Linux/fly-brain/data/results/nature_2026_07/round_05/genn_t0.1s_n4.parquet,6217,363,success,2026-06-07 00:03:38,1,time_ms,ms
nature_2026_07,5,GeNN (GPU),genn,Sugar GRNs (200 Hz),sugar,4,1.0,/home/buidl/GitHub-Linux/fly-brain/data/results/nature_2026_07/round_05/genn_t1.0s_n4.parquet,68189,434,success,2026-06-07 00:03:53,1,time_ms,ms
nature_2026_07,5,GeNN (GPU),genn,Sugar GRNs (200 Hz),sugar,4,10.0,/home/buidl/GitHub-Linux/fly-brain/data/results/nature_2026_07/round_05/genn_t10.0s_n4.parquet,690425,447,success,2026-06-07 00:04:21,1,time_ms,ms
nature_2026_07,5,GeNN (GPU),genn,Sugar GRNs (200 Hz),sugar,4,100.0,/home/buidl/GitHub-Linux/fly-brain/data/results/nature_2026_07/round_05/genn_t100.0s_n4.parquet,6900210,480,success,2026-06-07 00:06:09,1,time_ms,ms
nature_2026_07,5,GeNN (GPU),genn,Sugar GRNs (200 Hz),sugar,8,0.1,/home/buidl/GitHub-Linux/fly-brain/data/results/nature_2026_07/round_05/genn_t0.1s_n8.parquet,12458,375,success,2026-06-07 00:06:23,1,time_ms,ms
nature_2026_07,5,GeNN (GPU),genn,Sugar GRNs (200 Hz),sugar,8,1.0,/home/buidl/GitHub-Linux/fly-brain/data/results/nature_2026_07/round_05/genn_t1.0s_n8.parquet,136329,436,success,2026-06-07 00:06:39,1,time_ms,ms
nature_2026_07,5,GeNN (GPU),genn,Sugar GRNs (200 Hz),sugar,8,10.0,/home/buidl/GitHub-Linux/fly-brain/data/results/nature_2026_07/round_05/genn_t10.0s_n8.parquet,1379181,458,success,2026-06-07 00:07:20,1,time_ms,ms
nature_2026_07,5,GeNN (GPU),genn,Sugar GRNs (200 Hz),sugar,8,100.0,/home/buidl/GitHub-Linux/fly-brain/data/results/nature_2026_07/round_05/genn_t100.0s_n8.parquet,13807796,486,success,2026-06-07 00:10:13,1,time_ms,ms
nature_2026_07,5,GeNN (GPU),genn,Sugar GRNs (200 Hz),sugar,16,0.1,/home/buidl/GitHub-Linux/fly-brain/data/results/nature_2026_07/round_05/genn_t0.1s_n16.parquet,25173,399,success,2026-06-07 00:10:27,1,time_ms,ms
nature_2026_07,5,GeNN (GPU),genn,Sugar GRNs (200 Hz),sugar,16,1.0,/home/buidl/GitHub-Linux/fly-brain/data/results/nature_2026_07/round_05/genn_t1.0s_n16.parquet,273580,444,success,2026-06-07 00:10:52,1,time_ms,ms
nature_2026_07,5,GeNN (GPU),genn,Sugar GRNs (200 Hz),sugar,16,10.0,/home/buidl/GitHub-Linux/fly-brain/data/results/nature_2026_07/round_05/genn_t10.0s_n16.parquet,2754818,463,success,2026-06-07 00:12:47,1,time_ms,ms
nature_2026_07,5,GeNN (GPU),genn,Sugar GRNs (200 Hz),sugar,16,100.0,/home/buidl/GitHub-Linux/fly-brain/data/results/nature_2026_07/round_05/genn_t100.0s_n16.parquet,27622970,493,success,2026-06-07 00:28:03,1,time_ms,ms
nature_2026_07,5,GeNN (GPU),genn,Sugar GRNs (200 Hz),sugar,32,0.1,/home/buidl/GitHub-Linux/fly-brain/data/results/nature_2026_07/round_05/genn_t0.1s_n32.parquet,50115,409,success,2026-06-07 00:28:20,1,time_ms,ms
nature_2026_07,5,GeNN (GPU),genn,Sugar GRNs (200 Hz),sugar,32,1.0,/home/buidl/GitHub-Linux/fly-brain/data/results/nature_2026_07/round_05/genn_t1.0s_n32.parquet,547221,452,success,2026-06-07 00:29:03,1,time_ms,ms
nature_2026_07,5,GeNN (GPU),genn,Sugar GRNs (200 Hz),sugar,32,10.0,/home/buidl/GitHub-Linux/fly-brain/data/results/nature_2026_07/round_05/genn_t10.0s_n32.parquet,5515961,503,success,2026-06-07 00:33:30,1,time_ms,ms
nature_2026_07,5,GeNN (GPU),genn,Sugar GRNs (200 Hz),sugar,32,100.0,/home/buidl/GitHub-Linux/fly-brain/data/results/nature_2026_07/round_05/genn_t100.0s_n32.parquet,55256002,522,success,2026-06-07 01:14:58,1,time_ms,ms
nature_2026_07,5,Brian2GeNN (GPU),brian2genn,Sugar GRNs (200 Hz),sugar,1,0.1,/home/buidl/GitHub-Linux/fly-brain/data/results/nature_2026_07/round_05/brian2genn_t0.1s_n1.parquet,1518,320,success,2026-06-08 01:04:28,1,time_ms,ms
nature_2026_07,5,Brian2GeNN (GPU),brian2genn,Sugar GRNs (200 Hz),sugar,1,1.0,/home/buidl/GitHub-Linux/fly-brain/data/results/nature_2026_07/round_05/brian2genn_t1.0s_n1.parquet,16897,392,success,2026-06-08 01:04:59,1,time_ms,ms
nature_2026_07,5,Brian2GeNN (GPU),brian2genn,Sugar GRNs (200 Hz),sugar,1,10.0,/home/buidl/GitHub-Linux/fly-brain/data/results/nature_2026_07/round_05/brian2genn_t10.0s_n1.parquet,169652,433,success,2026-06-08 01:05:47,1,time_ms,ms
nature_2026_07,5,Brian2GeNN (GPU),brian2genn,Sugar GRNs (200 Hz),sugar,1,100.0,/home/buidl/GitHub-Linux/fly-brain/data/results/nature_2026_07/round_05/brian2genn_t100.0s_n1.parquet,1702929,453,success,2026-06-08 01:09:30,1,time_ms,ms
nature_2026_07,5,Brian2GeNN (GPU),brian2genn,Sugar GRNs (200 Hz),sugar,4,0.1,/home/buidl/GitHub-Linux/fly-brain/data/results/nature_2026_07/round_05/brian2genn_t0.1s_n4.parquet,6082,357,success,2026-06-08 01:11:26,1,time_ms,ms
nature_2026_07,5,Brian2GeNN (GPU),brian2genn,Sugar GRNs (200 Hz),sugar,4,1.0,/home/buidl/GitHub-Linux/fly-brain/data/results/nature_2026_07/round_05/brian2genn_t1.0s_n4.parquet,67716,420,success,2026-06-08 01:13:28,1,time_ms,ms
nature_2026_07,5,Brian2GeNN (GPU),brian2genn,Sugar GRNs (200 Hz),sugar,4,10.0,/home/buidl/GitHub-Linux/fly-brain/data/results/nature_2026_07/round_05/brian2genn_t10.0s_n4.parquet,678989,450,success,2026-06-08 01:16:41,1,time_ms,ms
nature_2026_07,5,Brian2GeNN (GPU),brian2genn,Sugar GRNs (200 Hz),sugar,4,100.0,/home/buidl/GitHub-Linux/fly-brain/data/results/nature_2026_07/round_05/brian2genn_t100.0s_n4.parquet,6808672,468,success,2026-06-08 01:31:36,1,time_ms,ms
nature_2026_07,5,Brian2GeNN (GPU),brian2genn,Sugar GRNs (200 Hz),sugar,8,0.1,/home/buidl/GitHub-Linux/fly-brain/data/results/nature_2026_07/round_05/brian2genn_t0.1s_n8.parquet,12039,364,success,2026-06-08 01:35:26,1,time_ms,ms
nature_2026_07,5,Brian2GeNN (GPU),brian2genn,Sugar GRNs (200 Hz),sugar,8,1.0,/home/buidl/GitHub-Linux/fly-brain/data/results/nature_2026_07/round_05/brian2genn_t1.0s_n8.parquet,135494,430,success,2026-06-08 01:39:31,1,time_ms,ms
nature_2026_07,5,Brian2GeNN (GPU),brian2genn,Sugar GRNs (200 Hz),sugar,8,10.0,/home/buidl/GitHub-Linux/fly-brain/data/results/nature_2026_07/round_05/brian2genn_t10.0s_n8.parquet,1361597,461,success,2026-06-08 01:46:02,1,time_ms,ms
nature_2026_07,5,Brian2GeNN (GPU),brian2genn,Sugar GRNs (200 Hz),sugar,8,100.0,/home/buidl/GitHub-Linux/fly-brain/data/results/nature_2026_07/round_05/brian2genn_t100.0s_n8.parquet,13641296,484,success,2026-06-08 02:15:55,1,time_ms,ms
nature_2026_07,5,Brian2GeNN (GPU),brian2genn,Sugar GRNs (200 Hz),sugar,16,0.1,/home/buidl/GitHub-Linux/fly-brain/data/results/nature_2026_07/round_05/brian2genn_t0.1s_n16.parquet,24232,391,success,2026-06-08 02:23:43,1,time_ms,ms
nature_2026_07,5,Brian2GeNN (GPU),brian2genn,Sugar GRNs (200 Hz),sugar,16,1.0,/home/buidl/GitHub-Linux/fly-brain/data/results/nature_2026_07/round_05/brian2genn_t1.0s_n16.parquet,271619,436,success,2026-06-08 02:32:05,1,time_ms,ms
nature_2026_07,5,Brian2GeNN (GPU),brian2genn,Sugar GRNs (200 Hz),sugar,16,10.0,/home/buidl/GitHub-Linux/fly-brain/data/results/nature_2026_07/round_05/brian2genn_t10.0s_n16.parquet,2725583,464,success,2026-06-08 02:45:07,1,time_ms,ms
nature_2026_07,5,Brian2GeNN (GPU),brian2genn,Sugar GRNs (200 Hz),sugar,16,100.0,/home/buidl/GitHub-Linux/fly-brain/data/results/nature_2026_07/round_05/brian2genn_t100.0s_n16.parquet,27285487,491,success,2026-06-08 03:45:51,1,time_ms,ms
nature_2026_07,5,Brian2GeNN (GPU),brian2genn,Sugar GRNs (200 Hz),sugar,32,0.1,/home/buidl/GitHub-Linux/fly-brain/data/results/nature_2026_07/round_05/brian2genn_t0.1s_n32.parquet,48826,400,success,2026-06-08 04:02:48,1,time_ms,ms
nature_2026_07,5,Brian2GeNN (GPU),brian2genn,Sugar GRNs (200 Hz),sugar,32,1.0,/home/buidl/GitHub-Linux/fly-brain/data/results/nature_2026_07/round_05/brian2genn_t1.0s_n32.parquet,541819,451,success,2026-06-08 04:20:46,1,time_ms,ms
nature_2026_07,5,Brian2GeNN (GPU),brian2genn,Sugar GRNs (200 Hz),sugar,32,10.0,/home/buidl/GitHub-Linux/fly-brain/data/results/nature_2026_07/round_05/brian2genn_t10.0s_n32.parquet,5453625,474,success,2026-06-08 04:47:22,1,time_ms,ms
nature_2026_07,5,Brian2GeNN (GPU),brian2genn,Sugar GRNs (200 Hz),sugar,32,100.0,/home/buidl/GitHub-Linux/fly-brain/data/results/nature_2026_07/round_05/brian2genn_t100.0s_n32.parquet,54580122,498,success,2026-06-08 06:47:47,1,time_ms,ms
